id,name,category,rating,url,description
wx82ab33c36c2f45dd,0377招聘网,Mini Program,,,0377招聘网丨覆盖唐河招聘、社旗招聘、内乡招聘、镇平招聘、淅川招聘、新野招聘、方城招聘、邓州招聘、唐河找工作、社旗找工作、内乡找工作、镇平找工作、淅川找工作、新野找工作、方城找工作、邓州找工作的高效招人才平台
wxd943c59825947cbe,0379招个才丨求职招聘找工作,Mini Program,,,专注于为洛阳地区提供招聘服务的细分型平台，为您提供更加精准、贴心的求职招聘解决方案。
wxf2ddf381fd7da35b,0元地铁护航电竞,Mini Program,,,0元地铁护航电竞三角洲护航0元地铁护航电竞三角洲护航0元地铁护航电竞三角洲护航0元地铁护航电竞三角洲护航0元地铁护航电竞三角洲护航0元地铁护航电竞三角洲护航0元地铁护航电竞三角洲护航0元地铁护航电竞三角洲护航0元地铁护航电竞三角洲护航
wx0bc0c937087d206b,100以内数学题卡日日练,Mini Program,,,100以内加减法题卡训练，适合幼小衔接阶段
wx6bc378397ff99465,101校园点餐,Mini Program,,,北京101中学校园点餐小程序
wx7319641e907cbb71,114挂号 医查查就医服务,Mini Program,,,114挂号 就医服务平台，提供全国预约挂号、北京114挂号、四川114挂号、北京114预约挂号、就医陪诊、疾病查询、体检、健康知识等服务，基于AI智能交互，覆盖北京上海广州深圳重庆成都等全国城市。
wxc7822517eb025828,114挂号 号百就医服务,Mini Program,,,114挂号就医服务平台 提供北京、成都等全国多地300家医院预约挂号服务，包括华西、协和、积水潭，北大六院、北大一院、北京安定医院、301军总等重点三甲医院，四川、北京统一预约挂号平台提供预约挂号、就医陪诊、疾病查询、体检、健康知识等服务
wxd86906df6b0a5844,118114聪明生活,Mini Program,,,中国电信江苏公司打造的整合优质生活权益、5G通信助理、电信积分商城、iTV电视、观影娱乐等优秀资源，为用户提供品质生活服务的平台。
wxaeb053bf99c5eec7,121法律助手,Mini Program,,,原“不二法律助手”，支持诉讼费、保全费、律师费、违约金、逾期利息、LPR利息、民间借贷利息、迟延履行利息、交通事故人身损害赔偿、工伤赔偿、经济补偿金、年休假、民事案由、日期、小额诉讼案件限额等计算以及计算结果下载保存功能。
wx724929bb039cd4a7,12366智能咨询,Mini Program,,,及时解答纳税人咨询涉税问题
wx4f494822332c0d63,12580惠生活,Mini Program,,,12580惠生活是中国移动打造的整合购物、餐饮、休闲娱乐等优秀商家资源，通过多渠道为移动用户提供优质优惠券的生活服务平台。
wxc84e944084febec3,1366出行,Mini Program,,,北京省际客运出行综合服务平台是为公众提供省际客运出行的行业服务性平台
wx8d4d2ced5a4edaa7,1376饮品,Mini Program,,,一家有温度的奶茶店
wx42ac3fb68921042a,1905电影网,Mini Program,,,从电影出发，从国产经典到最新好片，从电影日历到圈内热点，带给你绝不无聊的电影+生活。
wx71e8bf38da0ef048,1元地铁电竞护航,Mini Program,,,"1元体验14天传世武器/任选传世武器/每天点单最多板板赠送一把蝴蝶刀/百名战神打手服务堪：9100电竞，冰刃俱乐部,KEG电竞，AK电竞冰吻电竞，九方电竞，少羽SY电竞，7S电竞，9277俱乐部，老亩电竞，受着俱乐部，MQ电竞，CX超袖电竞"
wxa090add7f8c97f94,1药网网上药店,Mini Program,,,买正品药，买放心药
wxff51f04cab8ad45a,213集市直播,Mini Program,,,213集市直播小程序
wxb1abf1b1fe25f8c6,21世纪教育网,Mini Program,,,中小学课件、教案、试卷、学案、公开课、备课资源下载，二一教育旗下21世纪教育网小程序
wx121b928e67c36278,233基金从业题库,Mini Program,,,233网校基金从业题库包含：基金从业历年真题、基金章节题、基金模拟题、基金每日一练、基金从业真题估分、考点速记、答题PK。
wxaead909e40c1dc80,233网校社工考试题库,Mini Program,,,233网校社会工作者题库包含：社会工作者历年真题、社会工作者章节题、社会工作者模拟题、社会工作者每日一练、社工真题估分。
wxc6805194c03bf4f8,233网校证券从业题库,Mini Program,,,233网校证券考试题库包含：证券历年真题、证券章节题、证券模拟题、证券从业每日一练、证券真题估分、证券考点速记、答题PK。
wx9d58f7af796b898c,233网校课程,Mini Program,,,233网校课程小程序内含免费课程、备考辅导、报考指导等，用户在233网校课程小程序进行报考及备考辅导，免费观看精品考试课程。
wxecabaaa63e375853,233网校金融类题库,Mini Program,,,提供证券从业考试题库、基金从业刷题库、银行从业考试题库、期货从业考试题库。包含每日一练、历年真题、模拟题、考试真题、章节题试卷。
wx574012c5b44479e4,233网校银行从业考试题库,Mini Program,,,233网校银行从业题库包含：银行从业历年真题、银行从业章节题、银行从业模拟题、银从每日一练、真题估分、考点速记、答题PK。
wx8806eaa0c1585af8,2345天气王,Mini Program,,,权威预报未来15日天气。为1.4亿用户服务！支持96小时天气预报；未来40日天气；两小时内降雨变化；从容应对各类突发天气！
wxd04123ff2516b26a,24H信购物,Mini Program,,,用于自动零售行业用户开通信息授权
wx99c6233d715d6c63,24h智慧购物,Mini Program,,,24h智慧购专注智能售货柜，为广大消费者提供便捷的服务。
wx5b20bf069884fc6e,25天搞定数学条充,Mini Program,,,海绵爆款升级！每日3-6题，配套解析+陷阱分析+原题改编重练，25天速通条充~
wx1d7094bcea1fe01c,2号学习,Mini Program,,,2号学习，免费好用的企业学习工具。支持线上学习、线下培训、考试练习、问卷调查等功能，满足企业内训的各类场景。
wx59df564dfcfb34e7,2楼美食特色小吃顺兄,Mini Program,,,厂区内部配送及到店自取
wxe93aa48ab59da278,361度儿童会员官方商城,Mini Program,,,361度儿童会员官方商城
wx7451b89149ec566d,365音乐相册,Mini Program,,,365音乐相册是专注家庭影像留存的线上影像工具，聚焦日常生活美好瞬间记录，可记录宝宝成长、珍藏岁月回忆，为用户打造便捷易用的线上电子相册制作平台。平台拥有各类精美音乐相册模版，搭配怀旧经典曲库，一键制作动态影集，定格一年四季温暖日常。
wxdc48b50d880ec365,369民宿,Mini Program,,,专注构建中国民宿服务生态，为广大出行者提供“风貌与人文，乡愁与品质”的新型经济住宿体验。
wx7834684453916c70,3M商业品牌与交通,Mini Program,,,3M为您展现优良的品牌形象，助您成功传递品牌价值。
wxfb1c0bd6179a8b50,500px摄影圈,Mini Program,,,视觉中国500px摄影社区官方小程序，专业知识问答让你更加了解500px与摄影，更多全新体验让光影的魅力触手可及，一切未完待续。
wx28b4431e179f120b,51心理学,Mini Program,,,精选600颗心理胶囊，内容简洁实用，覆盖家庭教育、儿童、销售等8大心理学领域。旨在帮助你轻松面对生活挑战，提高幸福和工作效率。
wx9b58b7b22e1475fb,51驾驶员 挖机铲车司机找活招聘,Mini Program,,,挖机、铲车、装载机、吊车、推土机、压路机、旋挖、打桩机、自卸、挂车、塔吊、泵车、卡车等司机驾驶员招聘求职，服务司机帮驾驶员司机轻松找活的平台
wx18f34583e2720a15,58HOME电商平台,Mini Program,,,为多伦多地产投资人社区提供家居产品服务
wxc97b21c63d084d92,58同城丨招聘兼职家政租房二手车,Mini Program,,,租房买房新房二手房；找工作、兼职全职、招聘；找工人、服务员、快递员；装修维修搬家、家政保洁开锁、保姆月嫂；新车二手车交易网。
wxf6023d0d45e373e5,58同城影视直播高薪招聘,Mini Program,,,58同城影视直播高薪招聘提供主播招聘、直播运营招聘、直播助理招聘、带货主播招聘、探店主播招聘、直播场控招聘、直播策划推广、直播客服招聘、摄影师招聘、配音师招聘、视频剪辑师招聘、化妆师招聘、短剧演员招聘等海量影视直播高薪急招岗位。
wxa9a9dec97e6ee639,58同城招聘丨招聘求职找工作,Mini Program,,,58同城招聘，有企业招聘和找工作服务。拥有4亿人才库，千万级在招职位，热招普工、服务员、保安、商务司机、包装工、文员、安检员等，超多附近职位；
wx288af7087476d752,58同城租相机摄像机租赁,Mini Program,,,58同城租相机摄像机租赁提供租相机、单反租赁、摄像相机租赁、租相机镜头、出租单反相机、云台相机租赁、无人机租赁、大疆DJI\索尼sony\佳能\尼康\富士品牌相机摄影设备租赁等同城免押租相机摄像机租赁服务。
wx9b6a95223ff0bdcc,602发票助手,Mini Program,,,用于单位发票采集用
wx980033ac2f3201f4,668商派招聘,Mini Program,,,"668商派招聘：专业为家居行业等从业人员提供发布 : 招工,求职,各类商业信息等。随时在线推送，变的更轻松快捷。"
wxf31f3e56113b11ab,66印 I 2.5分打印资料教材照片,Mini Program,,,【首单免费打印120页🧧还包邮】✨A4彩印2.5分/页，黑白彩印同价，满1.8元包邮！全国8大直营工厂，全国合作门店2万家，可同省市发货，支持特惠，次日，小时达三种时效！专注打印资料、教材、书籍、照片等
wx757ebbfe7441b027,70海里火车海岸公园,Mini Program,,,海峡西岸最前沿--平潭岛东海畔，连绵的乳白沙滩上一场将火车文化与海洋风情完美融合的独特场景，正在发生......
wxb6d0eba08d6c8102,7cubecoffee七立方咖啡,Mini Program,,,7CubeCoffee七立方咖啡
wxb2d4f2d9ac4d2f16,85VISION STUDIO摄影,Mini Program,,,85vision 风格赏析
wx19fe7281811e7a4e,86云记账软件,Mini Program,,,财务记账 会计记账 老板记账 共享记账 云记账 代记账 记账账单 账单审批 上传图片 应收账款 预收款 利润表 现金流量表 内账管家
wx00fc085a5772ae66,875的小工具相机,Mini Program,,,这是一个小工具
wx28c123dde92ffe81,8号仓线上商城,Mini Program,,,一款全国实体奥莱线上购物平台，不同于现有折扣商品销售渠道，提供正品保障，一对一高效服务，让用户安坐家中，购遍全国奥莱好货
wxde3d2e908743ae1b,9100地铁护航,Mini Program,,,难言9100电竞9100护航俱乐部性价比的俱乐部本俱乐部非难言代言俱乐部战神打手服务堪：9100，9100电竞，686俱乐部， Do电竞护航，9100电竞9100电竞，CX超袖电竞，榜首电竞，有亩电竞，臭猫电竞陪，9277俱乐部，老亩电竞
wx9d98798a31bfa807,91票务,Mini Program,,,91票务，24小时不间断为您提供文艺演出、休闲展览、亲子周边以及体育赛事门票预订！票务热线：0991-4885891
wx47105acee4178234,95128交通服务平台,Mini Program,,,用于当地95128约车服务。
wx153fa29034a40e07,95128打车,Mini Program,,,95128是全国「出租车」官方约车平台，为你提供优质约车服务。
wx931937cd1b4086a3,992爱商城,Mini Program,,,992爱商城，主播心选，缔造品质生活！
wxffd6f6269d87962b,993音乐商城,Mini Program,,,广东广播电视台听见广东粉丝服务阵地
wx096254b75371d995,99bill支付,Mini Program,,,快钱支付旨在为商户提供基础支付服务。
wx58cfb74526860042,A+25h饮品集合店,Mini Program,,,A＋25H饮品集合店
wx48dc1c029de8faf9,A100学习,Mini Program,,,深圳市弘阅文化提供的英语阅读平台。
wxa4517ea0c4cf126e,ABclonal CRM,Mini Program,,,ABclonal CRM科研版，内部使用。
wx8b77e42a5906f7ff,ABC数字医疗云+,Mini Program,,,ABC数字医疗云— 领先的基层AI医疗系统，专为诊所、中医馆、社区卫生服务站、基层医院及零售药店打造，赋能基层医疗数智化升级。
wxedfced398b024063,AC按次运动,Mini Program,,,AC按次运动
wxa2e4958fbf9c1113,AC电竞民宿,Mini Program,,,一家小程序
wxf3796e070f726471,ADGM阿布扎比金融自由区,Mini Program,,,ADGM是阿联酋阿布扎比法律成立的金融自由区实体
wx21dee57e56d76a61,AED地图平台,Mini Program,,,当附近突发意外急需AED时，地图可快速查询最近AED并导航前往
wx62497654f41f3b00,AED导航地图,Mini Program,,,AED导航地图由麦邦光电开发，旨在为用户提供附近AED信息，并结合急救知识进行指导用户如何操作AED，进一步健全医疗急救体系。
wx87eed2c15caaca73,AED急救地图,Mini Program,,,一键呼救，能够及时将求助请求发送给周边志愿者，获取最近的AED对心脏骤停患者进行紧急救助，减少意外发生。
wxca5499e1daa811a9,AED设备导航,Mini Program,,,提供附近AED设备的搜索和导航功能
wx91b053af5438321c,AFTERWORK运动,Mini Program,,,健身小程序
wxcdaa8d209a9039eb,AI show单词,Mini Program,,,专注 极致 口碑 快
wxc0197de5372eab77,AIG美亚保险官方账号,Mini Program,,,美亚保险，隶属于世界500强企业美国国际集团（AIG），已拥有近百年历史，美亚每年为超过百万的中国客户提供了旅行保障服务。
wx54f290f2fcf36693,AIOT智能保险箱,Mini Program,,,AIOT智能保险箱
wxc2ada47bce176219,Airbnb爱彼迎民宿预订,Mini Program,,,Airbnb爱彼迎是全球民宿短租公寓预订平台，全球百万特色民宿、酒店、客栈房源，价格优惠，更有海景别墅、花园洋房等多种特色住宿预订
wx17684e7de6377663,AIRIQI商城,Mini Program,,,为爱而生，至真至善
wx3a10912ab3cd5626,Aisleep睡眠博士睡享家,Mini Program,,,aisleep 睡眠博士自营睡眠集合商城！商城汇聚功能枕、床垫等全品类睡眠产品，以专业视角解读睡眠知识，提供一站式睡眠解决方案。
wx4d9117bb07058934,AIYOGA课程预约,Mini Program,,,以运动理疗科学为核心，专注华人社区健康。理疗瑜伽，精准普拉提，私教理疗。即刻预约，体验专业理疗运动，感受瑜伽魅力！
wx1a74eca4b164b7a5,AIYonderMax,Mini Program,,,AI智能
wx019961f8ba7466a4,AI云享充电,Mini Program,,,社区安全服务的智慧平台(非机动车无人值守、物业管理、智慧停车、安全防盗)，为社区住户提供便利。
wx82bd89d917ba5c0a,AI交易大师1.0,Mini Program,,,AI交易大师1.0
wx07bc4c3b5b2fbd34,AI人工智能深度思考助手,Mini Program,,,部署大龙虾openclaw，大龙虾openclaw使用手册，养虾攻略。流畅使用深度求索DeepSeek V3.2，集Kimi AI，类元宝大模型，全能AI人工智能助手！支持Seedance视频文案生成。AI深度思考助手，你的私人AI！
wxcaa3269ef267fa01,Ai人工智能视频生成器,Mini Program,,,ai视频生成✅🔥、ai视频制作短视频、文生视频、图生视频，ai猫咪做饭，ai拥抱合成、可视频灵ai图生视频、ai视频自动生成、ai跳舞视频制作、ai打架视频制作、ai视频自动生成工具、ai亲吻、deepseek使用生成视频
wxb72aa22f4a3f1192,AI保研岛,Mini Program,,,保研夏令营、预推免等信息查询平台，海量数据、分类整合、实时更新，保研路上助你一臂之力！
wxbc589a68c600c247,AI元气运动管家,Mini Program,,,通过AI技术给孩子提供运动作业打卡、锻炼指导等服务，覆盖作业、锻炼、互动等场景，让家校共育更易实现，让孩子更热爱运动！
wxe3fc536a66972ed6,AI充客掌柜,Mini Program,,,充客打造全系维修生态-让维修师更值钱持续打造优质产品-让实体门店生意更好做
wx0f3fe123ad26f092,AI写作丨人工智能助手,Mini Program,,,AI写作您的人工智能助手，AI写作神器，提供高质量智能文案创作中心，作文、文章、工作总结、周报日报、自我介绍、论文等写作场景
wxb59545ddc8e8adc9,AI写作神器,Mini Program,,,"🔥高质量AI写作工具助手，能为您快速生成高质量文章、报告、范文的创作工具。人工智能写作，无论是智能写作,文章生成,写文章,写小说,写方案,文章总结,改写润色续写,还是PPT,范文,原创,作业,短视频,AI问答,活动策划等均能大幅提升工作效率"
wxfb8cd00513d3b1d9,AI减脂食谱,Mini Program,,,根据体重计算三大营养（碳水、蛋白质、脂肪）的摄入量自动生成每周食谱，并输出每周食材，方便进行周备餐，减少平时的做饭时间！
wx4e093affadd67bb1,Ai南山,Mini Program,,,“Ai南山”是南山区一站式线上企业服务平台，致力于为企业提供全生命周期的精准、便捷、智能化服务。
wx852af88c6e8da0e9,AI品质管理店长,Mini Program,,,用AI技术帮助连锁门店的管理运营。让管理者“听”见服务声音，“看”见门店实景。提升顾客满意度，打造最优门店服务。
wx339bd404b30d41b2,AI图片生成器,Mini Program,,,AI图片生成工具助手，支持AI文生图、图生图、风格转换等。可快速生成照片、插画、海报、头像、壁纸、产品图、艺术照。AI生图，生成图片，手办AI特效，AI手办生成器，手办模型特效，手办特效，AI图文
wx34f073ca294aaffd,AI图片生成神器I得优,Mini Program,,,AI全能风格转化器！AI图片生成工具助手，支持AI文生图、图生图、风格转换等。作图，绘图，可一分钟快速生成照片、插画、海报、头像、壁纸、产品图、艺术照。AI生图，生成图片，手办AI特效，AI手办生成器。
wx64e059aaeab662f1,AI奇喵相机,Mini Program,,,奇喵相机是一款简便的相机应用，魔法只需一张图，拥有百变照片，梗图生成器，海量好玩的模板，让你成为朋友圈里最亮眼的存在
wxf4f92e13bffe32de,AI安医,Mini Program,,,1.薪酬发放。2.线上报销。
wx6306b121f48c00df,AI小灵-心理伴侣,Mini Program,,,为用户提供心理测评与在线服务
wx668d5ac7111013d9,AI小真,Mini Program,,,你的AI相亲交友助手～
wxadb6191e69bedf9a,AI尚运动,Mini Program,,,“AI尚运动”是一款助力企业为职工进行活动开展及活动管理的线上工具。平台包含人工智能技术打造的AI运动、计步及活动管理等功能。
wx93fc8832517270da,Ai心理学家,Mini Program,,,Ai心理学家
wx64b9f3a8e304b5dc,AI心电,Mini Program,,,AI心电
wx74ab27a8b961be17,Ai惠客收,Mini Program,,,AI惠客收，商家管理好帮手！
wx0b7015814fdb2237,Ai成长家长端,Mini Program,,,“AI成长”学生发展平台，一款依托大数据、人工智能、IRT+神经网络等多种技术，专为中小学校提供学生综合素质评价信息化服务平台。
wxd574eaf36ccf691f,AI扫描王丨图片转PDF转Word,Mini Program,,,AI扫描王丨图片转PDF转word转Excel，手机扫描仪，文件扫描，证件扫描，PDF文档格式转换，试卷消除，试卷还原，扫描全能王，pdf转换，pdf压缩合并添加水印。
wxbc1a08c6761a0b6a,AI换脸相机,Mini Program,,,AI换脸，AI写真，AI换装，自定义换脸，图片换脸，视频换脸。海量模板，随意挑选。海量造型，疯狂变脸。祝福视频制作、表白视频、搞笑视频
wx0db970ea6e362d6b,AI换装-群慧电商模特图,Mini Program,,,群慧 AI 换装 —— 电商商家必备的数字人模特工具！支持服装 AI 智能替换、虚拟模特穿搭展示，一键生成多风格换装效果，帮你快速产出电商素材，也能让用户在线 AI 试衣，高效解决穿搭展示 / 试穿需求。
wxfdb4160fede425be,AI推文岛,Mini Program,,,图生视频/照片跳舞/照片唱歌/Ai推文/一键生成原创视频/漫画推文/图文成片/去水印去字幕/混剪视频/小说二创/视频素材/文生动漫/文生视频/ai推文助手/视频去音频/ai视频原创工具让创作和变现更简单/一键智能生成写作鹅鱼/创作鱼鹅
wx3b8767898afd5a06,AI智云睡眠,Mini Program,,,智能床垫控制工具
wx8317b90ed5e4fba3,AI智慧云停车,Mini Program,,,智慧停车、访客预约、车场运营
wx0ff2c33f54ca3188,Ai智慧校园智能门锁,Mini Program,,,涉外智慧校园
wx2a95c79da7599135,AI智慧课程,Mini Program,,,一款AI驱动的智能知识管理工具，通过云端技术为用户提供结构化内容学习支持
wx577d843f3c5131bf,AI智检,Mini Program,,,AI智检
wx55f0518bec22c2b8,AI智汇睡眠,Mini Program,,,小程序控制智能床系统
wxa48d5bc98900c1d5,AI智能学习伴侣,Mini Program,,,AI智能学习伴侣
wxe8d892371ca70a1d,Ai智能店长,Mini Program,,,随时随地管理你的门店
wx2cadafe0d04aa7c5,AI智能打卡,Mini Program,,,小爱智能打卡系统
wx12f50df28c231583,AI智能睡眠管家,Mini Program,,,AI智能睡眠管家
wxf03a1e4686025102,Ai智能自动售货机,Mini Program,,,为消费者提供更加便捷的购物体验！
wx4a14cf4591aa3266,AI智衣MES,Mini Program,,,主要专注于服装行业管理软件及物联网产品一体化管理系统
wx63897e0918b1367d,AI比邻开门,Mini Program,,,让爱一直陪伴
wx5fa727109fcee26f,AI求职实验室,Mini Program,,,简历优化工具
wxc707edb21a3eef1b,AI深度睡眠,Mini Program,,,自动量化睡眠质量，实时监测心率、呼吸、离床等生命体征，提供个性化健康改善建议。
wx32956334833939f1,AI照片动起来,Mini Program,,,AI照片变视频，让照片动起来，照片会跳舞唱歌，照片对口型，AI照片生成写真，一键生成AI特效同款视频
wxc5d5eeb73f188d3f,AI班级宝,Mini Program,,,在这里老师可以创建多个班级，布置与教材同步的单词和句子跟读课后作业；内置AI外教，通过标准口型指引学生对单词的发音；学生跟读之后，通过AI分析发音并给出指导；方便掌握班级作业完成质量，为老师减负；方便学生家长跟踪学生作业完成情况。
wxad9334bd852b11bb,AI班级管家,Mini Program,,,【原：途途朗读教师端】免费中小学教学工具，AI批改作文、打卡、班级管理、课内容读背、朗读AI评分、防校园欺凌班会资源库、教师网盘等功能
wx17caddef2fda115b,AI电管家,Mini Program,,,电动车智慧缴费、充电、查询。
wxf8b4cca5b1a3077e,AI科教,Mini Program,,,AI科教，提供AI赋能的教学资源+云班课智能教育整体解决方案，从教、学、考、管方面赋能教育学习。终端支持教师端（电脑和小程序）和学生端（小程序），教师端功能：AI助教、教学管理、教学空间、教学资源等。学生端功能：AI伴学、课程表、学习空间等
wx9c1cb1b0003d9f85,AI税务师,Mini Program,,,AI税务师是一款智能税务风控系统，凭借独有的产品技术、智库深度支撑、全方位检测指标，帮助企业提前发现涉税隐患，降低涉税风险
wx18ff1c4c99edc0c2,AI管家丨家居房屋智能管理助手,Mini Program,,,通过智能摄像头，让业主可以在线查看工地动态，放心装修
wx45c874aafd6c693f,AI红娘暖暖,Mini Program,,,为真正想结婚的朋友准备的AI相亲平台。主打“专业”、“可靠”、“高效”。“AI赋能”基于婚恋心理学的大模型匹配，“5重认证”力争资料真实靠谱，动机真诚，双向奔赴；“见面文化”促进用户见面，再多的聊天不如见一面来的感受真切。
wx6b3890a7220aab1e,AI经期助手,Mini Program,,,大姨妈记录、预测、自定义提醒、周期分析好助手，用心呵护女性的月经经期大姨妈生理期排卵期
wx613cd6930dab2d0a,AI编程小朱,Mini Program,,,"AI前沿技术学习,人工智能在线教育"
wxc46dd6dbea7b8d36,AI菜谱推荐,Mini Program,,,"新增家庭菜谱，共同管理家庭菜单
只需输入食材（如鸡胸肉、土豆、西红柿），或直接输入菜品名称（如宫保鸡丁、酸菜鱼），即可自动生成完整菜谱，包括用料清单、烹饪步骤、火候建议和小贴士。"
wx1fa0370f389ac921,AI觅客,Mini Program,,,打通顾客、导购和企业，让导购便捷专业地管理顾客，企业稳定安全地管理导购，实现私域用户的系统化运营-“人即服务”也正由此而实现。
wx183b95c19a1054bc,AI视频岛,Mini Program,,,AI小说推文神器/快速生成原创视频/漫画推文/图文成片/伪原创视频/文案智能改写，一键智能生成推文鹅岛，云上黑岩推文神器，速推文AI，视频鹅岛羊，全能创作数字人，AI万能写作生成创作
wx7ff71e40388d161c,AI视频换脸相机,Mini Program,,,换脸，换头，ai换脸，换脸软件，视频换脸，换背景，视频换背景换脸，ai免费换脸，AI换衣，指定换脸，换头发，年龄时光机，换表情，ai换服装，ai试衣，视频AI换脸，AI换脸变脸，换头软件，人脸替换，自定义换脸，图片换背景
wx3c16e1229164488c,AI豆仓,Mini Program,,,超好用的拼豆库存管理工具，支持AI统计图纸消耗、管理图纸和作品，一键轻松补豆耗豆。还支持图纸色号高亮、添加辅助线、图纸镜像等高级功能。
wx1022219fd0c57b77,AI跳绳计数器,Mini Program,,,AI跳绳计数器，帮助你更智能的记录每日跳绳，同步更新跳绳数据，多种跳绳模式选择！一起记录打卡跳绳运动吧！
wx8c9fe043c2ac18ac,AI通辽速行,Mini Program,,,为用户提供手机扫码实现共享电单车出行的应用场景，向用户展示共享电单车出行的产品内容，包括可骑行区域、骑行定价等服务；
wxd79c6e60d6638ef9,AI陪练麦麦,Mini Program,,,提供AI智能陪练服务
wx1e2d31a3f5e3b3b2,Ai音乐生成,Mini Program,,,Ai音乐，ai写歌，ai作曲，ai翻唱，人工智能音乐，ai音乐小程序，ai音乐生成工具，AiNahxa，自研音乐大模型，ai生成歌曲，ai创作音乐，Ai music等等音乐创作功能多丰富功能中文立即能力强超过其他平台，新用户可以免费创作。
wx9d2efc7a42de821d,AI预测天气90日预报,Mini Program,,,全球范围，精准实时天气预报，为您预报几点几分下雨，未来15日天气预报，提供生活服务，极端天气预警等
wxfd0e6941e88b36d3,AI饮品机器人,Mini Program,,,开创机器人现做饮品新时代，成就用户智慧饮品新生活。
wx0872339e806b2ed1,ALAMB COFFEE 八角杯咖啡,Mini Program,,,faith comes from coffee.
wxcc73ef38a41c951a,ALDI奥乐齐商城,Mini Program,,,ALDI奥乐齐官方线上商城
wx639cef64543b31fd,ALL 4 KIDS母婴玩具家具团购,Mini Program,,,ALL 4 KIDS 以最优惠的价格，最优质的服务，给澳洲本地妈妈们提供最优质的母婴产品，产品都是经过精挑细选的优质品牌，欢迎选购
wx70285e9cb48580ec,ALL4KIDS母婴玩具,Mini Program,,,ALL 4 KIDS是澳洲知名母婴，玩具进口商，零售商，我们代理各大母婴玩具品牌，我们以高性价比的产品，优质服务，给你不一样的购物
wxa6ff3f7a61405f38,Alliance联合大药房,Mini Program,,,HFIP恒灃国际药业
wx1f978f1604a99b64,Alpha法律大数据,Mini Program,,,Alpha 法律大数据，查询案例、法规、司法观点从未如此简单，更多功能敬请期待
wx40962f81f6c5fbc1,Alpha法律系统审批助手,Mini Program,,,Alpha审批小程序
wx8ffec6dc364f3f12,AMZ123跨境导航,Mini Program,,,为亚马逊卖家量身打造的资讯聚合网站，为跨境电商卖家推荐有价值的跨境资讯。
wxd86c478663c5a723,Anycodes云在线编程,Mini Program,,,在线编程小程序是一款可以通过手机，充分利用自己零散时间，进行编程学习、代码练习、模拟面试、讨论交流的编程学习软件。
wxb767db2e242f9c71,Anyenv在线编程,Mini Program,,,AnyENV云在线编程是一款可以随时随地进行代码开发的云上编程系统，开发者可以自由使用多种 IDE 进行代码开发。
wxb6f92bd76554374c,Aoteng课程管理系统,Mini Program,,,奥腾游泳培训选课、预约课程。
wxc0e5fc871acb472f,APESK心理测试,Mini Program,,,MBTI将人分为16种类型，APESK进一步细分为64种人格类型，大大提升了经典心理测试MBTI模型的精确性。
wxb2ff6e0bfb33e64d,ARABICA,Mini Program,,,% ΔRΔBICΔ小程序
wx0b927dc3d8231fdd,AR导购工具outlet,Mini Program,,,艾诺丝雅诗奥莱导购工具
wx6279963f881e4887,ATA考试服务,Mini Program,,,考试报名、准考证打印、成绩发布、证书发布等相关考务功能
wx4a989cfb89d48735,ATCQ理论学习,Mini Program,,,航空专业小程序：相约于三日之前，自有功夫平章百味。
wxacfab48c218fbce1,AUGS支付DEMO,Mini Program,,,AugsPay 小程序支付演示DEMO
wx206e8ea0b361b28d,aXcent睡眠管理家,Mini Program,,,可实时查看睡眠指标、睡眠质量评估，获取最新健康资讯。
wxcaf115bc6ad91068,a丽平餐饮,Mini Program,,,丽平餐饮
wxa905d6852dd02d31,A咖啡点单,Mini Program,,,A咖啡汇聚国内外咖啡大师、创意达人、咖啡发烧友，严选世界名优好豆，黄金拼配，创意混搭，首创火爆海内外的熊猫完拿铁。
wx4601150ab73b9473,A未来温泉民宿酒店,Mini Program,,,A未来温泉民宿酒店 预订  接送
wx3676d7fb26fde929,A梦精品民宿预定,Mini Program,,,A梦精品民宿预定平台
wx941fbf74bd5e3c65,A股挖掘机,Mini Program,,,A股挖掘机
wx8dbd43484400eacd,A菜谱设计摄影,Mini Program,,,佳木斯百胜菜牌自成立以来，致力于餐饮行业菜谱、高清灯箱片、产品摄影、宣传页、酒水牌等各类印刷品的设计制作。
wx3d2f4fcee876ff61,A跑跑生活圈HY,Mini Program,,,一站式大学生服务平台
wxf0127abc5f4e3277,B.News比特智讯,Mini Program,,,B.News 比特智讯是全球首家专注于 AI、Web3、量子计算的全智能体科技新闻全媒体平台。
wxfb821a52e32c6f59,Baby Direct 母婴店,Mini Program,,,baby direct 母婴店
wx6380ead0ca6ae134,BARMAK维语导航,Mini Program,,,BARMAK维语导航、Yol baxlax、Uyghur、Terjiman、Tarjiman、izdax、badam、izdax翻译、民汉翻译
wxf5f8e35e4abca2b4,BBI智慧能源管理系统,Mini Program,,,BBI智慧能源管理系统
wxcb5778b2d9bff391,BIZBAR咱在外卖丶,Mini Program,,,外卖平台，同城配送，带去快递，新疆美食推广 给你的生活带来方便.
wx8ba693acbcbbb793,blend咖啡部落,Mini Program,,,blend意在融合，把原汁原味的澳洲新西兰cafe风格融入深圳。我们主营精品意式咖啡及纯正西式早午餐。
wxae88dc6b2666e7ca,Bloom&Brew Cafe,Mini Program,,,BeanMaster for Fullgoal Fund
wxf9ab7110e1300f99,Blue Bottle Coffee蓝瓶咖啡,Mini Program,,,"Deliciousness, hospitality, sustainability."
wx2a4dc6f740e4f3e8,BOH后台管理系统,Mini Program,,,门店可以通过BOH系统实现进货，验货，盘点，调拨，损耗等日常营运管理。
wxa8da525af05281f3,BOSS直聘丨求职招聘找工作,Mini Program,,,提供海量全职/兼职/实习等优质岗位，覆盖互联网/金融/文化传媒/汽车/房地产等各类行业，平台开启人才网络招聘求职找工作新时代。
wxbc5513ac814b098a,BP 健身铁馆,Mini Program,,,BlackPink 24H健身铁馆
wxf282950cfeab347c,BPM发票夹,Mini Program,,,发票采集，识别和验真的小程序
wxf763eb43b011147a,C+服务端,Mini Program,,,为后勤自助设备提供平台服务
wxe889cee964923d7a,Cafe Mersey默西咖啡,Mini Program,,,会员小程序，包括会员信息管理，优惠券，课程，商城，积分储值交易记录，订单记录，预定等功能。
wx52f6b3df0dba5b37,CARA VINTAGE SELECT,Mini Program,,,"九成新品牌商店CARA ,全部是鉴定师鉴定过的正规品，请放心购买。来自世界各地的单件商品,手提包、钱包、饰品等丰富齐全。"
wx4f29e31d97b0860f,CBTI睡眠助手,Mini Program,,,CBTI睡眠助手基于认知行为疗法，通过数据分析与节律调整，帮助你系统改善失眠问题，实现可持续的深度睡眠。
wxf358c2ae4287f256,CDCG写真摄影,Mini Program,,,记录时光中最美好的瞬间
wxfdf9b15cdee6ea88,CDCHZWFW协同办公,Mini Program,,,提供成华区政务服中心工作人员考勤、请假等协同办公功能
wx311b70624fac7626,CDMS成都国际汽车展览会,Mini Program,,,成都国际汽车展览会(CEHNGDU MOTOR SHOW)已获国际展览业协会(UFI)认证，并被中国贸促汽车行业委员会评为中国四大A级车展之一。
wx6f1a769e2adb4ba3,CE普拉提预约课程,Mini Program,,,会员约课，在线售卡
wx2dfb8cfb61f92dba,CF好停车,Mini Program,,,为驾驶人员提供便利的停车服务，实时显示剩余车位数量;支持搜索功能，通过推荐附近封闭车场、路边停车泊位;实时推送停车消息。
wx67da8b76c0e1c76c,Chien宝宝母婴,Mini Program,,,Chien宝宝母婴
wx03bb5cffedc6e34d,CHJ在线学习平台,Mini Program,,,CHJ潮闻在线
wxf331f9539f975fa2,CHUCHAT初茶,Mini Program,,,CHUCHAT初茶
wx140050dc38c28fd6,City News Service,Mini Program,,,"Local News, Official Policy, Life Guide"
wx0651deb8b756df21,CityWalk酒鬼地图,Mini Program,,,City Walk酒鬼地图正在进行中
wx7d504c1cc7ae3dda,CJavaPY编程之路,Mini Program,,,编程开发相关工具，文档资料分享。
wxc1a3a20366788b85,CLAGYM克拉吉运动,Mini Program,,,高效减脂、科学指导、专注团课的健身中心
wxc1fc46001ca17a38,CLFC办公,Mini Program,,,办公楼宇的智能化服务。
wxa5c595b6c0127a42,CM ESP CAFE咖啡大师go慵懒咖啡,Mini Program,,,咖啡大师咖啡外卖平台
wx072623587190b424,codePAI澳大利亚双语编程,Mini Program,,,"国际化双语青少年K12编程在线小班教育。外教为主, 英国和澳大利亚STEM教学大纲，融合了最新的大数据，物联网，人工智能技术."
wx346c76639bab7bf6,CodingPlusOne全英文少儿编程,Mini Program,,,CodingPlusOne全英文少儿编程
wxf5ea2e29e8f82fd6,coffee community咖啡,Mini Program,,,一家有趣的自烘焙咖啡馆
wx51c3bc6e25c901e1,coffee island 咖啡小岛,Mini Program,,,观迎光临
wxf62f7f14b1919850,Constlu的直播橱窗,Mini Program,,,欢迎光临Constlu的直播橱窗
wxa49bfe2b020414aa,COSTA咖世家咖啡,Mini Program,,,COSTACOFFEE会员官方小程序！COSTA会员卡、会员权益、活动告知、积分查询等服务。
wxe766d738ad655e8c,Cotti Coffee 库迪咖啡,Mini Program,,,库迪咖啡致力于提供给用户一杯喝得到喝得起的好咖啡，聚焦产品，回归用户最本质的诉求，通过构建从田间到舌尖的全产业链布局，将咖啡与不同材料搭配，为用户提供专业的经典咖啡及丰富的创新产品。
wxddd0b735201c1bd2,CourseCube课程魔方,Mini Program,,,课程魔方是一款基于课程表，面向澳洲留学生的社交购物软件，现已开通墨尔本各大高校的相关服务。
wx29a0e02817e3a886,Cplus电影世界,Mini Program,,,Cplus电影世界，购票观影更方便
wx3008bdab090b35c7,CQLSCRM,Mini Program,,,乐尚CRM小程序
wxe2de8dabf44d44a0,CRAZYME燃ME健身,Mini Program,,,由三体云动提供技术支持。
wx79a921917060c4a0,CRM3.0系统,Mini Program,,,经销商商品管理工具
wx3b55b82dd8f0763b,CRMS球僮小助手,Mini Program,,,CRMS高尔夫球场专业管理软件配套球僮端，为高尔夫球僮群体提供服务。
wxbfe13b6da7e8b2cd,CRM协同助手,Mini Program,,,红闪闪通讯，为您提供便捷的手机、平板等通讯设备购买与售后服务，专业团队，优质服务，随时随地享受购物乐趣。
wx3ab6fda70b9cd10f,Cubyfun口袋音乐键盘,Mini Program,,,致力于让所有人都能轻松体会音乐乐趣。蚯比的使命是创造系列「传递乐趣、启发创造」且人人都能买得起的消费级产品，创造创造者。
wx1a574cb5cbb4636b,Cycle.Ne汽车充电,Mini Program,,,新能源汽车充电小程序
wx4e0a35a1856f495b,c家购物,Mini Program,,,c家购物－时尚精品随心淘，源头工厂供货！
wx2aa99a6ca206d312,Day1电竞民宿,Mini Program,,,深圳Day1，重新定义高端电竞
wxed5c5a7f940fdeb3,dazhonghua电影城,Mini Program,,,大中华影城在线购票小程序
wx5fe31a9ac20a3fae,DeepSeek,Mini Program,,,DeepSeek 是由深度求索提供的 AI 智能助手，可以陪你聊天对话，帮你联网搜索信息、写作润色以及解决数学推理难题。
wx8951cb27d56d914f,DHG母婴海外,Mini Program,,,让每个家庭都生的起宝宝，养的好小孩
wx16600e4e389b7188,Dimpool摄影工作室,Mini Program,,,拍摄写真，写真预约，写真区各类别的详情。会持续更新作品，感谢喜欢。
wx086b7a45fc8c5da2,DJI大疆服务,Mini Program,,,欢迎使用 DJI 大疆服务
wx3240b70f75ccb022,DJ音乐盒Pro,Mini Program,,,"百万首独家超劲爆DJ舞曲任你听,DJ发烧友必备.车载DJ串烧,电音,重低音DJ,MC喊麦现场,夜店Disco应有尽有"
wx38a0376d936121f6,DLB智能零售柜购物,Mini Program,,,用于顾客在智能柜上扫码自助购买、查看历史订单等。
wx663ea49bc23b8085,DMS运营管理系统,Mini Program,,,划小核算业务管理平台软件。包括设备管理、在制品管理、工装夹具管理、质量管理、业务流程管理等
wx5f763bb06681f5ea,DNAF东风日产汽车金融,Mini Program,,,东风日产汽车金融购车、查询小工具
wx6337f6791cd7db93,DNUI综合服务平台,Mini Program,,,DNUI综合服务小程序。
wxfa10b4b0aed97d60,Dolphin海豚电商,Mini Program,,,欢迎来到 DolphinShop！我们致力于为您提供优质的海鲜购物体验，从全球多地严选新鲜、美味的海鲜产品。
wx90f12fe9c34de7f4,DONGDONG 运动管家,Mini Program,,,【DONGDONG】- 你的专属运动平台订场购票，一键锁定运动空间！体育培训，多元课程趣味体验！会员服务，优化筛选运动信息！
wxa7eb984dd38fdff2,DONTPEEK电竞民宿,Mini Program,,,打游戏，就来DP电竞民宿
wx1144556da263c177,DOUBREW咖啡,Mini Program,,,你好啊～
wxa06c3ac904f07021,DSTARS大星娱乐,Mini Program,,,开启你的快乐之旅~
wx51a2021dd921f747,DT生活,Mini Program,,,DT生活为您提供吃喝玩乐一折起，本地人都在用的省钱平台！
wxcf94e3879f0a3e47,Dynamed道格,Mini Program,,,道格小程序
wx38888935de049e51,D指导-您的专属跑步教练,Mini Program,,,基于丹尼尔斯 VDOT 训练体系的科学跑步教练。三种方式测出你的跑力值，一键生成 5 公里到全程马拉松的个性化周期训练计划：每日课表、配速指引、训练打卡、明日训练提醒、每周小结一应俱全，还能导出课表长图分享。科学备赛，刷新你的 PB！
wxe4087d03fe61e04c,EAP心理关爱,Mini Program,,,我们可以提供完善的心理健康管理方案，其中包含心理健康筛查服务，专家报告解读服务，对于焦虑、抑郁轻度患者在线心理治疗服务。
wx83c2d2ba2de1aaf2,EasyMai,Mini Program,,,一款便捷的舞萌数据查询工具
wx42a289ab46c0de1e,Easy电竞民宿,Mini Program,,,顶级电脑配置/高端外设自选/会员活动福利，Easy电竞致力于为游戏发烧友提供更优质的电竞住宿体验，通过小程序预定享更多会员礼遇
wxdf1e5a33ebf2f459,EA青少年人工智能普及活动,Mini Program,,,用户报名系统
wx5fee69a99fcc20ec,EBT城易停,Mini Program,,,停车相关小程序，用于查找停车场，查询停车费用以及支付
wxbb02986ca2b653b5,ECRM经销商管理系统,Mini Program,,,以渠道业务为核心，利用数据驱动变革，提升全场景经销商体验
wxc520bdbef0edda02,EC依希母婴生活馆,Mini Program,,,EC依希母婴生活馆
wx15aeae7ce7440599,EduKnow留学全知道,Mini Program,,,留学相关事，我们全知道！
wx2c2e36a4a449b7b3,ee日妆母婴社,Mini Program,,,ee日妆母婴社
wxd36484d0e735de65,Eight Sleep,Mini Program,,,非穿戴 x 非替代 x 环境智能，Eight Sleep 八睡眠 - AI智能床，高质量睡眠新体验！
wxae2807e3865a4358,EK计件管理系统,Mini Program,,,生产制造企业MES，进销存，工厂计件，车间计件，生产计件，扫码计件，计件软件，计件系统，实时统计工资，生产报表导出。
wxea2430c2a95dd77a,EMS协议客户服务,Mini Program,,,EMS协议客户服务是针对签约客户提供寄递专业服务的平台，提供快速签约、寄递订单跟踪、运营数据统计、账号管理服务。
wx7d9f0e36679e52f8,Enlite国际编程,Mini Program,,,课程包括少儿编程逻辑思维培养、Scratch、Python、C++、机器人硬件编程、AI等几大系列课程。
wx9239829a19e9899d,Eshop电商管理平台,Mini Program,,,电商中台移动端
wxc07f9d67923d676d,ETCP停车,Mini Program,,,ETCP停车解决您的停车有位和手机缴费的问题。通过小程序可以搜索周边的停车场和完成停车费支付。
wx2ddfc3af1e5264a1,eueu轻食咖啡馆,Mini Program,,,可快速点单，在线支付，领取优惠
wx2413bfd34fddbaf5,Euland欧能多母婴系统,Mini Program,,,欧能多母婴溯源系统
wx996446851a73500b,e充电商户通,Mini Program,,,日常工作的处理、指引等，帮助商户一线人员有序开展相关工作，为商户一线人员提供工单处理、故障处理等日常工作，同时提供趋势分析、策略指引，提供日常经营建议等。
wx13fde910008faf37,e城e家生活馆,Mini Program,,,该应用提供燃气缴费、燃气安检、燃气维修、燃气开通、安全测评等功能服务。
wxed37426acee45011,E民宝政务服务平台,Mini Program,,,山东边检政务服务平台
wx34ec86f6f9bde476,E英语宝点读,Mini Program,,,E英语宝朗读点读小程序服务于老师家长的英语单词学习工具，专注课内同步教学，支持中小学教材点读，提供课文翻译、单词学习与拼写等功能，是同步教学学习的好帮手。
wxf261231c53f720a1,fafa音乐租赁空间-自助琴房,Mini Program,,,共享授课琴房租赁19.9元/小时，可用作授课、练琴、录制视频等，琴房内配备雅马哈钢琴、架子鼓、吉他等大部分常用乐器~
wxdcdff1a142da43e0,FAN11原创摄影,Mini Program,,,人像摄影
wx95fedd94a9442333,Fapiaoforce for Concur发票管理,Mini Program,,,Fapiaoforce for Concur是汉特Hitpoint旗下费用报销票据管理解决方案，对接Concur，实现费用报销票据识别、查验、提交等功能
wx78f5c5b24cce4e6a,FDU新闻学院实验中心,Mini Program,,,新闻实验室
wxe0498bbf07209d51,FeelYoga 费奥瑜伽,Mini Program,,,FeelYoga国际知名品牌，全美瑜伽联盟RYS注册学院。国内外瑜伽大会的授课及瑜伽有关的交流学习。
wx402129bbf446cc59,FEIFAN GYM 24小时健身馆,Mini Program,,,24小时健身
wx61be4d55a292f888,FESCO招聘,Mini Program,,,谋未来，助成长 | 通过多样化的招聘渠道，专业的人员管理及智能、高效、规范的操作流程，为企业匹配具备岗位所需知识、经验、技能的多样化人才，全程助力企业与人才高效匹配。
wx8a29f2f700510e97,FE马拉松专业跑步店,Mini Program,,,FE马拉松始于2005年，至今已有20年历史。在青岛生根于青岛成长，专门为跑步爱好者，提供专业、舒适、安全的跑步产品，坚持奉行让每位跑者穿上适合自己跑鞋，提升跑步体验，达到理想目标。选跑鞋就到FE，为您提供top级别的服务！
wxd9daa6332c8734c2,Fifteen健身,Mini Program,,,健身运动服务-由三体云动提供技术支持
wx1d3c1264aa9c1802,fonlamcoffee枫蓝咖啡,Mini Program,,,枫蓝咖啡FONLAMCOFFEE，高品质精品快咖啡，精选上等阿拉比卡咖啡豆，欢迎在线点餐。
wx4b9f52886cfa99c0,FPA智能家庭保单分析系统,Mini Program,,,陆家嘴国泰人寿FPA智能家庭保单分析系统
wx10dbd0d8fa194e98,FSG健康管理,Mini Program,,,高效集成一站式人力资源服务与管理的线上服务交付功能。关注上海外服微助手，体验上海外服随时随地的贴心服务。
wxc69829f4ab56fe68,FUNMALL贵万店小火车,Mini Program,,,微官网小程序
wxa37d405ec1be72c2,GEEK无限运动空间,Mini Program,,,让运动成为习惯。
wx5c75654ab60d9d14,GIF动图工具箱,Mini Program,,,【免费】支持视频转GIF、GIF压缩、表情包提取、GIF编辑、动图压缩、GIF裁剪、GIF加文字、GIF变速、GIF转视频、GIF转图片、GIF倒放、GIF剪切、图片转GIF、GIF动图制作、GIF表情包制作大师、GIF动图生成软件
wxecb5298f7bd72479,GnG Vacation 民宿订房,Mini Program,,,美国一站式民宿订房平台
wx67a611f5a68fd422,GoFun移动办公,Mini Program,,,GoFun移动办公平台，帮助企业员工提高工作效率。
wx96d414499a353943,GOODYEAR轮胎零售客户端,Mini Program,,,”固特异e店通“是专门为固特异零售门店打造的轮胎销售与运营平台。
wx4e8f821e7ae244d3,Grid Coffee,Mini Program,,,这里只有单一产地咖啡
wxe2cf6e3b08472203,GTO大师,Mini Program,,,全能的中文GTO掌上学习软件
wx775e60f5610eecaf,HAM模拟考试,Mini Program,,,业余无线电台操作证书考试工具，最新官方题库，帮助新老火腿们快速考证。
wx4d3ded66b0ef0af1,HANAYO花虞摄影,Mini Program,,,南京7年口碑老店，原创品质写真
wxd6e20b598c22de29,HAVE摄影杭州,Mini Program,,,500平摄影工作室｜摄影教学｜课程报名中专注婚纱照｜少女写真｜轻私房杭州｜全国旅拍｜拍照@摄影师胡瀚文联系：huhanwenla
wx05ae212078f68e34,Hbcrm,Mini Program,,,航佰客户管理系统
wx197835fa21a1d73f,HeartWeather心旅者,Mini Program,,,具有气象感知能力的心理陪伴小程序
wx07fa5a1b50ac62e9,HELLO MiNi饮品,Mini Program,,,HELLO MINI饮品店
wxe0a617257ba13ac5,HELLO 三喜饮品店,Mini Program,,,主营咖啡果茶
wx3e39de77a4aa33dc,Hello瑜伽普拉提,Mini Program,,,Hello瑜伽普拉提专用小程序。
wxb51398d35464e905,Hertz Motion禾瑜伽普拉提,Mini Program,,,会员约课
wxc666f0cc56a6ecde,Hi P停车,Mini Program,,,临停优惠，增值服务，月租缴费，一站式服务平台！更有超多惊喜等你参与！
wxb7347261c71fd945,Hi 橙小助,Mini Program,,,专为南京工程学院在校学子打造的日常服务小程序，精准覆盖学习、生活等高频需求，用贴心功能温暖陪伴每一位 “小橙子”，让大学生活更顺畅、更精彩。
wx2f5ec5ab5a6dcf76,HiBB轻奢母婴,Mini Program,,,HiBB轻奢母婴
wxb9db459e4917f02a,hiiyoo海岩咖啡,Mini Program,,,hiiyoo精品咖啡品牌官方点单小程序
wx89b408394d0908c1,Hipre数字办公,Mini Program,,,公司内部人员日常办公使用
wx9e3ce529bf5e76b6,HITEA嘆茶总部,Mini Program,,,台山自主品牌HITEA嘆茶
wx6b736fec481655d9,hk美妆导航,Mini Program,,,香港美妆圈找货神器，美妆店每日更新品类报价，买家足不出户，实时掌握市场行情。风靡香港美妆界的导航风向标。
wxe4e551d76fc65e2c,HMB健康管理,Mini Program,,,“惠闽宝”健康服务紧密衔接社会基础医疗与重大疾病专项保障，助力构建多元协同的健康网络，享受专业、便捷的健康服务。
wx0bf61075d1f6baf0,Hoag母婴会员商城,Mini Program,,,"Hoag秉持“医学的，妈妈更安心”的理念致力于为备孕期和0-18岁孩子家庭
提供全方位的呵护"
wx2afc086a20293b0e,HOTME热浪健身,Mini Program,,,HOTME热浪健身连锁机构的会员服务平台
wxac6231515242f43c,HSSSCRM,Mini Program,,,专业、专注、高效
wxa3bcb6c8ed9710eb,HT联合办公,Mini Program,,,企业客户云网融合智能通行服务商
wx1c7458591e94435a,HX本周食谱,Mini Program,,,HX周菜单展示
wx0031d8f23c3be90d,HYROX健身跑,Mini Program,,,HYROX官方小程序
wxfe0aa8bb642d8b62,iCoding少儿编程课,Mini Program,,,iCoding爱编程少儿编程课
wxdd357462dc08edd9,iHerb美国正品直邮商城,Mini Program,,,美国本土电商平台，始于1996年，直采直营直邮服务全球，1200多个知名品牌4万多款商品，品类含保健、洗护、母婴、健身、宠物等。
wxf7ae96551d92f600,ing在运动,Mini Program,,,提供运动场地预订，私教预约，课程培训等服务。
wx6ae405e92fce3381,InterHome日本精品民宿,Mini Program,,,你喜欢的空间设计你想要的地理位置你信任的一尘不染专注日本精品民宿让你住哪里都还是家的感觉
wx62afc850a3983e22,IRTMS综合服务企业端,Mini Program,,,国际道路运输综合服务系统
wx845b27077bd8c51c,Isha古典哈他瑜伽,Mini Program,,,“正如有一门创造外在幸福的科学技术，也有一门创造内在幸福的科学技术，那就是瑜伽科学，通过它，你可以成为自己命运的主人。”
wxe420e95216e5aa6c,ITeSHOP商城,Mini Program,,,I.T集团官方电商平台ITeSHOP，在线集结THOMBROWNE、ESSENTIALS等前卫时尚，Beams、CarharttWIP等新潮精选，izzue、FIVECM等自营品牌。
wx397d76a3811d298f,ITMS客户端,Mini Program,,,ITMS系统，金隅集团
wx09fec291f544b1b5,itree爱树系列民宿,Mini Program,,,连接自然，创作快乐，爱树民宿。
wxb341eefd75874937,i企业工作号,Mini Program,,,工作号是一款企业通讯服务产品。
wxa296c35b50b29020,i莞家,Mini Program,,,企业有难题，就找“企莞家”
wxccda55b7f6aacd5e,i跑步配速,Mini Program,,,跑步配速计算器｜半马/全马/10K/5K 配速规划，一键计算距离、用时、配速、步频、步幅、起跑时间，自动生成分段完赛时间，跑者训练、马拉松备赛必备工具，点开即用
wxc0426e5a9fd33c8d,i车展票务,Mini Program,,,车市最新资讯，最新车展。
wxe731c6a8f37da96f,i香肴餐饮,Mini Program,,,为用户提供在线点餐服务，配送服务
wx505cf23238a7c3bd,Japanticket 日本预约e票通,Mini Program,,,日本美食玩乐极速预约
wx54fa3b5de8c6b077,JK美女图片,Mini Program,,,美女街拍，美女跳舞，美女丝袜，丝袜美女图片，黑丝美女图片，性感美女图片，白丝美女图片，肉丝美女，美女照片，美女吊带，美女玉足，美女美足，美女美腿，美女写真，JK美女，泳装美女，美女旗袍，美女瑜伽裤。
wx7af2bfc008d6bdc7,JMY三剑客CRM,Mini Program,,,为用户提供线索查询
wx82cdbe32c1e43c2c,JOIN IN剑桥英语,Mini Program,,,外研社官方出品，与JOIN IN剑桥小学英语教材完全配套，小学三年级起点适用。地道语音即点即读，轻轻松松学经典！
wxc841bf3cd1fe324e,JoJo素养AI,Mini Program,,,教育-在线教育
wxf983d1dad59abeb4,joy fueling 悦加网,Mini Program,,,BYJW
wxc03ad15c2f5213de,JOYMARK慧娱乐,Mini Program,,,“JOYMARK慧娱乐”是上海玩得网络科技官方推出的一站式生活娱乐平台，集取币、积分商城、会员特权等于一体，让日常更好玩、让每次抓取都有惊喜收获、让快乐触手可及。
wxc7022b2c34ca874f,JR卓越电影空间,Mini Program,,,JR卓越电影空间，致力打造极致性价比与沉浸式观影体验，今天的你格外美丽！
wxae12dd716f87121f,JUNGLE运动,Mini Program,,,JUNGLE运动，JUNGLE运动
wx3744c2ad27010357,JX吉祥购物优选,Mini Program,,,吉祥购物优选，用心服务~
wx704b4beb2d7b4368,KaDa阅读,Mini Program,,,“KaDa阅读”囊括了儿童睡前故事，有声故事，儿歌，听书，童话，童谣，古诗，英语，胎教，三字经等上万本英文有声故事绘本。
wxdbee77f3e0c774e0,Kaplan北美课程检索,Mini Program,,,Kaplan北美合作项目包含四所美国院校和一所加拿大院校，院校各具特色，同学们可以根据自己的专业特长和兴趣，选择适合自己的学校。
wx96c435c74199e4f6,Keep 直播课,Mini Program,,,Keep 直播课，新的运动体验
wxf445f1572f4bf886,KEG地铁俱乐部,Mini Program,,,KEG地铁俱乐部，认准酷二狗KEG电竞地铁护航，全网最顶尖的地铁俱乐部超越了9100电竞7s电竞CNL钞能力冰吻电竞9277电竞数码电竞乔乐电竞SY电竞小童电竞小班电竞xXx电竞686电竞老亩电竞AK电竞受着电竞MQ电竞花之海电竞Do电竞
wxe2d02dd6a9f3707c,kevin的酒馆小地图,Mini Program,,,收录城市德州酒馆、赛事活动与探店信息，帮用户快速找到合适的酒馆和俱乐部
wx2e0c50946c3cf8ba,Kidibots编程启蒙,Mini Program,,,kidibots儿童实物编程启蒙满足4~9岁儿童零基础学编程。
wx4984641680c131dc,Kimi 智能助手,Mini Program,,,Kimi 智能助手是由月之暗面（Moonshot AI）提供的 AI 智能助手。你可以与 Kimi 聊聊天、发送网页、上传 PDF、Word 文档等。
wx628d1da71dafd6a5,KLOOK客路旅行特色游玩景区门票,Mini Program,,,上海香港迪士尼，长隆，融创乐园，一日游周边游、自由行、景区景点门票预订，酒店、美食、租车，旅游交通出行行程攻略，特惠特价折扣旅游
wxb2624d8a40a81d9c,KnowYourself心理测试,Mini Program,,,KnowYourself知我心理测试，160+专业测评，包含心理健康、情感婚姻、原生家庭、人际关系、职场压力、个人成长等领域。
wx7d3d8300fd45e111,KOKO BABY 母婴商城,Mini Program,,,高端母婴品牌集合店，环球好物一站式购物到澳洲，新手妈妈沉浸式体验
wx6f5c94bacd18c167,KUDDO COFFEE,Mini Program,,,KUDDO COFFEE 库豆咖啡
wx8abc4affeeb3da31,KUNTEA鲲茶,Mini Program,,,我是同济硕士，我为江西茶饮代言，打造江西自己的茶饮品牌，欢迎选购！
wxdabeb56d39ae3604,KY知我心理,Mini Program,,,知我心理小程序是由身心健康生活方式品牌 KnowYourself 出品的专业心理服务平台，包含心理咨询和即时咨询，陪你一起探索自我。
wx9a1502949a6b5608,K场娱乐助手,Mini Program,,,KTV包厢服务人员的点歌与气氛营造助手
wx2a94487e56c8811a,LANFENGfit岚风健身,Mini Program,,,基于微信小程序的岚风线上平台
wxfa5daadc1b061727,LAVAZZA拉瓦萨官方咖啡店,Mini Program,,,现在就用一杯咖啡，“探访”意大利！
wxabc1a9ee8126d757,LAZYPHOTO辣子摄影,Mini Program,,,专注于女子写真。
wx69cdcb8a9fffa251,LB咖啡,Mini Program,,,澳白®专门店
wxfe24ae53b68819fb,LESA 石锅生滚火车头,Mini Program,,,好汤  好粉  好牛肉
wx32a0d293e0f9c820,LEYOULife,Mini Program,,,楽优申活（LEYOULife）平台是一个专为大型工厂/公司提供品牌引入及专业餐饮服务解决方案的企业，我们努力的与合作企业共同成长
wx52fa3b0e6d6a9d44,LIGHTMAP,Mini Program,,,奥拉星页游亚比图鉴。
wx26c7aaacfa017719,LINLEE林里柠檬茶+,Mini Program,,,认准「LINLEE林里手打柠檬茶」唯一官网：www.linlee.com.cn
wxaa8cd24edba88cb3,LiTTLE GALLEY小概率咖啡,Mini Program,,,厦门航空旗下自有咖啡品牌。遇上一杯好咖啡，是个小概率。
wx7e351e98b04fb765,live实况图片去水印,Mini Program,,,live实况图片去水印工具，live实况取图，live实况保存下载，live图片提取，live实况动图去水印，live动图提取保存，视频转live实况图，一键转实况，live实况提取，免费保存实况图，live动态图片，live动态图去水印
wxd6a1fafc84b6551b,live实况图片生成助手,Mini Program,,,live动图生成、实况去水印、实况图片制作、视频转实况图片、视频转live photo、live图静音、改封面……
wxa60df9923144f5aa,LKL AI PAY,Mini Program,,,体验内部支付服务体验
wxee5ee9eb832cb4cb,LNER火车票预订,Mini Program,,,英国国营铁路客运公司LNER（London North Eastern Railway），主要运营东海岸主线（ECML），连接伦敦与约克、纽卡斯尔、爱丁堡等城市的城际列车。
wx7994f07a47c31598,LowanCoffee路环咖啡,Mini Program,,,可快速点单，在线支付，领取优惠
wx21c7506e98a2fe75,luckincoffee瑞幸咖啡,Mini Program,,,luckin coffee，专业咖啡新鲜式：优选上等阿拉比卡咖啡豆，WBC世界咖啡大师精心拼配，门店遍布各商圈写字楼，外卖自提新鲜速达！
wx020c9952799d1d83,luyanwen,Mini Program,,,公司内部企业管理工具.
wx041d008b261f4aa3,LY健身获嘉火车站店,Mini Program,,,健身小程序
wxd5363c7cdaae4f61,LZU COFFEE 兰大文创咖啡,Mini Program,,,咖啡 奶茶/果茶 简餐
wx63e68b8303875d61,M Stand,Mini Program,,,M Stand精品咖啡品牌官方小程序
wx6d120d0727dbdf11,Macquarie麦格理客户通信小程序,Mini Program,,,The official Macquarie Group Mini-Program to facilitate communications between Macquarie and clients on WeChat
wx073794225e6b5f36,Mamamiya母婴馆,Mini Program,,,宝宝快乐长高高，妈妈开心买买买！
wx4328af055800c98e,MannerCoffee,Mini Program,,,MannerCoffee官方点单小程序，让咖啡成为你生活的一部分。
wx7eabfde4f4baf1c1,Manta Sleep曼塔睡眠商城,Mini Program,,,和欧美同步的睡眠好物，让你一次买齐！
wxf2bffb5996878e89,mathfan数学应用题训练,Mini Program,,,数学有关的内容
wxe37371df2a7cbc4a,MazakCRM,Mini Program,,,马扎克依托自身先进技术，为客户提供包括复合加工、五轴加工、铣削、车削、数控系统及自动化的全面解决方案。
wx9d4bce98ba3e7c7d,meadjohnson SCRM,Mini Program,,,美赞臣SCRM小程序
wx9080e4a654ffef71,Medpark客户服务,Mini Program,,,江苏医疗器械产业园客户服务小程序
wx964fdf73ef17b434,Mehow 美好医疗,Mini Program,,,欢迎来到智能人脸识别智慧餐厅！
wx6a601f289e314252,MeiCan外卖,Mini Program,,,"美餐外卖,esiltaam,ئېسىل تائام,esil taam,外卖،新疆本土外卖平台"
wx4fd3c50075fb4c21,MELO音乐,Mini Program,,,AI音乐时代，写歌比发朋友圈还简单，捕捉灵感，懂你懂创作！不输Suno，每日免费AI写歌。零门槛AI作曲作词编曲、翻唱改编做同款。汽水音乐、网易云、B站作者的创作神器。BGM配乐、表白、生日、婚礼、助眠等全品类AI歌曲、AI演唱、纯音乐伴奏
wx5eb4c317838cc237,MewXAI人工智能,Mini Program,,,专业的AI绘画平台，包含MX绘画，头像漫改，AI风景画，AI扩图，关键词解析，AI艺术二维码，AI视频等。
wx87f809ff58e7a978,Me觅瑜伽普拉提,Mini Program,,,觅瑜伽普拉提约课管理系统
wx61647ba37faee0a9,MHAC 瑜伽普拉提,Mini Program,,,我们成立于2017年，主要以瑜伽和普拉提大器械为主，瑜伽包含力量、拉伸、理疗、放松等课程；也有完整的普拉提全系列大器械课程。
wx1b195072c6a5be0d,MH办公系统,Mini Program,,,助力企业信息化生产，便捷化管理。
wx6e9ef3358ca8eea3,MIA YOGA 羋亚瑜伽.普拉提,Mini Program,,,MIA YOGA
wxe002664a28ed596a,Miiix Coffee 觅斯咖啡,Mini Program,,,用心萃取每一杯咖啡的香气与温度小程序一键点单 无需久等让醇香咖啡 随时陪伴你的生活觅一份惬意 享一刻安心
wxc5219341ab2f7351,MIKIM米吉姆家庭娱乐中心,Mini Program,,,米吉姆（Mikim）家庭娱乐中心，用创意制造快乐，满足多年龄段客户“城市休闲，亲子同乐，益智趣味，温馨健康”不同玩乐需求。
wx1069a4d27c22aba7,MITAOLI摄影,Mini Program,,,蜜桃里美照馆线上选样系统
wx7af8a231d7bfcd59,MoJO魔力健康饭,Mini Program,,,为客户提供优质服务
wx7bbad6c165c343ad,MOKE墨克婚纱摄影,Mini Program,,,用敏锐的视觉呈现对时尚对美的追求和感受，直抵摄影纯粹初心。
wxfc5dc05868757fb9,Monster Energy 魔爪能量饮料,Mini Program,,,Monster Energy 魔爪官方小程序火热上线，更多好礼，更多资讯！
wx66cb1ae07634b0d2,MoonHuHu睡眠管家,Mini Program,,,记录宝宝作息，生成图表，哄睡状况，日程提醒，数据统计，睡眠情况
wxf97b80ca01e51379,MSN天气,Mini Program,,,全球范围，精准实时，免费无广！为您提供降雨、极端天气预警、雷达、湿度、台风路径、气温、能见度、空气质量等国内外气象地图及天气预报
wx15e8bf77914a6098,MS电影,Mini Program,,,新疆电影购票服务平台，提供新疆影院购票服务及影院咨询、影片排期、影院活动为一体的综合性的服务平台。
wxe73e8c617456d6f6,MT二十四时健身,Mini Program,,,24小时自助健身
wx1924f26ce76aa906,MUJI外卖履约助手,Mini Program,,,MUJI外卖履约助手小程序
wx7d542bf99c3f91a5,muscle鲨鱼健身,Mini Program,,,肌肉鲨鱼健身小程序服务
wxc6feea186e3fc8dd,MuseAI音乐站,Mini Program,,,MuseAI帮助您进行音乐创作，一键轻松制作歌曲，含旋律、编曲和歌词。AI音乐，AI写歌，AI作词，AI生成歌曲，AI谱曲。
wxf94830f470bcad36,Music Charts,Mini Program,,,Music Charts提供 Spotify、Billboard、Apple Music、Melon 的实时与日榜数据，支持热门歌曲、专辑销量、艺人榜单查询，每日更新。
wx67a60213284c3565,NB电商助手,Mini Program,,,集订单同步，数据分析，运营团队管理于一体的一站式数据管理平台。
wx1c33be85eb99833a,ndfycrm,Mini Program,,,农大营销管理系统
wx27b297f0481ba828,new balance中国,Mini Program,,,NewBalance小程序（简称nb）是由NewBalance品牌官方运营的小程序商城，归属于新百伦贸易（中国）有限公司。
wxe20254b99ff5946d,New CRM,Mini Program,,,New CRM系统
wx9591a84629ffc353,NIA茶纳,Mini Program,,,可快速点单，在线支付，领取优惠
wxb19deb2a74cc22d1,nicekid英语,Mini Program,,,"nicekid,母語式學習路線,打造在線青少兒英語學習解決方案。固定歐美外教，培養終身受益的好習慣。"
wx5bf5b27ac6f4ab8d,NO CARD YOGA不办卡瑜伽,Mini Program,,,NO CARD YOGA
wxe67dba12a308c261,NOWWA挪瓦咖啡,Mini Program,,,你掌心的咖啡馆
wx9637fe8fd8d1f3cb,OFFEN女子健身,Mini Program,,,专注女性塑形课程，专属女性健身社群；为女性打造专属私密空间，用专业说话，实现完美蜕变
wxa65c8b834a021e1a,OG-ONE24H健身,Mini Program,,,OG ONE 24小时智能共享健身
wxc610f1a1bfe20a37,Okek商城,Mini Program,,,"okek，一个全球千万品质家庭首选购物平台。
以""All is ok，每一刻都 ok""为精神内核，从真实生活中汲取灵感，通过甄选全球品质好物，孵化国际性健康美丽品牌，以可持续的审美体系和有温度的服务，构建家庭与品质生活的深度链接。"
wxfe197a149ef19fcc,OLDNEWS,Mini Program,,,你翻开一本无字书 说尽逐美不倦怠
wx5a163402ccd2caa0,ONNAIS保险箱,Mini Program,,,智能保险箱
wx93602032a6c0be4e,OONE CCUP特调饮品,Mini Program,,,OONE CCUP特调饮品，奇趣创新的特调风味饮品研发者，以相同却有所不同的产品理念探索更为开放大胆的内容创作，充分体现潮流特调风味在当代生活方式中的个性表达！
wx9c825da1a7ba062e,OPPO商城,Mini Program,,,OPPO官方小程序，提供OPPO、一加手机及智能硬件、手机配件等产品在线购买服务。
wx14be6cad4102b874,OPPO服务,Mini Program,,,OPPO&一加官方售后服务小程序。包括服务中心查询、维修服务预约、服务记录查询、在线客服、维修价格查询等功能。
wx83c4ffc6c4001480,Ora 咖啡,Mini Program,,,自然好豆，自然好喝
wx0ada7686973ae640,ORIGINYUAN元瑜伽,Mini Program,,,ORIGINSPACE元瑜伽线上平台
wxdfb9cff5312ea5b7,Other Tea 另茶,Mini Program,,,2015年，先锋派茶饮品牌，另茶诞生于苏州诚品。品牌初期以独特的异域煮奶茶冲击人们对一杯奶茶的印象。
wx28af76764695802b,OWETEA 欠茶新式茶饮,Mini Program,,,可快速点单，在线支付，领取优惠
wx783fd3d11c4f29af,o学习管理o,Mini Program,,,欢迎来到学习小帮手
wxf2f78288173dd986,PAIX COFFEE,Mini Program,,,点单小程序
wx3266b8772af7e6af,PANDA摄影,Mini Program,,,记录时光中最美好的瞬间
wx11b6514638bb71ff,PARTY DAY 运动超乐场,Mini Program,,,PARTY DAY 运动超乐场智能票务系统，用于售票、售卡等
wxa3474bc78649d562,passion卓瑜伽姜来,Mini Program,,,卓瑜伽普拉提  银川10年瑜伽馆服务帮助会员23700＋一站式科学身心管理中心销教分离 体态调整 减脂塑形瑜伽/普拉提教培课程
wx8e0ecdcf2a6766b7,Peets皮爷咖啡,Mini Program,,,Peet's Coffee皮爷咖啡官方会员小程序，加入皮爷会员了解Peet’s Coffee最新品牌活动，使用手机点单更便捷，享会员专属礼遇有福利。
wx0cf9e170be2f058e,PEM心理云平台,Mini Program,,,该系统提供心理评估与心理干预促进相关服务
wxec491985214cc7fc,PeopleGo人民出行,Mini Program,,,人民出行是一家慢行交通智能出行平台
wx833ae1f877fb8471,PEP小学英语同步课堂点读,Mini Program,,,小学英语微课堂新版、pep小学英语微课堂四上、五下电子课本点读，为中小学生提供全面的英语电子课本点读跟读功能，助力孩子快速成长！
wx92ec8bc8709a031d,PEP英语点读助手,Mini Program,,,人教版英语，人教版pep英语，人教版英语点读，人教pep英语，人教版三年级英语，人教版新课本英语，人教版七年级英语，人教版八年级英语，人教版小学英语，人教版初中英语，人教版九年级英语，人教版四年级英语，人教版五年级英语，人教版六年级英语
wx9bfc210afd70cf8e,PicturAI-小说封面推文制作,Mini Program,,,AI小说垂直类工具，专注于AI小说封面、小说推文视频等制作工具。此外，还提供丰富的AI工具，如抠图、证件照等功能。
wx9af9312113fafaa6,PP8188跨境支付,Mini Program,,,提供跨境解决方案服务。
wxfa9617c8ba406b49,PSOT近在跑步,Mini Program,,,PSOT近在跑步，运动时装品牌。名字源自Not So Far——不远了，更靠近。由时装设计师常梦创立，让跑步成为都市人自在拥有的日常。
wxfcd89434509eba52,psytest心理评估 D,Mini Program,,,心理测量评估管理医生端
wx35449b0520558915,Pull-Tab拉环咖啡,Mini Program,,,PT Coffee
wx819c7fa38967a1f1,Python编程教室,Mini Program,,,浅显易懂的 Python 入门级教程，适合零基础自学。让编程小白在手机上轻松学编程。
wx684e193cb9b88ea8,Python编程狮,Mini Program,,,Python编程狮是W3Cschool编程狮旗下专门为零基础Python编程爱好者打造的小程序，致力于帮助初学者入门，轻松迈入编程世界。
wxe9b0357477cd0057,P云管理助手,Mini Program,,,P云管理助手，提供一站式移动端管理能力，支持停车场管理、充电站管理、订单查询、财务结算等核心业务功能。
wx75e97ad177e2c05f,QCURE健康管理课程,Mini Program,,,提供教育信息咨询服务和健康管理信息查询。
wxf048f6c123ebc1f9,QLSunGym强力健身,Mini Program,,,强力健身
wx2baa829fa4852ed7,QQ阅读,Mini Program,,,QQ阅读是阅文集团旗下数字阅读平台，汇聚海量书籍内容，堪称居家旅行必备神器。打开一本书就如同开启一场新的旅行，欢迎来到QQ阅读。
wxa4bb0b423ee986ce,QQ阅读机构版,Mini Program,,,海量出版精品，助力数字阅读。
wxada7aab80ba27074,QQ音乐,Mini Program,,,QQ音乐小程序，是一款拥有海量正版音乐，每日首发新歌热歌，提供优质而上乘听觉体验的音乐播放应用。
wx817002210166fab8,QQ音乐听歌识曲,Mini Program,,,QQ音乐听歌识曲官方小程序，不再错过让你心动的音乐。
wx181e305dc1537562,QsLove 母婴生活馆,Mini Program,,,QsLove 母婴生活馆
wx2fd171106c38dd52,Qtels酒店管理系统,Mini Program,,,酒店管理服务，提供驾驶舱、报表等相应的酒店数据查看服务
wx0e8f0bd918de8fb8,QT兴趣课程预约,Mini Program,,,用于华师老年大学报名使用
wxd7af8bd09ce2e837,Qwerty英语背单词-听写默写,Mini Program,,,"小学英语，英语绘本，四六级，考研英语，新概念，雅思托福，英语教材，Qwerty Learner，#句乐部，#哇学社，#百词斩，#多邻国英语, RAZ分级"
wx5209163e671a6875,RawanYol导航,Mini Program,,,RawanYol导航下载及分享
wxb3be99b0723999ba,raz绘本阅读器,Mini Program,,,绘本阅读器，儿童绘本阅读器，在线绘本阅读器，免费绘本阅读器，绘本阅读器推荐，绘本阅读器使用教程，绘本阅读器适用年龄，绘本阅读器使用体验，RAZ绘本阅读，RAZ绘本下载，RAZ儿童绘本，原版RAZ，海尼曼，牛津树全集英语绘本
wx4748476ef4160dc0,RAZ英语阅读,Mini Program,,,【免费阅读】海量原版RAZ、海尼曼、牛津树等英语绘本，5千单词闯关背诵，轻松有趣，零压力提升英语阅读能力！
wx0aa6f8aca40ce482,Relife普拉提瑜伽,Mini Program,,,Relife专注于使用正确、有效、安全的运动方式，通过瑜伽、普拉提等功能性训练，重塑身体、重塑心灵，平衡身与心。
wx00f6f2b4674be960,REPRO型邦运动,Mini Program,,,repro型邦健身是行业内成熟的课程研发及培训赋能平台，致力于组建健身行业智库，搭建先锋的课程研发体系，为教练和场馆全生命周期赋能
wx48ca9d569b4b360e,Restonic Sleep,Mini Program,,,可查看用户的实时心率，呼吸率，以及睡眠报告
wx925c5aa927585b65,RM电影院,Mini Program,,,观影购票
wxf7277c0e080476b1,ROI电商计算器,Mini Program,,,电商ROI计算器、利润计算。达人和商家都可以轻松准确的计算投流ROI以及投产利润，爆单计划计算器。
wx0efe07264f797825,rok助手工具,Mini Program,,,rok助手工具，万国觉醒数据库，万国觉醒各种计算工具，统帅天赋加点攻略，埃及之战，KVK攻略，欢迎使用，迎9月23日国服开启。
wxfe6a5e24e2695eec,RSJ DESIGNER PLATFORM小程序,Mini Program,,,RSJ与国际多位知名设计师和艺术家亲密合作，以心传承每一件作品的卓越工艺和深厚文化内涵。
wx86477aa4d4da4508,Run4Better 小润-AI跑步教练,Mini Program,,,"小润，你的专属 AI 跑步教练。支持连接佳明、高驰等多品牌运动设备，为你提供专业运动分析、训练负荷评估与个性化训练建议，帮助每一位跑者科学训练、持续进步。
让跑步成为人人可及的生活方式。Run with AI，For better you。"
wx41aea7c50d3bee18,SAC证券培训,Mini Program,,,为证券行业从业人员提供面授培训服务
wx711523f76682514a,SAIF人工智能与数字金融,Mini Program,,,专注于量化投资与人工智能的前沿动态。我们提供专业的行业洞察、专家分享、实战案例和俱乐部最新活动信息。
wx2d4636f7322291a6,SAINT BELLA圣贝拉母婴护理中心,Mini Program,,,SAINT BELLA圣贝拉母婴护理中心，国内高奢月子护理品牌，独创艺术疗养，ISO9001母婴认证护理体系，坚持24小时护士一对一照护。
wxd1a677c6f9ac3e8a,SALOMON萨洛蒙运动社区,Mini Program,,,Salomon运动社区
wxb30a35cc845e4eb0,SAVAGE运动空间,Mini Program,,,SAVAGE运动空间线上约课平台
wxe8b07d816ff4609f,SCL90心理测试,Mini Program,,,心理测试大全、免费、全程匿名测试，包含SCL-90、SDS、PHQ、HAD等抑郁症相关测试、MBTI人格测试、焦虑症、强迫症、狂躁症、恐惧症等众多量表
wx3465e9d3b5edbb2a,scoornest科巢母婴官方店,Mini Program,,,科巢以自然健康的源泉出发，为宝宝绘制斑斓的成长蓝图，Scoornest将以最好的商品和服务贡献给每一个消费者。
wxb3d1a5a64130d16f,Scratch游戏,Mini Program,,,免费下载Scratch编程小游戏源码
wxa3019bc999d792ba,Scratch编程侯老师,Mini Program,,,◉ 华中科技大学->联想集团->创办侯老师编程网站◉ 免费课程 | 全网20万粉丝跟学，创意无限◉ 会员服务 | 一对一答疑，助力高效学习
wx81f935c906e0560f,SCRM门店,Mini Program,,,SCRM门店小程序是员工用于管理会员信息的小程序
wx5c23d53702c353e8,SEND WORLD预约小程序,Mini Program,,,抗衰热门产品预约小程序
wxbb7a143b8ad2ccba,Shopee跨境电商,Mini Program,,,Shopee是东南亚及巴西领航电商平台，覆盖新加坡、马来西亚、菲律宾、泰国、越南、巴西等十大市场。
wx5c0c4d343cbfb6f2,SIAN学习强院,Mini Program,,,“学习强院” 是我院专属医护线上培训管理小程序，面向全院医护、消毒供应、护理质控人员打造一体化数字化学习平台。
wx63d8bb3ea3980255,SIA课程方案,Mini Program,,,SIA课程方案定制工具
wxf771bcfaeddae1a5,SinloyCoffee辛鹿咖啡线下店,Mini Program,,,可快速点单，在线支付，领取优惠
wx2dabc281841a7212,SkyCast 天象,Mini Program,,,火烧云预报、空气质量实况查询，获取月相、日月升降信息。
wxfb18e30a877565f9,SkyGym凯奇健身,Mini Program,,,让运动成为习惯。
wx86c7bd7171842e04,sky测身高工具,Mini Program,,,免费快速查询自己的光遇光崽身高信息
wx5b444d0b38ccccdd,SK时刻健身24h,Mini Program,,,时刻24小时健身
wx30dd05399f338020,SleepMate,Mini Program,,,睡眠质量检测
wxedf4b7426dac5ac9,SleepMoment,Mini Program,,,SleepMoment是一款专注睡眠管理的自律打卡软件：支持记录入睡、起床时间，统计睡眠数据，呈现作息情况。告别熬夜，健康生活。
wx7b4c423205e4c4e8,SleepNoMore 不眠之夜,Mini Program,,,"The McKinnon Hotel, Shanghai"
wx7268531cd0569eb5,smart汽车,Mini Program,,,smart生活社区，smart车辆控制
wxcfc501320e027e88,SMIS安全生产管理系统,Mini Program,,,招商局安全生产管理系统隐患排查小程序
wx2c144c33a869f95b,SMP安全管理平台,Mini Program,,,本小程序用于企业安全数字化管理，实现点检点呼、安全检查、现场违规等工作的数字化操作及管理。
wx344bc86fb03f60d1,SO BUFF八福咖啡,Mini Program,,,为您提供更多精彩的内容
wx387c095605b8e79b,SOLE速尔健身器材跑步机按摩椅,Mini Program,,,SOLE速尔跑步机健身器材&按摩椅
wx4e615de1a086ab5e,somatch搭咖啡,Mini Program,,,somatch搭咖啡官方小程序
wx2aeecf8625072b84,SomethingFor咖啡,Mini Program,,,Something For咖啡官方点单小程序，主营精品咖啡&牛角包。让人们更好地喝咖啡，喝到更好的咖啡 ^_^
wx6c5e1405a873a147,SPACE课程预约,Mini Program,,,SPACE是引领动感生活，以Moved by Music理念，结合健身与娱乐开创健身3.0模式的健身品牌。课程多元，即刻预约，FIND YOUR SPACE
wx5f066deb36a0764b,Stacker News,Mini Program,,,商品与服务
wx6df9df426c25f7f8,supay支付,Mini Program,,,supay支付
wx5b740c0e4d55879a,suyou的直播橱窗,Mini Program,,,欢迎光临suyou的直播橱窗
wx9136f94996fa0dbf,SY客户,Mini Program,,,客户手机端识别该有的会员资料
wxe241a1d8464bc578,T3打车,Mini Program,,,T3出行坚持B2C运营模式，致力于成为最懂你的出行平台。更便捷的出行服务，更全面的出行保障，更多惊喜福利尽在T3出行小程序！
wx5bebea9bc8fdbc21,Tabelog日本美食餐厅预约,Mini Program,,,收录日本当地餐厅86万+家，真实口碑信息6571万+条日本 餐厅预约日本 美食日本 攻略tabelog食べログ
wxf19aa1b89ea436b1,TANG VISION摄影,Mini Program,,,会员小程序
wx60c7786dc2e2553d,TATA木门客户服务,Mini Program,,,做更好的门，给更多的人用，提供便捷的自助、互助服务！
wxd8159ba22e935624,TD课程助手,Mini Program,,,TD课程助手，方便您更好地学习。
wxb36a1e0de445d5b6,TEASTOWN茶鲜堂,Mini Program,,,进入小程序，可查看门店信息、优惠活动、推荐菜等，也可买单、领优惠、点外卖、留言点评等
wx72187c1432cfe5e4,Tempur Living智能睡眠,Mini Program,,,控制您的智能床。有背部、腰部、腿部上升或下降功能。按摩功能，夜灯功能，闹钟功能
wx061e4b9f73885f51,Tims天好咖啡,Mini Program,,,Tims会员中心
wx9025cac9e3d19e3d,TinTinCakeBoutique,Mini Program,,,TINTIN CAKE BOUTIQUE 的品牌核心理念，希望通过最质朴单纯的方式，通过对口味及品质的坚持，达到不用言传也能和大家形成默契。
wx9d76d5d07185f4e1,titem蒙文天气,Mini Program,,,蒙古文天气预报，蒙古语播报天气
wx1d96469f25d99065,TME发票小助手,Mini Program,,,TME票据小助手，便捷管理发票，提供发票与报销智慧体验
wxac6e3b6ae1f802bd,TMG潮流健身,Mini Program,,,The workout must go on.
wxf22330138134ad9d,TMS供应商客户端,Mini Program,,,配合DHL TMS运输管理系统使用，提供司机上报时间和调度员安排运输任务的功能
wx8f5f3860ded25f58,Tommy的直播橱窗,Mini Program,,,欢迎光临Tommy的直播橱窗
wx71a6af1f91734f18,TOPSPORTS滔搏运动,Mini Program,,,滔搏运动官方商城，专注提供优质运动鞋服，包括NIKE、adidas、PUMA、斯凯奇、匡威、添柏岚、VANS、李宁、Asics、NBA、鬼冢虎、凯乐石等品牌。
wx6cdae28fd3ff545a,TOPTOY商城,Mini Program,,,TOPTOY是一家致力于打造全球潮玩集合地的公司，围绕全球艺术家发掘/IP创作及运营/消费者触达/粉丝和潮玩文化推广。
wx76591c03626ecb01,Triplabo旅日丨日本交通景点购票,Mini Program,,,【Triplabo旅日】日本旅游业供应商官方认证订票平台，官方服务，系统直连，即买即用，安全方便。各类日本旅行电子票券一站式购买：新干线、机场交通、地铁通票等各类交通票券；热门景点设施门票、优惠套票；日本文化活动体验；巴士拼团游等。
wxcc28b94023d1a7c3,Trip旅游门店,Mini Program,,,为携程旅游门店用户提供专业旅游服务
wx70e8960da67e9974,TT123跨境电商,Mini Program,,,TT123 跨境导航
wx9e6454354f9df986,TTHotel,Mini Program,,,TTHotel-酒店客人的智能开门助手
wxa66ff8f3cc86d8a1,TT运动,Mini Program,,,全民运动会
wx8f278577d8f9d43f,Two Monkeys摄影,Mini Program,,,深圳/广州/佛山/东莞 八店连锁，集孕照和0-12岁宝宝/亲子全家福拍摄为一体的高端孕婴摄影连锁机构。
wx1f0af09c14261cfd,U&NI瑜伽普拉提,Mini Program,,,U&NI专注于传统瑜伽开设艾扬格基础墙绳等特色课程、阿斯汤加、普拉提、身心疗愈内观课程、儿童感统训练以及深呼吸疗愈传统瑜伽
wxc17b24c0a80d3e9b,U9健身,Mini Program,,,古德U9健身品牌
wxf3c71937b32cfab5,Uber 优步丨全球打车出行,Mini Program,,,优步提供高效便捷的打车服务，覆盖全球多个城市，是您日常与旅行的优选出行伙伴。助您一键叫车，轻松出行！目前小程序可在中国香港，日本，澳大利亚，新西兰，美国，加拿大，法国，意大利，德国，西班牙地区使用。
wx0d83a76ac2bcb890,umap先锋地图,Mini Program,,,行业专题地图定制系统，π生态实体商家位置共享地图
wx8d5b7ea96147ff92,Umap行业专题地图,Mini Program,,,专为各行业和大型连锁企业提供专题地图定制服务。
wx285d5df3fd5c19e6,UME电影,Mini Program,,,UME影城独家授权的小程序购票渠道
wxca210824647b87e5,UNDER SPACE睡眠中心,Mini Program,,,Under Space品牌隶属堂皇集团，提供健康、舒适平衡的睡眠解决方案
wx2352e20e85e6b4cd,UWANT友望客户服务,Mini Program,,,UWANT客户服务，为您提供一站式在线服务！
wx0219308b224fddbf,U享电影票,Mini Program,,,全国电影票低至9.9起，无需办理会员卡，无需领取优惠券，在线选座机器取票就是方便快捷！
wx13b4c4510ff63577,U净生活,Mini Program,,,基于美的洗衣机、净水机等电器的研发和制造能力，U净共享平台为高校学生提供在线支付的洗衣、饮水、电吹风等自助式服务。
wx6edfc50f9b5861d3,U默饮品店,Mini Program,,,营业时间：12:00-24:00
wxedac7bb2a64c41f7,VDOT跑步计算器,Mini Program,,,配速计算 、VDOT计算、成绩预测、马拉松等级查询、步频节拍器
wxba082a17aad5d495,VINTAGE QOO TOKYO,Mini Program,,,为您精选1980年代至2000年代初期的大牌单品。我们旨在通过它们无与伦比的精妙材质与工艺，为每位客人呈现复古的独特韵味。
wxe1f948b9ea887b35,vivo官方商城,Mini Program,,,vivo官方商城，提供vivo、iQOO最新官方正品手机/原装配件购买；vivo社区，与vivo、iQOO用户交流玩机、摄影技巧、评测等；使用小程序，第一时间了解最新产品动态及优惠活动信息！
wxe298f9f4442ea33e,Volcan 火山岩咖啡,Mini Program,,,我们是精品咖啡烘焙商，我们希望顾客随时随地都可以喝到最新鲜最棒的精品咖啡。
wx8666dc0f27cc1438,VR全景地图丨全景兔街景地图,Mini Program,,,VR家乡全景、VR全景地图、VR全景家乡、 卫星地图 、 VR美丽乡村 、街景地图 、 时代中原 、VR全景家乡、 卫星地图一码游时代中原街景地图。
wx302426a6e0d92504,VR全景导航系统,Mini Program,,,奉贤区政务服务中心VR全景导航
wxd1372444cfaec518,V管家记账,Mini Program,,,微管家记账是一款永久免费的记账小程序，共享账本是微管家记账的一大创新。本小程序由成都世帆科技技术部开发并提供运维，我们注重用户体验，为您的财务管理提供方便，我们只记录用户的收支，不收集用户身份信息，我们会尽最大的努力去保证用户的数据安全。
wx04091f797a199f15,Walmart全球电商,Mini Program,,,沃尔玛全球电商小程序，为您的跨境之旅保驾护航！
wx45360969b32e2fe8,WEDO STEM纬度少儿编程竞赛中心,Mini Program,,,服务家长，成就孩子，科教兴国
wxaa99067ca7dbeae4,WeLucky咖啡饮品,Mini Program,,,可快速点单，在线支付，领取优惠
wxa56a7d39f62f1001,WE普拉提瑜伽,Mini Program,,,健身休闲活动，主要用于会员线上约课，承诺不涉及宗教等前置审批内容
wx07e1a0c0f8204e17,We运动健身,Mini Program,,,教练时间线 × 学员生物钟，让每滴汗水精准落位。
wx59f1a9acce863442,WFC美食街区,Mini Program,,,位于朝阳区东三环CBD核心位置，环球金融中心M层。集美食、生活服务于一体的写字楼配套商业。
wxfa9a22c7db5d5918,Wings咖啡厅,Mini Program,,,可快速点单，在线支付，领取优惠
wxacf348aa92931c57,wmls巡吃地图,Mini Program,,,wmls餐厅推荐
wxab2898310450989e,WOAHCAFE别墅狗咖猫咖民宿,Mini Program,,,欢迎来找我们玩，我们有二十只小狗和8只小猫！一起感受生活的美好！地址：深圳市南山区南光路华侨新村13栋A，WOAH CAFE·别墅狗咖·猫咖主营：猫狗咖、民宿、宠物拍摄、宠物模特租赁
wx3093a53d2818d0f6,WOJJON I 外卖,Mini Program,,,欢迎光临
wx13cd99d542d173c1,WPS PDF工具,Mini Program,,,WPS金山办公旗下PDF转换工具、支持PDF转Word、PDF转图片、PDF转Excel、PDF转PPT、PDF文档合并、PDF页面提取等多种功能、高效便捷办公工具。
wxacd323dc751353f6,WPS 文档,Mini Program,,,WPS 官方出品的一站式办公服务平台，集优质内容、高效工具于一体。
wxe66629a225dbd0ef,WPS图片,Mini Program,,,WPS图片小程序，轻松搞定图片去水印/照片去水印、抠图、证件照、照片换底色、图片变清晰、图片转PDF/图片转文字/图片转Excel/图片转word等功能。（仅限用户处理其拥有合法权利的图片/照片内容）
wx97470c28f67d6213,WPS客户服务中心,Mini Program,,,提供WPS使用帮助与支持、服务进度查询
wx53f22ed6915cdf17,WPS表单丨考试测评问卷接龙投票,Mini Program,,,原金山表单，WPS旗下信息收集神器。提供问卷调查、报名登记、考试测评、投票、接龙、打卡等，百万条数据实时收集统计，整理汇总简单高效。
wxd5d49f17b601ffb8,WuliCoffee屋里咖啡,Mini Program,,,好咖啡，打一杯！专注办公室内无人零售现磨咖啡服务。
wx132b94087425d7f8,XiaoMei的食谱,Mini Program,,,美善品顾问的菜谱分享
wx957ee849b4e93d2b,XLIS西安梁家滩国际学校,Mini Program,,,该小程序用于加强我校的家校沟通，向家长和学生提供更加便捷的服务，例如查询学校校历、查看学生用餐明细、每周菜谱等
wx49cc065702f6beac,Xyoga预约,Mini Program,,,支持线上约课、购卡等，可及时关注场馆信息，参与馆内活动等
wxa204210981b6a07c,XY课程表,Mini Program,,,美观的显示华东交通大学课程表
wxeb7b0bc998c85676,YAMA瑜伽.普拉提,Mini Program,,,YAMA瑜伽普拉提在线约课
wx0f47bad3c49af885,Yang昜工具箱,Mini Program,,,雷霆战机工具、原神工具、绝区零工具、三角洲工具、短视频去水印工具，等多种实用工具持续开发新增中，欢迎投稿建议。Yang昜工具箱（曾用名：木易工具箱、木昜工具箱）。
wx3a751a2f71dcfb2b,YarraIT电商系统演示,Mini Program,,,YarraITService 电商系统小程序演示
wxae8f8752e63d7ae6,YD-看图知天气,Mini Program,,,一款公益信息查询工具。用户可在地图上查看当前位置周边的气象预警信息，浏览实时高速路况与异常事件公示。数据来源于公开气象与交通信息，仅作出行参考，不提供商业服务。本小程序为个人开发学习用途，所有信息免费公开，不涉及任何收费或商业经营。
wxb5c818c64065077e,YD时光相机,Mini Program,,,能在拍摄的照片上直接叠加并显示拍摄时地理位置（经纬度）、时间等信息的相机类小程序
wx124a8b03899b9982,Yestar义乌艺星医疗美容,Mini Program,,,和美丽的人一起做美丽的事。你让世界更美。
wx9ae9f52068bb69df,YJ食品企业落实主体责任,Mini Program,,,食品生产经营企业要建立健全食品安全管理制度，落实食品安全责任制。
wx0da09947defd64c4,YMD 睡眠报告,Mini Program,,,小程序仅提供数据记录与展示，不提供医疗诊断和任何支付相关内容；
wx1a4968a479b9f9b9,YMU教育学院学生签到管理系统,Mini Program,,,用于服务学校学院管理学生日常在校签到
wxcf563fddf4869199,YogaNow瑜伽指南,Mini Program,,,数据连通YogaNow官方App，让用户查询变得更加便捷高效。
wx04d75e29eec89210,YOGAWAY瑜伽之路,Mini Program,,,为都市年轻群体打造一片身心净土，改善城市人群形体、身体机能和容颜的同时，放空心与灵，在满足客户需求同时，追求瑜伽本质。
wx976f22437cfe9a75,YOTEA有茶,Mini Program,,,为顾客提供会员注册，消费得积分，以及线下免排队点餐等功能服务。
wx874188e864730fbc,YOUNGERFIT健身,Mini Program,,,从饮食到训练，从理论到实践的全体系线上健身交付平台
wx5cdff5d9ab5072fc,YOUR YOGA悠迩瑜伽,Mini Program,,,YOUR YOGA悠迩瑜伽
wxebbfb0c332a64879,YP云交易服务平台,Mini Program,,,提供技术服务收银台
wx91976a93b3154237,YP云服务平台,Mini Program,,,提供聚合服务收银台
wxb91ec3668bcab1e7,YP交易服务管理,Mini Program,,,提供技术服务收银台
wxd45424c7e8133f43,YTO客户管家,Mini Program,,,客户管家是专为企业和商家打造的快递服务平台，为您提供快递下单、订单管理、物流跟踪等服务。
wxe1b3e15846e4d2b6,YYLINK 智慧地图,Mini Program,,,智慧地图，旅游信息平台
wx3538e651c432208a,YY直播平台,Mini Program,,,YY直播闪耀的直播舞台，主播、大咖明星与您互动！
wxedb38bdde10fe262,YZC优资茶,Mini Program,,,奶茶饮品果汁
wx1af483233ad258ea,ZING瑜伽普拉提,Mini Program,,,ZING YOGA&PILATES 会员服务
wx1c037bf9df34499d,Zitovisar 人工智能,Mini Program,,,RAYTONN眼底照相机
wx0973d46cc1545f10,ZJG购物公园,Mini Program,,,时尚购物 活力公园
wx823eef564724be4d,Zxweather,Mini Program,,,北京志信环科是专业致力于气象、环保、水文、生态和环境监测的开发、制造、系统集成、系统解决方案和服务为一体的民营技术企业。
wxe51cc327feb4f017,一人出行,Mini Program,,,一人出行志在为区域内客户带来便利的出行方式，手机扫码即可轻松助力生活，为广大人民群众带来便利。
wx3f8a2cc2b707f7a9,一休校园生活,Mini Program,,,一休校园生活
wx3d59753ae4dc02a2,一休睡眠,Mini Program,,,一款专心睡眠的小程序
wx20ed4f430e390b46,一元商管客户服务平台,Mini Program,,,一元股份商户服务平台
wx572850019975df9e,一元地铁护航,Mini Program,,,"一元地铁护航，唯一正版小程序，其余都是盗版!我们俱乐
部立志成为三角洲最性价比的护航。"
wx67b366ecd406aa61,一句话记账本Pro,Mini Program,,,"一句话记账是极简记账工具，输入消费内容（如""午餐35元""），自动识别金额并分类，3秒快速记录。帮您轻松管理日常消费，省时省力"
wxefc73f68c3ed6129,一台通蓝牙学习机,Mini Program,,,电动车控制器智能识别学习
wx5cbb9f46b0170b20,一同记账,Mini Program,,,无广告的记账工具，100万人记账小程序，适合个人记账，家庭记账，生意记账，情侣记账，公司记账，班级记账，合伙记账，报销记账等。
wx26e9b71b3f38398b,一哥优购商城,Mini Program,,,壹歌团购，您身边的精选社群团购平台。我们致力于汇聚优质商品，以实惠的价格和贴心的服务，打造一站式便捷购物体验。在这里，您可以发现各类精选好物，涵盖日常生活、家居用品、美食零食、美妆护肤等多个领域，满足您和家人的多元化需求。
wxcedf5ef173344e57,一境莲音紫藤瑜伽,Mini Program,,,花间瑜伽
wxefac9d68009b06e8,一寸二寸电子照片丨拍启,Mini Program,,,一寸照、二寸照、简历照片，签证，会计证，四六级等电子照片免费制作
wx9875d4a1ba3d7bb4,一寸照片证件照,Mini Program,,,🔥一寸证件照制作|一寸照片制作|一寸照片生成器|一寸证件照生成器|手机拍一寸照片|免费一寸证件照|证件照制作|结婚证件照制作
wx4db5759f0db10cf5,一帮到底法律服务平台,Mini Program,,,专业法律服务，大事小情一帮到底
wx106d390bc15efff5,一应发票助手,Mini Program,,,一应平台开票小程序
wxe185dd9b95e23864,一影摄影,Mini Program,,,不论什么年龄，我们都可以更美
wx3cfef1f7990a1f68,一心堂药店丨一心到家网订店送,Mini Program,,,一心堂网上便民服务
wx20a6322348cf09bc,一拖CRM,Mini Program,,,一拖CRM小程序
wx63fba4f61e1cd156,一日一善课程,Mini Program,,,"1:消防设施操作员题库;2:社工证题库;3 导游证题库;主要是选择题和视频讲解,让学员在里面，刷题库 ,让学员考证书用的"
wxc7cd0b2e5e40d765,一机游上犹,Mini Program,,,为来上犹游玩的游客全面提供游前、游中、游后的信息；
wx60b82dd1a861db0a,一桉君坪达商户管理端,Mini Program,,,一桉共享空间商家小程序管理端，待客预约，验券开台，营收统计，分享，操作方便快捷
wxb8c112694efb81e1,一梵瑜伽周边,Mini Program,,,一梵专注为瑜伽行业提供一站式解决方案
wx2bc8d4d56498ef89,一水瑜伽,Mini Program,,,一水瑜伽普拉提，让你足不出户就能掌握周边场馆的排课信息，一键快捷约课、排队、自助签到，还能给喜欢的老师评价打Call。
wxeda7c94b288632dd,一汽大众汽车,Mini Program,,,一汽-大众官方小程序：涵盖帮我选车、购车咨询、预约试驾、立即订购等便捷功能，热门车型、政策优惠、精彩活动速览，带您开启精彩车生活
wxc8bbcc5d29b71a09,一点达校园外卖,Mini Program,,,提供外卖跑腿服务
wx89766ae4314997fb,一片天餐饮,Mini Program,,,平台上进行订退餐、消费流水记录、互动点评、营养餐推荐
wxc1520a19d3867a0d,一秒快跑步,Mini Program,,,每秒速度 + 1，一路狂飙刷新最快纪录
wx76f72ed5662b1b7b,一线瑜瑜伽普拉提,Mini Program,,,17701921561
wx064c9afa91080306,一绪寿喜烧CRM,Mini Program,,,一绪寿喜烧会员专用
wxfacd2955ae2c5c1e,一茉咖啡,Mini Program,,,方便顾客快速高效点单，下单结账
wxcbfa127f857c2790,一览职业丨求职招聘找工作,Mini Program,,,一览，专业技术人才求职招聘找工作好帮手。海量职位，行业细分，精准匹配，直接开聊，闪电入职。各行业的专业技术人才都在一览找到更适合的好工作。
wxfbf7c7dce733fdf7,一订出发订酒店民宿门票美食,Mini Program,,,一站式旅游出行服务；酒店民宿、景区门票预订；跟团游、自由行、研学旅行、康养旅居；个性化行程定制，私家精致小包团。
wx8ed5cd88bde006db,一起来点菜情侣家庭菜谱,Mini Program,,,个人、情侣、家庭和室友都能用的共享菜谱。支持自建家常菜、生成今日菜单，还能邀请家人朋友一起来点菜，轻松解决今天吃什么。
wx1ceb72cde048bcfa,一起班级管理,Mini Program,,,为老师提供班级管理功能
wxeb3251a86c2f2f70,一起生活,Mini Program,,,以学生为中心的物联网平台服务
wx89c82bb57b68ef5b,一起飞国际机票,Mini Program,,,一起飞国际机票网，专注国际机票业务，通过整合全球近300家航空公司的航班资源，提供约192个国家4088个城市的最佳票价。
wxfa9e6c295b3510a3,一键下载视频,Mini Program,,,视频下载，一键下载视频，无水印下载视频工具，视频下载器，一键下载短视频下载，短视频下载，视频下载保存到相册，视频下载助手，下载视频助手，提取下载视频，万能提取下载工具
wxd80250acd1fc02f9,一键保存视频,Mini Program,,,永久免费！保存视频|短视频保存|保存工具|去水印保存视频|一键保存工具|保存视频去水印|一键保存视频|保存短视频|去水印免费工具
wx21d8526260c90754,一键去水印工具 高效无痕,Mini Program,,,【一键去水印工具 全网通用】 免费不限次数 图片去水印 视频去水印 无水印视频下载 无水印图片保存！
wx608861f506e3d57f,一键去水印视频提取网红资讯,Mini Program,,,全能好用的视频提取器，一键去水印，简单高效欢迎体验 。
wxa49f6751445cf9a8,一键图片去水印工具,Mini Program,,,专注于图片去水印的小程序，去水印免费工具，一键图片去水印工具，免费去水印
wx0740493e424e035e,一键提取视频,Mini Program,,,视频提取，一键提取视频，无水印提取视频工具，视频提取器，一键提取短视频下载，短视频提取，视频提取保存到相册，视频提取助手，提取视频助手，提取下载视频，万能提取下载工具
wxbc4d3ac8e898bff0,一键照片去水印,Mini Program,,,图片免费去水印
wx88ff5ec14eb9930e,一键视频去字幕,Mini Program,,,一键无痕去除视频字幕和图片去字，精准擦除不损画质。操作简单直观，安全稳定，让你轻松拥有高清纯净的原画视频！
wxc0adf58867bbe11e,一镜摄影,Mini Program,,,独栋花园别墅原创摄影工作室，拒绝套路，绝无隐形收费。拍摄当天立拍立选。原创女摄影师，以女性视角捕捉独一无二的你。
wx1ccb4d171dd88162,一页 One News,Mini Program,,,专注于高质量，极致用户体验
wx9a1e763032f69003,丁香人才丨招聘求职找工作,Mini Program,,,"丁香园旗下专业医药生物求职招聘平台,为医生、护士/护理、医药、口腔等科室求职找工作提供真实岗位,是医护群体找工作的得力助手."
wxdf5d315e88a7c389,七十二民宿,Mini Program,,,哈尔滨江北学院路民宿
wx71ae99f84bd9b306,七十迈旅行,Mini Program,,,七十迈自由行路书
wx646614dc22b68e9e,七号冰室饮品,Mini Program,,,江门市六喜餐饮管理有限公司旗下品牌“七号冰室”
wx6b0c3f3184c7928e,七子直播,Mini Program,,,“七子直播”以服务乡村振兴为宗旨，为茂名市农民群众量身打造的直播服务平台。
wxa51950af9915abf3,七宝饮品 甜品 简餐,Mini Program,,,七宝融合型餐厅，饮品•甜品·简餐都有哦～
wx1122c4e4660b81f4,七年级英语上下册课本点读同步,Mini Program,,,七年级英语上下册电子书，七年级英语电子课本点读，2025七下英语新版教材，初中英语一二三年级上下册电子课本，人教版，沪教版，译林版，单词表，音频等学习更轻松！
wxa7f004a0b22f4211,七彩阅读少年新闻报,Mini Program,,,少年新闻报旗舰店
wx3cff7e862dbdac7f,七杯茶饮品点单,Mini Program,,,可快速点单，在线支付，领取优惠
wxa034a6eae38d4b58,七鲜咖啡,Mini Program,,,七鲜咖啡是京东集团于2025年11月推出的自有现制饮品品牌，其核心定位是“只用鲜奶”为消费者提供新鲜、健康且口感醇厚的咖啡产品
wx5cf9607ce50bcc60,万事通图片工具箱,Mini Program,,,完全免费！证件照制作、换背景，图片压缩KB、MB，图片变清晰，一键抠图，转格式等实用功能~
wx54723d14ca4df4c8,万利盛商城,Mini Program,,,万利盛商城
wx752aa41a4a573265,万华药房之家,Mini Program,,,万华大药房连锁有限公司线上小程序
wx794d662aac193283,万同万界跨境电商,Mini Program,,,海外品牌直采，正品保证，保税仓发货。
wxf42cf35b646cc09d,万味巡CRM,Mini Program,,,万味巡平台业务员内部使用，不含国家相关法律法规禁止内容
wxc5e4a102a99ec0d6,万和通发票查重系统,Mini Program,,,万和通发票查重系统
wxde68addd445bd7d8,万家云新闻,Mini Program,,,万家云新闻 股联网新闻信息服务许可证：14120190024
wx58d7fb6c8e5f5460,万家百事通外卖,Mini Program,,,外卖，同城，家政，中介
wxa4a2ae4ea647da23,万年青营销电商平台,Mini Program,,,万年青营销电商平台是万年青水泥公司为经销商开发的一款内部人员使用的小程序，功能包含：商品浏览、下单、对账、优惠政策查询等
wx0047eb3cfc5c68d8,万年青营销电商平台司机端,Mini Program,,,万年青营销电商平台司机端，主要是给经销商司机使用的小程序，供应商在商城下单指派司机，然后司机通过小程序认领任务，然后配送
wx4dab141204fff335,万得基金,Mini Program,,,基金数据查询小程序，随时掌握最新净值行情，一键推荐基金给朋友，数据来源：Wind，快来试试！
wxe278d6f78289e650,万德隆娱乐mall,Mini Program,,,最强的娱乐活动，最全的优惠信息，最好玩的动漫娱乐
wxe88f60fc2a3f549f,万悦会万达酒店及度假村,Mini Program,,,万达酒店及度假村旗下酒店的餐饮和客房预定业务
wx8b3c8a626bece9d3,万惠通能源科技,Mini Program,,,能源广达 · 电惠万家
wx810ce10aa6ccb95a,万控科技平台,Mini Program,,,万物皆可联，万物皆可控。
wx1ba23afacd4408b5,万方苑国际酒店,Mini Program,,,住宿，餐饮，会议预定
wx6073650033a275e2,万校互联教育,Mini Program,,,万校互联平台小程序提供教育产品和系统，服务广大学习者，大幅提升学生的学习效率。
wx93536d08eeba1128,万泽人民大药房会员中心,Mini Program,,,河南万泽人民大药房欢迎您
wxe0f6c61fa1c120d5,万物云物业服务,Mini Program,,,住这儿物业缴费是万物云官方小程序，为住户提供账单查询，物业缴费等服务。您也可以通过下载住这儿App，获取更多优质服务。
wxf64c2f53993a5e15,万珠美食城,Mini Program,,,欢迎来到智能人脸识别智慧餐厅！
wxb144ec9d8fa44b6b,万联易达SCRM,Mini Program,,,万联易达SCRM是万联易达集团内部的客户管理工具，支持线索流转、客户归属管理等功能。全渠道连接销售机会，让每一步转化都有数
wx994cf9b353e51241,万能提取视频,Mini Program,,,永久免费万能提取下载器|提取视频|视频提取助手|提取视频|视频提取工具|去水印视频提取工具|万能提取|免费去水印视频提取助手|去水印工具|短视频去水印|下载视频提取器|下载提取神器|提取器视频|视频下载器|视频下载神器|万能提取视频
wx6e44c810ab449f68,万能水印相机,Mini Program,,,万能水印相机，拍照自动添加时间、地点、经纬度水印的时间地点水印相机！用于打卡、工作、工程的水印相机，简单好用无广告的水印相机！
wx657ea2c6ac658c22,万脉医疗,Mini Program,,,健康咨询服务
wx2c2a01e51b93a9e4,万象服务,Mini Program,,,万象服务是一款由润楹物业科技服务有限公司打造的，集品质物业服务、多元化生活服务、和谐美好邻里于一体的综合性社区服务小程序。
wxfa34ec5a99da3374,万达商户服务,Mini Program,,,万达商户服务为万达广场合作商户提供一站式线上数字化管理服务
wx6718e4b1e9cce6b2,万达电影+,Mini Program,,,万达电影是万达院线旗下官方购票软件，覆盖全国万达影城的影片资讯，致力打造集购票、娱乐、生活于一体的休闲娱乐服务平台。
wx4fcdc59e019225b8,万达酒店及度假村万微商城,Mini Program,,,万达酒店及度假村万微商城
wxd2e4c8a8a563ae17,万达酒店及度假村旅行平台,Mini Program,,,万达酒店及度假村，官方直销平台
wxb341707295b32d38,万阅小书,Mini Program,,,热门小说
wx26364cb1cf4f1a7b,三五金融,Mini Program,,,分期无忧借钱借款贷款正规平台，备用金申请开通付借入口，对标悦贷宝微银360借条度小满众安贷小辉付去付借省呗美团借钱天美贷橙心贷东成贷放心借钱包十全贷水付速速享优享给出来付都会给包要民呗万会多年付有付他付万卡快快有密付贵付满心给水付一分花
wx11765dcd914c269c,三井住友海上保险,Mini Program,,,三井住友海上火灾保险（中国）有限公司官方自营平台
wxdede6dfea47fc62d,三亚华侨学校商城,Mini Program,,,三亚华侨行学校-校服商城，线上选款，无忧高效，一步直达
wxce0e50d5d9be2dcb,三亚国际友好中医疗养院,Mini Program,,,中医疗养、休闲旅游、药膳
wx3b360610b53fe7b7,三亚直播协会,Mini Program,,,三亚网络直播行业协会
wxb090470345b03e9b,三仟瑜伽,Mini Program,,,三仟·瑜伽是集瑜伽、普拉提、轻健身、教练培训、线上线下会员服务等为一体的瑜伽连锁品牌，致力于打造中国最有品质瑜伽会所。
wx753f95ad05b1bcd5,三刻钟健身,Mini Program,,,一家24小时开放的无人值守健身房，通过小程序自助出入门禁
wxc714ecedb2a625ea,三千琉璃美食,Mini Program,,,人间有味是清欢！
wxd47a50740a80e5dd,三只松鼠生活馆,Mini Program,,,三只松鼠生活馆小程序用于三只松鼠生活馆会员使用
wx9dc7605b8295a63a,三只鱼民宿,Mini Program,,,提供精品酒店民宿，玩的愉悦住的安心
wx9115293e2007c5a4,三号线地铁模拟器,Mini Program,,,模拟驾驶地铁三号线，休闲小游戏
wx2f3d9b34af2e62d6,三和超市购物,Mini Program,,,台州市三和连锁超市有限公司旗下小程序商城
wxea82215212bf0849,三基考试平台,Mini Program,,,开展二级及以上医疗机构医务人员“三基”水平测试和竞赛活动提升医务人员基础理论水平和基础知识掌握程度与基本技能操作能力。
wxf12aeb47e94624e0,三峡旅游直通车,Mini Program,,,旅哟·三峡旅游直通车，宜昌旅游一站式服务平台。两坝一峡、长江夜游、三峡升船机游船官方预约渠道，拥有三峡大坝、三峡人家、三峡大瀑布、清江画廊、三峡千古情等线路，宜昌景区直通直达。宜昌城区线下服务驿站：三峡游客中心、宜昌东站旅游信息咨询中心。
wxe61cd1886b87c71f,三年级上下册英语电子课本点读,Mini Program,,,三年级英语上册下册电子课本·三年级上下册人教版英语电子书·英语点读同步学英语工具，三年级人教PEP|精通|新起点|新目标版本，2024英语新教材点读免费体验🏆！帮助三年级学生学英语，提升英语成绩！
wx25ad95c2855f07cc,三得利饮料会员商店,Mini Program,,,三得利饮料会员店
wxe637dc778f8d4bde,三战助手工具,Mini Program,,,三国游戏爱好者，提供三国游戏最全的武将库，战法库，玩法攻略，各赛季配将推荐，以及功能齐全的配将模拟器。
wxce7eb01afd270221,三明住房公积金,Mini Program,,,三明市住房公积金管理中心小程序
wx35b7ca9c420021b7,三星财产保险,Mini Program,,,三星财产保险是三星集团旗下保险公司。为用户始终如一地创造更优产品、行使更高标准，不断为用户创造新的价值。
wxed8dce15ef4afa9c,三江云菜丨三江购物线上超市,Mini Program,,,三江购物线上超市-三江云菜，一键下单，最快30分钟送达！一站式购齐蔬菜水果、肉蛋海鲜、乳品烘焙、粮油调味、酒水饮料、零食雪糕、鲜花绿植、家清纸品、个护美妆，省时省力更省心。
wx31513abe0296bf3e,三江企业购,Mini Program,,,三江购物超市门店提供生活便民服务。
wx85ff25d582a90041,三点一四共享29小时健身,Mini Program,,,"一家不推销,不打扰的健身房,希望每天多活5小时,人生无限不循环"
wxea685146f316002f,三生石摄影,Mini Program,,,三生石摄影
wx1890e26335d307ca,三甲医院体检预约,Mini Program,,,体检官方认证，4000+公立医院，有教师资格证、胃肠镜体检、入职体检、编制、儿童生长发育体检、两癌筛查体检、全身体检、公务员体检、父母体检、PET-CT体检、健康证体检、婚前体检、无痛胃肠镜等套餐！支持退款、报告、陪诊等服务！
wx0d597826c192b84b,三秦乐行票务,Mini Program,,,"客运站网上购票,交通出行"
wxd3c5a09c9203db60,三立方咖啡 Cubic3,Mini Program,,,CUBIC3 COFFEE
wx555c75cd49448549,三类考试通,Mini Program,,,三类考试通提供安全生产三类人员考试题库，刷题练习，模拟考试，在线搜题等功能为一体的多元化在线学习软件。
wx8773c3149b715f69,三脚猫管理系统,Mini Program,,,三脚猫管理系统
wx6d237d7f5673f3f3,三角洲工具,Mini Program,,,三角洲行动工具大全|改枪模拟器|自动卡战备|同步价格数据|特色小游戏|任务树|靶场模拟器|护具维修模拟器|自动破译摩斯密码|特勤处制作排行|还有更多功能等你来体验...
wxe92e6f360119272a,三诺健康,Mini Program,,,您的糖尿病监测专家，致力于帮助糖尿病患者实现自我血糖管理！
wx4525aa7fd39644d0,三诺教育管理平台,Mini Program,,,三诺教育管理平台为线下零售合作客户提供医疗器械产品相关知识与活动，包括但不限于产品使用、产品介绍等
wx94e8a66a04aa1617,三野石摄影机构,Mini Program,,,三野石SANYES STUDIO官方平台，孕育高级美！
wxb8fbbfa333a53227,三阶搞定数学公式,Mini Program,,,数学公式全新升级！分阶段掌握管综数学公式，每日公式学习+5道习题轻松打卡~
wx5b6fe514a157145e,三餐菜谱大全,Mini Program,,,家常菜谱全覆盖，早餐午餐晚餐不重样。下饭菜、减脂餐、一人食、汤羹甜品，分类齐全。每道菜都有详细步骤和视频，做饭从此变简单。每天打开看一看，三餐不再愁。
wx93aded03d50dbb84,上勤办公,Mini Program,,,网上办公
wxd81d20ead2ad2ee5,上可味美食广场,Mini Program,,,上可味美食广场会员使用
wx58d1bb7c1e81a214,上尚饮品超市,Mini Program,,,"""线上轻松订水，线下快捷送达 | 桶装/箱装饮用水，一键下单即刻到家"""
wxda3ffc7b6e6a839b,上峰水泥电商平台,Mini Program,,,主营水泥、水泥辅料等产品，集水泥熟料生产基地、水泥粉磨生产基地于一体，致力于为国家的基础设施建设提供优质的产品和服务。
wx2f033c0faddd53b6,上峰电商司机端,Mini Program,,,上峰水泥电商系统司机端
wx8ceaf8135a21a301,上星学校家长订餐,Mini Program,,,本小程序主要是为上星学校在校学生提供订餐、退餐、缴费等服务。
wx8c251004323edd97,上汽通用汽车金融小管家,Mini Program,,,上汽通用金融小助手
wxf04876c1072c89b5,上海久十方私募基金,Mini Program,,,上海久十方私募基金管理合伙企业官方小程序
wxad00fce261abec59,上海医大云药房,Mini Program,,,方便查询
wxbf88b37b68093290,上海商业会计学校,Mini Program,,,上海商业会计学校校园一卡通应用
wx0c9b2c5cf4172b7a,上海宝虹娱乐,Mini Program,,,微官网小程序
wxa120c3ca354abd23,上海市城市科技学校一卡通,Mini Program,,,上海市城市科技学校校园卡
wx2c87f92910e644f0,上海市学校校园餐信息管理平台,Mini Program,,,利用信息化技术赋能学校食品安全管理，通过核验食材资质、数量、品质，监管学校食材验收等重点环节，落实学校食源追溯信息报送。
wxa20e8f96964d98df,上海市心理健康与危机干预实验室,Mini Program,,,上海市心理健康与危机干预重点实验室，是以华东师范大学心理学科研究力量为基础，通过 研究方向凝练和资源整合组建而成。
wxfd8a5c260adc7f55,上海市特种设备作业人员考试平台,Mini Program,,,上海市特种设备作业人员在线查询成绩、考试预约等操作的工具。
wx443b90f17d9d4d2a,上海市童医儿科预约挂号,Mini Program,,,上海童医儿科门诊提供预约挂号服务，医院开设语言发育迟缓、注意力不集中、学习困难、构音障碍、多动症、抽动症、厌学、自闭症等各类儿科疾病和青少年精神心理疾病诊疗，不定期有上海儿童医院和上海儿童医学中心医生专家来院会诊。
wxd8efad546c1cd4c4,上海摄影秘密花园,Mini Program,,,上海摄影活动组织
wxfaf7b33a97f5439e,上海文晟基金,Mini Program,,,公司2025年10月成立，基金业协会备案号P1075102，公司长期聚焦权益类及期货和衍生品类资产投资，注册资本1500万元，法人:马文胜
wx4eb9477b54b52520,上海机关青年超级阅读马拉松,Mini Program,,,上海机关青年超级阅读马拉松专用小程序
wx4f18ff22ff70a6a1,上海浦东国际机场停车场服务,Mini Program,,,PVG电子发票服务
wx010ba3ccc5a7d5d8,上海漫乐城购物中心,Mini Program,,,上海漫乐城购物中心，全时段情景式商业空间，集潮流时尚、生活美学、饕餮美食、运动健康为一体的消费场所，营造小资的社区生活
wx2bd89affbd4c07b0,上海电银支付有限公司,Mini Program,,,企业在线支付工具
wx93b10106b8fb871c,上海瞰瞻私募基金管理有限公司,Mini Program,,,公司介绍，信息发布，客户服务等。
wx1d7ddce169710ba7,上海科技馆自然博物馆天文馆门票,Mini Program,,,上海科技馆、上海自然博物馆、上海天文馆的门票和电影票销售
wx8e065a15592ac4b2,上海税务微服务,Mini Program,,,上海税务推出微服务应用，提供实时取号、网上预约和办税服务场所查询等服务，方便纳税人办税。快来体验吧！
wx811ec36721eacb1e,上海艺星医疗美容医院官方商城,Mini Program,,,艺星集团官方小程序
wx7219bd501c2ecfe0,上海艺星时尚医疗美容门诊部商城,Mini Program,,,上海浦东艺星商城
wx71ccccac0fe27810,上海证券e站,Mini Program,,,权威的金融资讯，丰富的金融产品，严谨的投教内容，上海证券e站为您e点即通！
wxd5406b0d661e316d,上海证券自营分公司咖啡吧,Mini Program,,,用于咖啡吧在线点单
wxde3ead9c9da57f9c,上海野生动物园小程序,Mini Program,,,上海野生动物园指定官方小程序
wx4cb3caa194aec822,上海金融街购物中心,Mini Program,,,上海静安新地标，城市公园艺术展廊
wx8b540af0d6fe1b5d,上海银华金融服务有限公司,Mini Program,,,内部办公使用，线下业务，通过小程序实现移动办公，提高工作效率。
wxad6f351b7529c453,上海锐耐私募基金,Mini Program,,,追求合理的投资回报，力争实现长期稳定增值收益。
wx86aa4050c9ba7259,上海附医儿童医院挂号预约,Mini Program,,,上海附医儿童医院挂号预约，专为儿童患者打造便捷就医平台。实时更新科室门诊排班、医师坐诊信息与空余号源，支持线上一键预约挂号，省去线下排队等候，轻松预约就诊，省心高效解决各类儿童健康就医需求。
wx1957d2538258878f,上海附医医院挂号预约平台,Mini Program,,,上海附医医院位于上海市，是一所集医疗、预防、科研、康复、健康管理为一体的现代化综合医院。医院开设泌尿外科、精神心理科、妇科、中医科、皮肤科、性病科等多个临床科室，其中泌尿外科与精神心理科为重点建设学科。
wx2019e8a80ace512e,上海附医医院精神心理科预约挂号,Mini Program,,,上海附医医院精神心理科预约挂号平台为您提供精神科、心理科预约挂号服务，专业诊疗抑郁症、焦虑症、精神分裂症、青少年心理、失眠症、双相情感障碍、躯体化障碍、成瘾、精神障碍、强迫症、植物神经紊乱、神经衰弱等精神心理疾病。
wx6a761a19d41cdc55,上海附医精神卫生中心挂号预约,Mini Program,,,上海附医医院精神卫生中心挂号预约为您提供精神科、心理科预约挂号服务，专业诊疗抑郁症、焦虑症、精神分裂症、青少年心理、失眠症、双相情感障碍、躯体化障碍、成瘾、精神障碍、强迫症、植物神经紊乱、神经衰弱等精神心理疾病。
wxa22f80af9b8618a9,上海音乐厅,Mini Program,,,经典音乐的殿堂、时尚音乐的窗口、普及音乐的家园。
wx1b4e764f5ee39223,上街招聘网丨郑西招聘求职找工作,Mini Program,,,找工作，招人才，就到上街招聘网
wx23b9ff7e4086bb52,上街遇见你民宿,Mini Program,,,遇见你民宿无人自助预约系统
wxc0ec10f855aeebc0,上观新闻,Mini Program,,,上观新闻App是由解放日报社推出的新闻阅读客户端。立足上海，放眼世界。
wx62e6844f4383761d,上饶卫生学校,Mini Program,,,上饶卫生学校
wx96864f216ff004d1,上饶投教小程序,Mini Program,,,上饶投教小程序采取线上线下联动、平台互补的创新模式，为全市中小投资者提供线下一门式接待、线上全口径覆盖的优质投教服务。
wxdeff31ac9165a36e,上饶银行,Mini Program,,,上饶银行推出的一款用于客户线上业务办理、我行客户经理营销以及我行管理人员管理的线上服务平台
wxb11f14b08a38ba44,下厨房+,Mini Program,,,这里有厨友分享的超100万个菜谱，陪你探寻美食与爱。同名 App “下厨房”为 App Store 精选推荐，可在应用商店下载。
wx67e3b9d9e317928e,下载视频提取,Mini Program,,,万能视频提取，视频提取，提取视频，视频提取助手，提取视频工具，短视频提取，视频提取器，下载视频提取器，链接提取视频，全网视频提取，视频提取保存到相册，视频提取助手，视频免费下载，无水印下载到手机，百度视频提取，提取下载器、全能提取下载，免费
wx190fd86261c66fe7,下载视频提取器,Mini Program,,,视频提取，视频视频提取，下载视频提取器，视频万能提取下载，提取器，提取器助手，提取器下载，一键提取视频，万能提取，万能提取下载器，视频提取下载神器，视频下载保存工具，下载视频，视频下载助手，万能视频提取，视频提取下载，视频提取保存本地
wxfcff77600907eb88,不倒翁健身Fitness,Mini Program,,,不倒翁健身是海口本土月付品牌，“一店办卡·品牌门店”。立志于2026年在海口开设20家纯月付门店，做一家海口人家门口的健身房！
wx34f8a7ad6fc7383e,不咫咖啡COFFEE,Mini Program,,,八毫旨订货小程序
wxbc8edff9491f98ee,不小二法律助手,Mini Program,,,律师不二的法律助手，提供LPR利息计算、律师费、诉讼费、工伤赔偿、执行利息等计算功能，及律师开庭提醒、天数计算、录音转文字、律师常用合同模板等功能。是专业的法律计算工具、律师必备工具箱、律师云助理。
wx687333806fa14c76,不早起餐饮,Mini Program,,,提供营养的早餐
wxbf73781e0821bfa3,不朽丰碑励成长青少年实践地图,Mini Program,,,“不朽丰碑励成长青少年实践地图”教育智能平台，专为青少年量身打造的“行走的思政课堂”。
wxbf51d61795d4b40c,不空-钓鱼天气钓点助手,Mini Program,,,钓鱼天气预报分析，钓点查询，高清卫星地图，可一键记录上鱼时刻的天气，钓点，饵料以及水深等，形成个人专属的“鱼情档案”了解爆护/空军原因。
wx048ea08ffe4c1d03,专业水印相机,Mini Program,,,超级水印相机，一款免费添加时间水印、地点水印、定位水印的专业水印相机，工作考勤、生活旅游打卡、取证拍照时间戳真实的超级水印相机
wx53b1856622698b29,专业课程表,Mini Program,,,专业课程表小程序，支持分享和导入课表，适合所有学生和教师
wx337f48a558ef1733,专二港式饮品,Mini Program,,,专二港式饮品自助点单，下单免排队/外卖送到家。
wx0078f27d4d964d18,且坐咖啡饮品,Mini Program,,,方便于周边群众购物
wxdef0d1bd4c470572,世界機器人總聯盟小程序,Mini Program,,,世界機器人總聯盟
wx0ecc09fda00eecd7,丘大叔柠檬茶,Mini Program,,,下单免排队，外卖送上门。
wx71c4d6ef6016301a,业之峰CRM,Mini Program,,,业之峰内部CRM小程序，为设计师，客户经理，项目经理等人员提供便捷的客户关系管理工具
wxaea9f5953e089402,业余无线电工具集,Mini Program,,,提供全球呼号、电台测距、传播预测、APRS电台、卫星过境、HamSpot、梅登海德网格定位、DMR ID、全国中继台、业余无线电基础知识速查等信息查询、EME月相及通联日志记录、业余无线电操作证练习与模拟考试、CW练习、大圆图等功能。
wxd0aea94a5ff779a9,业务工具,Mini Program,,,销售人员管理工具
wx3e34d2671dce4acb,东北农业大学校园卡,Mini Program,,,一码在手，校园畅游~
wx0d14a74565a52704,东北证券融e通,Mini Program,,,东北证券官方出品，助您了解前沿市场资讯、体验流畅业务办理、享受贴心的投顾服务，体验专业的资产配置平台，赢在东北方。
wx26c71252d2712182,东南大学附属中大医院智慧医院,Mini Program,,,东南大学附属中大医院互联网医院小程序
wxa1d1d0e7cc703373,东原智慧停车,Mini Program,,,东原智慧停车服务
wx1d94edb5d0ae173f,东台市长跑运动协会每日跑步打卡,Mini Program,,,跑步打卡
wx7e9a7da11d066fed,东吴证券SCRM,Mini Program,,,东吴证券客户服务平台
wxb89d338fd912c2b7,东吴证券数创中心,Mini Program,,,东吴证券数创中心聚焦数字金融创新，重点打造研发中心、运营中心和技术服务中心，同时吸引标杆金融企业进驻，形成优势企业集聚效应，助力苏州数字经济发展。
wxa4b8c0bda7f71cfc,东呈酒店预订城市便捷宜尚怡程,Mini Program,,,"东呈酒店官方小程序 ,旗下品牌：城市便捷、宜尚、怡程等多个酒店品牌，全球超200+城市，3000+分店，等您体验!"
wx135e58c1a128d903,东和茶叶,Mini Program,,,茶产业综合服务中心
wx74486bb843bf2294,东城公交,Mini Program,,,智慧出行，绿色出行。
wx7ccf92f2f02d1ec1,东城区属公园票务管理,Mini Program,,,东城区属公园票务中心，可购买东城区区属公园门票。
wx0a74d6a9bb94c470,东大金点企业平台,Mini Program,,,平台提供用户身份核验、一码通等功能，连接线上和线下服务。
wxd525d020849c0293,东奥税务师题库,Mini Program,,,东奥税务师题库为考生提供税务师题库刷题，税务师真题练习，是税务师考生的优质题库。东奥官方出品，助您轻松过关。
wx6b92fb57d9cc008c,东教校服商城+,Mini Program,,,东教商城+，一站式教辅采购平台，全新的购物体验。
wxb01432820a741a11,东方公安政务e网通办服务平台,Mini Program,,,东方公安e网通办小程序通过数字智能平台实现公安政务服务网办，实现户政、出入境、交管、治安、禁毒、网监业务从线下跑到线上办
wx0c3e17d715484d0a,东方大地校园综合保险,Mini Program,,,面向湖北本地学生及家长，在线投保学平险保险产品
wx523af16c339ddd3c,东方小新客户端,Mini Program,,,内部管控
wx66b04eb151e7625f,东方明见心理-明见空间,Mini Program,,,东方明见心理·明见空间心理咨询预约
wxfb46132529bc4653,东方美食餐饮学堂,Mini Program,,,东方美食餐饮培训，采用全新“1+7”餐企培训模式，专注餐企成长培训服务32年，志在推动中国餐企成长进步！
wx924e387235815dce,东方财富 股票开户 股市行情,Mini Program,,,东方财富旗下集行情查看，股吧交流，资讯浏览为一体的综合类股票小程序。
wxadf8cee368c0a662,东方财富证券服务+,Mini Program,,,东方财富证券股份有限公司简称东方财富证券，是全国性综合类证券公司，系东方财富信息股份有限公司旗下全资子公司
wx7e98237a4154ffc7,东方购物,Mini Program,,,线上商城，一键直达！
wx7e5f0bf470f60e89,东方闻道教育平台,Mini Program,,,闻道平台
wx74ec8aa8f0b8a3d5,东正汽车金融客户版,Mini Program,,,为东正汽车金融客户提供征信授权、合同在线签署、还款管理等服务
wxc74fef8d0deb1df3,东湖学院运动场馆智能预约系统,Mini Program,,,武汉东湖学院南校区运动场馆智能预约系统
wx6eea058bca133a66,东湖新技术开发区喜酸饮品,Mini Program,,,东湖新技术开发区喜酸饮品
wx8a87fb8387804213,东犁退休俱乐部丨旅游美食购物,Mini Program,,,上海都市频道《我们退休啦》官方小程序，为中老年用户提供聚会团餐/聚会出游/跟团游/出境游/酒店/旅居/老字号美食/时尚好物等产品
wx14b9d3bdc85a2771,东秦校园卡,Mini Program,,,东北大学秦皇岛分校 校园卡充值、交易查询、扫码支付等移动端服务。
wx9e3144bfa8c26ba7,东篱课程助手,Mini Program,,,金东·东篱托管课程助手，用于反馈学员上课情况，方便家校沟通
wxb628c65d07fe384c,东莞农商银行,Mini Program,,,东莞农商银行官方小程序，为您提供账户查询、生活缴费、网点预约等服务。
wxabcfb0a2d7159c98,东莞市妇幼保健院智慧医院,Mini Program,,,预约挂号、门诊缴费、报告查询
wx4d303dc69f029e4e,东莞市嬉游潮玩娱乐有限公司,Mini Program,,,东莞麻涌嬉游潮玩家庭娱乐中心欢迎您！
wx653a8310c923e3da,东莞市步步高实验学校消费助手,Mini Program,,,饭堂消费充值
wxf1949fac286bac06,东莞市电子商贸学校智慧校园,Mini Program,,,东莞市直属公办学校、国家级重点中职学校
wxa8b9e971b044f5a5,东莞市联合电子商务公共服务中心,Mini Program,,,提供优质电商服务
wx1ecdda2284b7ea12,东莞市金鼎臻餐饮服务有限公司,Mini Program,,,欢迎来到智能人脸识别智慧餐厅！
wx68dba4d419702787,东莞通公司,Mini Program,,,提供东莞通乘车码优惠、东莞通卡余额查询、公交地铁查询等服务。
wx1f8fa2cdcb6c99d1,东莞银行信用卡,Mini Program,,,东莞银行信用卡小程序主体是东莞银行，本平台主要为东莞银行信用卡客户提供信用卡申请、查账还款、营销活动等金融服务功能。
wx2ab26cacbfa98e8d,东菱花样食谱,Mini Program,,,为东菱会员用户提供海量免费官方食谱、产品知识、产品操作指南、会员、商城等一站式会员服务。
wx04b79e46dba3ad43,东证服务,Mini Program,,,东莞证券服务小程序
wxd43ac0369857cf03,东阳剧院票务,Mini Program,,,宣传东阳文化旅游体育信息
wx597a18285403bce7,东隅酒店EAST Hotels,Mini Program,,,欢迎来到东隅，即刻展开你的新奇探索。从日常短暂抽离，来到一个属于异想家们的乌托邦。任何敢于探索不同、寻求更佳解决方式的人，都会在这里找到属于自己的一隅。
wx7a2032691bae1da3,东风汽车金融,Mini Program,,,这是东风汽车金融有限公司（简称东风汽车金融，前身：东风标致雪铁龙汽车金融有限公司）官方客户资信预审核小程序。
wx8c43a7584b4d9db8,东风汽车金融客户服务,Mini Program,,,东风汽车金融有限公司官方贷后客户服务小程序
wx2015f81be99f1327,东风金融,Mini Program,,,东风金融面向客户的贷款服务平台
wx3ba7e0076cc52130,东高股票,Mini Program,,,提供专业的投资顾问
wx63c5c7795895b3d4,丝薇美业商城,Mini Program,,,丝薇商城是戴森中国授权销售平台。
wxed3e299d63d529ad,两木林草本饮品,Mini Program,,,元御堂（漳州）生物科技有限公司
wx8960379a0c72d644,两江四湖象山桂林全域旅游网,Mini Program,,,提供专业的导览服务，包括旅游攻略、导游功能、预订旅游产品功能。
wx6cb8fe48d6c4cc05,两江行客小居民宿,Mini Program,,,用来记录我们自家民宿和青旅的入住信息
wxedbb95f7822a05c8,个人记账小本本,Mini Program,,,笔记，随手记录，记账。
wx08522e1ba5206f79,中交出行丨打车拼车包车租车,Mini Program,,,中交出行网约车
wx3d4ec0de63d261f6,中企新闻社,Mini Program,,,是面向全国的综合性互联网新闻平台，欢迎机构及个人入驻。互联网新闻信息服务许可证：51120200145
wx465f798fe7f0360a,中体运动空间,Mini Program,,,致力于打造集体育健身、青少年培训、赛事文化活动策划承办、体育空间内容提供等多样化业务于一体的综合特色体育服务平台.
wx3123246c40ede68c,中信建投证券投教基地,Mini Program,,,中信建投证券投教小程序
wx8ac40ad4e4967d1c,中信建投证券投资人平台,Mini Program,,,中信建投证券投资人平台移动端
wx5fea3176ae5307ee,中信建投证券研究服务,Mini Program,,,中信建投研究小程序由中信建投证券股份有限公司开发，为符合要求的客户提供证券研究报告、事件速评、资讯产品、会议等产品与服务
wx38d855c56b1d8e5a,中信建投证券管理人服务平台,Mini Program,,,中信建投证券管理人服务平台移动端
wx6384ccdc8dd3b3c0,中信消费金融有限公司,Mini Program,,,凭身份证等材料在线申请！额度高至20万元！
wx70e6ae4076a06b02,中信证券基金服务,Mini Program,,,中信证券基金服务
wx6bb1a3e0a5a1bbcb,中信证券基金服务投资者平台,Mini Program,,,受基金管理人委托为其份额持有人提供基金产品信息披露查询及业务办理等功能；作为托管人面向份额持有人提供托管人信息披露服务
wx195a7e4cfb13e85f,中信证券小信做市台,Mini Program,,,小信做市台
wx72633f5cdda493a5,中信证券校招视频面试,Mini Program,,,欢迎进入中信证券校园招聘视频面试小程序，您可以通过小程序方便快捷地上传面试视频。祝您面试顺利！
wx964ed31e78d103a2,中信证券研究服务,Mini Program,,,本小程序旨在为中信证券研究部的签约机构客户提供研究报告与投研观点的分享与在线传阅，为客户提供便捷的资讯服务体验。
wxa8b92002f1fc51df,中信证券证券金融,Mini Program,,,中信证券证金线官方小程序服务平台，为您提供最贴心的线上服务、最充实的投教信息、最全面的投研资讯，助力您的两融投资。
wx2fa4ebef2b2fe50e,中信证券财富管理,Mini Program,,,为客户提供专业、丰富的的基金、理财产品。
wx886b6a5d3603ae7d,中信银行,Mini Program,,,无论何时何地，全年7*24小时与您温暖相伴。
wxf8778ab8bed5f219,中信银行信用卡,Mini Program,,,【官方】中信银行信用卡小程序，为您提供信用卡在线申请办理、快速审批，进度查询、账单查询等金融服务。
wx3f64e658810cca0f,中信银行全付通,Mini Program,,,线上生活服务平台
wxbd6c718f01892ce3,中信银行发啦,Mini Program,,,发啦小程序
wx17bc9baf7fe1c012,中信银行智慧缴费,Mini Program,,,中信银行智慧缴费，为缴纳学费、餐费、杂费、物业费或其他生活类费用提供服务平台，是一款简单便捷、安全又轻量化的缴费工具。
wx8872ce95155318ac,中公教育综合助手,Mini Program,,,中公教育为您提供事业单位笔试、面试等阶段的备考服务。
wxdabe86486ea8d3f0,中兴通简税发票查验,Mini Program,,,一键扫码或手工录入查验发票，1分钟可查百张，对接官方通道，安全高效又可靠。
wx4f4d099bf832b1fc,中加基金服务号,Mini Program,,,忠您所托，信赖有加！中加基金专业服务于理财经理的营销服务平台。
wx462aa4a24894f113,中化保险经纪,Mini Program,,,中化保险经纪
wx2fd6455d0ca83fe1,中化车生活,Mini Program,,,中化车生活是中化石油推出的一款加油软件，软件汇集了闪电付、一键加油等多种快捷支付功能，还提供丰富会员权益和上千种线上商品。
wxcdf745a355260491,中南乐游城购物中心,Mini Program,,,服务于综合体
wx9fc4d5fe6569ae2b,中南大学校园交通管理平台,Mini Program,,,服务校园交通管理，实现机动车上牌登记、非机动车实名认证、校园交通违停违章管理，让校园更加安全有序。
wxdbe4dd19ee409ed9,中南大学湘雅三e院,Mini Program,,,中南大学湘雅三医院线上预约挂号、缴费。
wx4317b293c2c78b38,中南大学湘雅二医院,Mini Program,,,医疗服务
wx3ccc42d9fba12b87,中南大学湘雅二医院互联网医院,Mini Program,,,提供线上线下融合的一站式医疗服务，包括便捷就医服务：线上挂号、缴费、报告查询、住院全流程管理等；多元诊疗模式：首诊咨询、在线复诊、团队问诊、用药咨询等；特色医疗服务：院内制剂购买、自助开单、医技预约、全病程跟踪管理等。
wx288023edc466c612,中南大学湘雅医院,Mini Program,,,开展互联网在线咨询、在线复诊等互联网诊疗活动。数据多跑路，百姓少跑腿。
wx6cda61c2a6bcf885,中原保险,Mini Program,,,中原农险礼品卡
wxde76b2053242bb74,中原消费金融,Mini Program,,,提供优质的借款服务
wx518d69a9ebd34eb4,中原科技学院智能门锁,Mini Program,,,中原科技学院智能门锁小程序
wx3ff919afe3176161,中原证券客户认证,Mini Program,,,中原证券股份有限公司客户认证小程序。
wx664b37d52bf1678d,中原证券智能名片,Mini Program,,,中原证券智能名片
wxc57de78aa6e5c6d9,中国中信金融资产融易淘,Mini Program,,,中国中信金融资产管理股份有限公司不良资产营销推介平台。
wxaaaca52edc0a6e69,中国中医科学院望京医院,Mini Program,,,提供预约挂号等业务
wx9e571d1081ce322e,中国中医科学院眼科医院,Mini Program,,,中国中医科学院眼科医院实现患者在线健康和实现手机预约挂号功能。
wx249ce6d7002e11ea,中国中小企业协会信服工委,Mini Program,,,中国中小企业协会信用增值服务工作委员会简称信服工委。聚焦于帮助企业实现信用展示、信用传递、信用增值，让企业的信用更有价值
wx9c032850705e5d5f,中国交通建设监理协会报名系统,Mini Program,,,主要用于监理业务培训考试、行业培训及会议的在线报名，扫码签到，报考人员考试信息和证书查询等功能
wx035014b3fc633d4b,中国人事考试图书网,Mini Program,,,中国人事考试图书网是中国人力资源和社会保障出版集团主办，为广大考生提供事业单位、专业技术人员职业资格考试的图书销售网站。
wxf530849f40a67a61,中国人保健康,Mini Program,,,中国人保健康保险销售服务平台，专注为客户提供多层次、多样化的健康保险和健康管理服务。
wx005dbc702dc6a3e7,中国人保财险丨车险意外险健康险,Mini Program,,,中国人保财产保险股份有限公司官方小程序，提供车险、意外险、健康险、旅游险、家庭财产险投保等服务。
wx276554f0da6b6589,中国人寿保险商城,Mini Program,,,中国人寿寿险官方自营保险商城，为您提供优质的互联网人身保险产品和服务
wxa6cda9559941b008,中国人寿财险空中服务,Mini Program,,,提供热门产品在线投保以及理赔、查询、咨询、增值服务等保险服务的官方服务平台。
wx3cc8d40e3d785de5,中国人民保险-寿险银保健康管家,Mini Program,,,人民人寿银保管家小程序是面向寿险客户打造的一站式健康管理服务平台，旨在通过整合资源，为客户提供便捷的健康管理服务。
wx3e02b2df8616c7fd,中国人民大学,Mini Program,,,作为中国人民大学内网门户的移动端，集中展示校内通知公告、待办、资讯等，支持移动办公等移动端应用。
wx8c42096613665ada,中国人民解放军东部战区总医院,Mini Program,,,本小程序为中国人民解放军东部战区总医院官方就诊服务助手，主要提供线上挂号预约、门诊缴费、报告查询等智慧医疗服务。
wxe7ab4bac193578d0,中国人民革命军事博物馆票务预约,Mini Program,,,中国人民革命军事博物馆门票预约官方小程序。
wx739205babbce1a8b,中国光大银行,Mini Program,,,中国光大银行官方小程序
wx6c72f53928b013b5,中国共产党新闻网网络知识竞赛,Mini Program,,,“学习党的二十大精神”大型网络知识竞赛活动
wx3becfb61a5b28595,中国军号,Mini Program,,,中国人民解放军新闻传播中心官方小程序，提供权威、全面、及时、专业的军事资讯服务。
wx00d7e5b4f8a201ca,中国农业银行金穗惠农通,Mini Program,,,中国农业银行金穗惠农通官方小程序
wx6be33a5441232b5f,中国医科大学附属盛京医院,Mini Program,,,网上预约挂号，云诊室，在线咨询等网上就医功能
wx729238547ac7a14c,中国南方航空,Mini Program,,,南方航空伴你行，随心所欲预订机上餐食、随时随地掌握航班动态，更多惊喜等着你，快来体验吧！
wx9a3893680f79ad31,中国地质大学医院智慧医疗,Mini Program,,,厚德精医  仁爱砺行
wx8019b3966408c008,中国地质大学能源管理系统,Mini Program,,,中国地质大学（武汉）能源管理系统
wx0c73adfe96a682e5,中国大地保险,Mini Program,,,中国大地保险官方小程序，为您提供专业、高性价比的保险产品，一站式解决在线投保、线上咨询、保单查询等服务。
wx0288a8ba29bfdaf5,中国天气网,Mini Program,,,内容包含：天气实况、空气质量、预警、未来2小时降水预报、逐小时天气预报、未来15天预报、生活指数… 凭借中国气象局强大的气象科研实力，为您提供更精准、及时的天气服务。
wx456b27129fb585b7,中国天气通,Mini Program,,,中国天气通小程序，结合中国气象局与美国AccuWeather专业气象数据与服务技术，为用户提供全方位、多角度、高精度的气象信息服务
wx8f8522b216da7b0c,中国少年儿童出版社,Mini Program,,,中国少年儿童新闻出版总社官微，专注于为学龄前家长提供便捷的育儿资讯、亲子阅读、推荐国内外畅销的绘本。
wx307e11636e7679c6,中国建设银行,Mini Program,,,中国建设银行官方小程序，为您提供便捷、轻量、安全的一站式金融服务。
wx7d41881232e9b92f,中国志愿服务协同平台,Mini Program,,,弘扬志愿精神、普及志愿理念、培育志愿文化、 汇聚志愿力量。
wx32bc787af65af63f,中国投资者网证券期货在线调解,Mini Program,,,中国投资者网证券期货在线调解。投资者可对证券期货纠纷案件在线申请调解、参与调解、达成协议，查询案件进度和历史结果等。
wxa56afc785454c86b,中国教育考试网,Mini Program,,,中国教育考试网小程序由教育部教育考试院主办，向考生提供成绩查询等服务。
wx3fb69904355a0e7a,中国新闻发展浙江图像采集中心,Mini Program,,,提供信息采集服务。
wx8796190026de214f,中国气象人工智能服务系统-风和,Mini Program,,,通过整合先进的气象数据处理技术，为气象服务业务人员提供专业化支持，同时为公众提供便捷的天气预报、生活建议等智能化服务。
wx804903285f09641d,中国气象局一体化政务服务平台,Mini Program,,,中国气象局行政审批事项在线查询系统。
wxecfb2d71ddaab3ef,中国法律年鉴,Mini Program,,,中国法律年鉴社为进一步开展发行工作，开发小程序中国法律年鉴，主要提供线上购书服务，致力于为客户提供更方便快捷的购书体验。
wx3eb98d3f79ce8220,中国法律服务网,Mini Program,,,为社会公众提供法律事务咨询、法律服务指引、法治宣传教育、法律法规与案例查询、信用信息公开等公共法律服务。
wxed5752655fd2dd95,中国海峡人才网丨求职,Mini Program,,,海峡人才网现有个人会员近300万人，企业会员10万多家，是福建省事业单位中国海峡人才市场旗下网络招聘平台。
wxdff189a3c910e75f,中国科大体育运动场馆预约,Mini Program,,,提供中国科学技术大学体育运动场馆预约服务
wx2c0837274f1a69e1,中国科学技术馆票务系统,Mini Program,,,中国科学技术馆门票预售小程序
wx28a63eb2be23c0fd,中国科学院大学教育基金会,Mini Program,,,中国科学院教育基金会接受和管理社会各界提供的各类捐赠，为促进教育事业创新发展及院系募集、管理研究所基金提供平台和服务。
wx7472c8fd37d71b32,中国税务出版社有限公司,Mini Program,,,中国税务出版社是国家税务总局主管主办的中央级国有文化企业，是全国唯一的税务专业出版社。
wxef5b5f7ee72d2658,中国税务报,Mini Program,,,《中国税务报》创刊于1991年1月3日，是国家税务总局主管的全国性经济类专业报纸。
wx690ef6a9a9fb89b7,中国税务报网上商城,Mini Program,,,《中国税务报》是你“掌上的财税图书馆”，在网络版中我们更为你精选万册畅销书、万集音频节目，伴靓你的阅读时光！
wx0f36d583b96d4aef,中国税务杂志社电子刊,Mini Program,,,中国税务杂志社面向移动客户提供的《中国税务》、《税务研究》、《国际税收》及《“一带一路”税收》期刊阅读平台。
wxba7e4cc7c42efdcf,中国红十字基金会,Mini Program,,,扫码公益募捐
wxaedec8f5c0b2940d,中国职工发展基金会公益平台,Mini Program,,,中国职工发展基金会是由全国总工会发起成立的4A级全国性公募基金会，是民政部认定的慈善组织，是全总党组、书记处管理的直属单位。
wx69dbe9064f6c0e09,中国航空报,Mini Program,,,航空工业news是中国权威的航空资讯传播机构，提供航空及上下游产业链资讯，以及全媒体传播与服务。
wx886be21c55fd7eb8,中国蓝新闻客户端,Mini Program,,,中国蓝新闻，和你一起，与时代同频。
wxa1fe71d1ff9e6dec,中国跨境电商交易会,Mini Program,,,提供展览及会议服务的线上展客商对接服务系统。
wx925d4eb4d2a8540d,中国近现代新闻出版博物馆票务,Mini Program,,,中国近现代新闻出版博物馆票务小程序提供散客、团队及儿童出版馆“童声八音盒”展项的预约参观。
wxd8222b1c04fd766c,中国邮政储蓄银行,Mini Program,,,中国邮政储蓄银行小程序，为您提供便捷的金融服务。
wx08c2b565c334693a,中国铁塔出入站管理,Mini Program,,,主要面向运营商用户提供上站申请服务
wx6b92fa99a93b9112,中国银行保险报,Mini Program,,,焦金融领域专业新闻，提供一手资讯。
wx7306829cf5378b31,中国银行信用卡,Mini Program,,,欢迎申请办理中国银行信用卡！
wx0bb8b12e3625b643,中大健身会员核销入场,Mini Program,,,· 中大健身全国连锁品牌· 让运动更全面!更科学!更专业!· 北京、济南、青岛..8城30+直营门店· 500+职业教练，200000+会员信赖选择
wx916ca5f0b329fee9,中大八院社康移动支付,Mini Program,,,中山大学附属第八医院（深圳福田）社康移动支付小程序。
wxf448fcdbc5418c61,中天环宇课程报名,Mini Program,,,用于公益课程及公益活动的预约报名业务
wx181fde6391796fe6,中天证券,Mini Program,,,中天证券小程序
wx6babd8e238450bf5,中天运动家,Mini Program,,,中天体育会员中心
wxf1bab615da7d09e6,中宏保险,Mini Program,,,客户一站式深度服务平台，全程在线为客户提供专业、周全、贴心的服务。
wxb359e25ac0bb5ee9,中宏保险MOVE,Mini Program,,,掌握健康每一步
wx5c05fda430ee0b97,中小企业规模类型自测,Mini Program,,,工业和信息化部中小企业局组织开发，供广大中小企业自测或政府部门、有关机构及社会公众辨别企业规模类型
wxc4d9fbffc3c5f79d,中小学分级阅读指导中心,Mini Program,,,为中小学提供分级阅读书目建议及阅读测评，帮助中小学老师和学生多读书、读好书！
wx6690b59f035dc871,中小学生摄影比赛官方丨少年通,Mini Program,,,全国中小学生绘画书法作品比赛（摄影类）、丝路国家青少年国际摄影大展、全国少年儿童短视频征集活动综合服务平台
wx4159925a2f27917e,中少阅读伴成长,Mini Program,,,中国少年儿童新闻出版总社向0至18岁少年儿童提供丰富的新闻信息和优质的精神食粮。
wx5cbf40059bc5d9ce,中山一卡通金融权益平台,Mini Program,,,平台实现社保卡金融账户、移动支付在衣食住行等各个场景的支付及优惠功能。通过场景建设提升社保卡使用率、覆盖率。
wxd787e2b3ed607275,中山一院南沙院区智能导航,Mini Program,,,为您提供高效便捷的院内导航服务，帮您解决就诊地点引导、科室定位、寻车、寻车位等难题，让您就诊更便捷、导航服务更贴心。
wx5d8f57240adf1bbc,中山云预约,Mini Program,,,向公众提供中山市政务服务中心业务预约办事、窗口电话咨询和网上服务。
wx3bef875683538e93,中山公交队务信息管理,Mini Program,,,集团员工内部使用，管理车队队务
wx7fba9e17ca18282f,中山大学中山眼科中心智慧服务,Mini Program,,,中山大学中山眼科中心智慧服务小程序为您提供官方挂号、缴费等服务。
wx51a8e3c6f7728e8d,中山大学孙逸仙纪念医院智慧服务,Mini Program,,,这是中山大学孙逸仙纪念医院的小程序。
wx064bb31020992cdf,中山大学心理健康教育咨询中心,Mini Program,,,读文章、做测验、约咨询、参加成长团体，为个人成长多一点的服务。
wx4883c539baf261da,中山大学附属口腔医院,Mini Program,,,中山大学附属口腔医院官方挂号小程序
wx3f6ee1d6f9edf0a9,中山大学附属第一医院,Mini Program,,,中山大学附属第一医院的官方小程序，可以实现挂号预约、线上支付、报告查询、住院全流程、体检、互联网医院等功能。
wx3a460018c6aac5ed,中山大学附属第一医院南沙院区,Mini Program,,,中山大学附属第一医院南沙院区的官方小程序，可以实现挂号预约、查询报告等功能，简化用户的就诊流程，让用户就医更加的方便简洁。
wx395da8726914c7e6,中山大学附属第三医院粤东医院,Mini Program,,,提供患者移动服务与支付，包括导诊挂号、费用支付、就诊指引、报告查看、住院押金缴纳、住院清单、就医反等全流程闭环服务。
wxdd236d8704ee7c99,中山大学附属第六医院互联网医院,Mini Program,,,提供给用户便捷的咨询、开药、预约等服务。
wx643ccaa60809493d,中山大学附属肿瘤医院,Mini Program,,,本小程序是中山大学附属肿瘤医院官方推出的便民小程序，旨在为患者提供线上线下同质化的院内全流程就诊服务和院外患者管理服务。
wx66a372a94dd8a39d,中山大学附属肿瘤医院院内导航,Mini Program,,,该小程序为来我院就医的患者提供院内导航服务
wx58dcb77b1f3f319d,中山市妇女儿童活动中心,Mini Program,,,中山市妇女儿童活动中心开展的各类公益性活动的通告，妇女素质提升和儿童兴趣爱好培训信息发布及招生报名服务。
wx4cf1e8b602a858dd,中广智投,Mini Program,,,上海中广云证券咨询有限公司是中国证监会颁发认证的专业投资咨询机构，统一社会信用代码91440300630243381Y。
wxa8b1722142992868,中影佰盛电影城,Mini Program,,,阳山中影佰盛电影城为大家提供优质的观影服务，星级的观影体验
wx830ee09d9bc5d963,中影电影通,Mini Program,,,原名“中国电影通”，是中国电影一卡通在线票务平台。
wx97075acb5afd4cb7,中德宏润建筑考试宝典,Mini Program,,,建筑考试宝典，让通过考试更简单！专注建筑教育20年。
wx8067574c819de749,中意支付,Mini Program,,,中意人寿
wx56a6e0e5d7b06a52,中旅旅行,Mini Program,,,中旅旅行是国内最具规模实力和品牌影响力的旅行社央企，旗下汇聚了中旅、国旅、港中旅等众多知名旅游品牌，提供定制游、邮轮游、出境签证、自由行、跟团游等旅游产品一站式服务。
wx80f6483d9897bc85,中旅泸沽湖景区,Mini Program,,,景区旅游服务功能
wx742ae5182f53fe64,中旅酒店心享会,Mini Program,,,中旅酒店官方小程序，可预订“维景”“睿景”“旅居”系列酒店，“心享”计划是我们的会员计划，加入会员可享积分奖励及接待礼遇
wx869a0e459663d82a,中日友好医院,Mini Program,,,为患者提供中日医院预约挂号、信息查询等服务。
wxe7c21d43f7e63891,中望美食+,Mini Program,,,优质点餐，品味与营养并存，轻松享受美食，关爱从每一餐开始。
wxc60b6ff0ee2c8814,中欧财富 基金投资助手,Mini Program,,,中欧基金旗下 专业财富理财平台
wxe365bcf589d09481,中正达广基金,Mini Program,,,中正达广基金，是经中国证监会核准的独立基金销售机构， 公司秉持“充实美好生活”的理念，为投资人提供优质服务。
wx73cf5268c96a95a0,中沃饮料商户,Mini Program,,,中沃饮料终端门店会员系统
wx669c3f54a7dda220,中油阳光鲜生购物商城,Mini Program,,,中油阳光餐饮畅购平台是中油阳光餐饮公司旗下客户服务平台。
wx33d0517834a51ae3,中泰证券研究,Mini Program,,,中泰证券机构客户服务平台，提供最新研究观点、电话会议、线下沙龙、活动、数据等专属投研服务
wxd4d656c584c132ce,中焱科技吉时配,Mini Program,,,校园吉时配项目致力于服务校园生活，为学生提供订餐和配送服务，为商家提供多样化宣传方案，项目涵盖外卖、话费充值、代买物品等业务。
wxc9c704189b553484,中爆在线爆破模拟考试,Mini Program,,,爆破作业三员模拟考试，全国爆破模拟考试，考核题库练习，考核题库在线免费视频学习，全国爆破工程技术人员，爆破三员继续教育。
wxf425b0cec33001a1,中牟县人民医院院内导航,Mini Program,,,中牟县人民医院院内导航系统帮助患者在院内获得位置指引，提供移动的、一对一的、精准的智能导航服务。
wx93882413f14840d4,中牟迅才招聘网,Mini Program,,,中牟本地招聘平台，找工作，招人才。
wxb3d39c57b8e6c663,中科南京工业人工智能研究院,Mini Program,,,中国科学院工业人工智能研究所智慧园区，智享便捷服务。
wx36f71e5410e795f1,中科大附一院院内导航,Mini Program,,,中国科学技术大学附属第一医院（安徽省立医院）院内导航小程序
wx5a4c2b2e4d57e123,中税联众河北税务师事务所,Mini Program,,,税务咨询平台。
wxe803018e519afc3e,中级注册安全工程师考试题库,Mini Program,,,免费试用/精准解析/注安四科合一，2026年注册安全工程师考试题库中心，中级注册安全工程师考试，全科/建筑/道路/化工/金属冶炼/煤矿/其他安全，实时更新，最新题库。
wx9b66fdb734a29f76,中网票务,Mini Program,,,国家网球中心日常运营业务
wx79198b05f84d4b20,中美信托金融大厦,Mini Program,,,中美金融老外滩的延续·北外滩的起点，百年外滩精髓的延续。隔江对望陆家嘴，占据陆家嘴、外滩、北外滩——上海金山角核心位置。
wxb92e40c1a0520a27,中老学协智慧管理系统,Mini Program,,,为各个老年大学提供一个线上平台，解决学校日常教务管理中的难点为核心，帮助学校提高管理效率，减少管理成本。
wx50cc3d18852a66d2,中膳美食,Mini Program,,,味蕾的享受，更是心灵的归宿
wx3846555cbcafd6fb,中融安保智慧管理平台,Mini Program,,,中融智慧云（成都）科技服务有限公司智慧安保管理应用小程序。
wx6b79d40cb232628e,中行微服务,Mini Program,,,中国银行官方出品，提供网点查询预约、外币零钞预约、账户余额查询等服务。
wx0530684d396c40de,中视电影,Mini Program,,,中视电影由海南中视电影院线提供在线订票会员服务。
wx968ea35fbe24aa56,中视购物,Mini Program,,,中视购物商城，为您提供综合类商品，及便捷的购物体验。
wx049437801a4203d6,中证法律服务中心在线调解平台,Mini Program,,,中证资本市场法律服务中心是经中国证监会批准设立的、我国唯一跨区域跨市场的全国性证券期货纠纷公益专业调解机构。
wx665c35371ddae07f,中谷电商,Mini Program,,,为客户提供在线报价、货运跟踪
wx98e7ce665861b1f2,中贸广场购物中心,Mini Program,,,中贸广场新界面
wx1631a8b6d82714f1,中路财险网络支付,Mini Program,,,中路财险网络支付
wx43e33b6f36cffdfc,中迅CRM,Mini Program,,,中迅集团内部CRM系统
wx600a49c0bbd5043a,中通快运客户管家,Mini Program,,,客户管家是一款专为提升客户体验和网点运营效率而设计的系统
wxd9ea92e9711c2fd9,中邮保险,Mini Program,,,人身保险、健康保险、意外伤害保险等各类人身保险业务
wxd4f444cd14a7411f,中部列车炭火烧烤,Mini Program,,,经营范围烧烤炒菜活海鲜
wxfe4f54b44577d417,中铁建金融租赁有限公司,Mini Program,,,"通过小程序/APP+,支持客户在线自助进件、远程核身、远程尽调、在线电子签约、租金查询及还款、租后检查、发票下载等实时服务。"
wxe19961f88087b318,中银三星人寿保险商城,Mini Program,,,中银三星人寿保险商城官方小程序，提供健康险、意外险、寿险等保险产品，支持保单业务办理、在线理赔等服务功能。
wxc6ca5d1cc899c1bb,中银北斗营销,Mini Program,,,中国银行内部员工使用的营销小程序，支持领取营销任务和查看业绩
wx2f976e179579bc31,中银消费金融,Mini Program,,,* 国有持牌消费金融有限公司* 关注我们，得到更多专业服务* 中银消费金融，信用开启美好生活* 官方热线：95137
wx7e745e4b7f94193e,中银证券研究,Mini Program,,,本小程序旨在为中银证券研究部客户提供便捷的投研服务。
wx85a94f170a708aff,中间带医疗,Mini Program,,,中间带医疗是面向中高端健康险和高净值家庭，提供个性化、高品质的就医服务，实现全生命周期健康管理服务。
wxdbe42d50987fc6fe,中青建安劳务实名制工具,Mini Program,,,劳务工人实名制管理、考勤打卡
wx1590b16c577abcd1,中青旅山水酒店,Mini Program,,,CYTS-hotel中青旅酒店订房小程序
wx06fce8b5ff6b7f1a,中青旅遨游旅行,Mini Program,,,中青旅遨游旅行官方小程序，为您提供国内外度假跟团旅游、自由行、签证、酒店、机票、门票、火车票、游学、邮轮、当地玩乐等旅游出行服务。
wx45fdba2bea3d2373,丰e客户助手,Mini Program,,,丰e客户助手为丰e足食合作伙伴提供签章结算、设备管理、问题反馈等一系列客户服务
wx74ba0d6c481065ab,丰城中等专业学校,Mini Program,,,丰城中等专业学校小程序
wx8805dc24d4d777f6,丰城智慧交通,Mini Program,,,公共交通信息服务平台
wxf953eb11611bb594,丰巢丨寄快递丨存包丨洗护丨家政,Mini Program,,,欢迎使用丰巢小程序，接收您的快递物流信息！丰巢提供寄快递、存包、洗衣、家政等多元服务，满足您社区生活场景的多样化需求，还有多重优惠福利持续发放中！
wx1d46e6eb8f299fb5,丰硕阅读馆,Mini Program,,,超多精品短篇小说等你选择，各位小说迷们千万不能错过这里！
wx9f6f80d5ce449a9d,丰聆天气,Mini Program,,,通过物联网技术，实时监测农田小气候环境，为用户展示监测数据，及时了解农田生产状况。
wxddae98108b225877,丰达餐饮供应链,Mini Program,,,我们致力于一站式食材配送服务：供应米面油、调味干货、蔬菜水果、鲜肉蛋、冻品类、餐厨用品类。
wxa30c74501e3b8864,临夏全导航,Mini Program,,,临夏全导航旗下便民信息平台！
wxe49eec9ec4ca892f,临夏公积金移动办公,Mini Program,,,临夏州住房公积金业务审批、数据统计、报表查看、移动办公。
wx7bc08b2edfbd0b4c,临夏县强制报告小程序,Mini Program,,,该小程序是强制报告侵害未成年人线索的智能平台，具有举报方便、及时处理的特点，具备上传照片、视频及开展普法教育的功能。
wx7fe5b26faea4689c,临夏州住房公积金管理中心,Mini Program,,,为住房公积金缴存职工提供便捷的线上业务办理服务。
wx3684e5b8cef22d9f,临平公安政务服务,Mini Program,,,为了进一步提高公安政务服务增值化水平，提升群众办事的满意度、体验感，拟开发专门用于公安政务服务的微信小程序。
wxa6356952b3b28f3b,临时工记工记账本,Mini Program,,,一款极简小时工记工记账小程序，支持记加班、工时计算、时间日期计算器。工时记录神器、安心记加班、吉工家、鱼泡建筑记工记账、牛职记工时、天天记工记账、工地记工、正式工、小时工、临时工、散工、兼职。
wxfc6630c515fd63fe,临榆炸鸡腿服务号,Mini Program,,,地道中国味 传承上百年
wx863167dd0c0dac8e,临汾市第三人民医院智慧医疗,Mini Program,,,临汾市第三人民医院网上挂号、缴费、查询等。
wx44414e83f0af52ae,临沂云公交,Mini Program,,,本小程序主要功能为实时公交信息查询、出行规划、建议咨询等。
wx8bcc1c92ae9c848d,临沂公交司机助手,Mini Program,,,面向公司内部司机使用的，可查看计划班次等信息的小程序。
wxd60b4967f469e69c,临沂市兰山区教育和体育局,Mini Program,,,为更好地服务辖内中小学学生缴费及管理，兰山区教体局使用“兰山区教育收费平台”作为唯一收费管理系统。
wx899c3b6ac0ae67bd,临清金融,Mini Program,,,临清市智慧金融服务平台是由临清市金融运行监测中心主导，为中小微企业集中办理信贷融资业务的综合性服务平台。
wxc08d131d5c9b10a9,临湘市义务教育入学报名统一平台,Mini Program,,,临湘市义务教育入学报名统一官方平台认证
wxb75b9974eac7896e,临空运动家,Mini Program,,,临空文体
wxea17ddb3b8dcdbd0,丹东公交e快充,Mini Program,,,公交集团场站充电停车
wx319ad8cc2f98280c,丹东市中心医院智慧医疗平台,Mini Program,,,集挂号、缴费、就诊信息查询、报告查询、体检缴费查询等功能于一体的综合管理平台。
wxe403ac76580ebd1b,丹丹教育学,Mini Program,,,丹丹姐教育学考研刷题
wxb5fceaa8616024d8,丹樱星辰vip客户订货,Mini Program,,,星辰vip客户订货
wxaaf14bd940b49942,为了你健康大药房,Mini Program,,,为了你健康药房线上销售平台
wx883cbb9782a28191,为企服务智慧小程序,Mini Program,,,小程序旨在经信局日常的办公需要，发布会议通知和链接，发布政策文件，企业进行数据填报。
wx1d982aa1e06de2e8,为您服务小钥匙,Mini Program,,,包含小区介绍、物业公告、报事报修、远程开门等功能。
wx040d66818f33b7c4,丽交出行生活,Mini Program,,,丽江市大巴车客票售卖
wxc51999b923f62e9a,丽家宝贝母婴购物商城,Mini Program,,,丽家宝贝官方小程序为您精选高品质的育婴产品，为全国各地的网购一族提供方便、快捷的购物服务。动动手指就能轻松搞定。
wxc4d46dc30fae329a,丽星睡眠,Mini Program,,,32年源头家具工厂中国十大软体品牌拥有20万平方超级工厂总部:广东佛山顺德专注为客户提供优质睡眠欢迎各位经销商到店体验
wx3f1ecf242a15eece,久乐旺娱乐,Mini Program,,,用户自助开单
wxca8bf987032b5e23,久易商办公,Mini Program,,,久易商办公
wxd9388f64c9f3f789,久龙酒店,Mini Program,,,广州久龙酒店集团
wx0cf93778b52c76ac,么么电票,Mini Program,,,菜么么电子发票对接小程序
wxb89053896c2fcd98,义乌市妇幼保健院,Mini Program,,,义乌市妇幼保健院互联网医院，提供挂号预约、报告预约查询、智能导诊、网上问诊及复诊续方等服务。
wx7667d8e71655f376,义乌市直播电商协会,Mini Program,,,义乌市直播电商协会小程序，专注直播电商领域，提供行业资讯、会员管理、培训交流等服务，助力直播电商发展。
wx51ff7e9394a230b9,之了课堂税务师考试题库,Mini Program,,,之了课堂免费税务师题库，提供税务师课程、税务师考试资料、税务师真题、模拟试题和章节练习等。含税法一题库、税法二题库、涉税服务相关法律题库、财务与会计题库、涉税服务实务题库、税法一必备知识考点、税法二资源
wx731ddd70a162d407,乌海交通码,Mini Program,,,扫码，丰富出行生活
wx2d2ae865c33d256e,乌苏政务,Mini Program,,,提供乌苏市相关政务服务
wx148f8d7954042371,乌镇旅游官方商城,Mini Program,,,乌镇旅游官方预订
wxb82c2ce573d6da05,乌镇旅游服务,Mini Program,,,乌镇旅游导览小程序是乌镇官方提供乌镇旅游全方位导览服务
wx6eb4cf0955b92f8c,乌鲁木齐儿童医院,Mini Program,,,进行医院的预约挂号，缴费充值，院内导航，检验检查报告查看，账单查看等。
wx85870874dede6b7e,乌鲁木齐地铁乘车,Mini Program,,,乌鲁木齐地铁扫码乘车小程序
wx616945012a5d7a68,乌鲁木齐快聘 I 求职招聘找工作,Mini Program,,,乌鲁木齐快聘 I 求职招聘找工作
wx6be58e7943b72ccd,乌鲁木齐新军都白癜风医院挂号,Mini Program,,,【乌鲁木齐新军都白癜风医院·官方挂号】为广大白癜风关注提供预约挂号，医院导航，饮食清单等服务。定期推送医院动态资讯为患者科普白癜风知识。
wx6c846a81f169e8a0,乐业新动外卖,Mini Program,,,乐业县本地日常生活服务平台，提供网上外卖配送，跑腿、酒水、买菜、超市、在线购物、本地信息发布宣传等一站式便捷生活服务平台
wx5fa7d6db2534c882,乐乐家私房烘焙,Mini Program,,,乐乐家私房烘焙官方小程序
wx659ee32f2238fd51,乐乐趣智趣阅读,Mini Program,,,乐乐趣智趣阅读
wxe79fc32979f36893,乐享24小时共享健身,Mini Program,,,乐享24小时共享健身
wx9372459fcfb6c4e3,乐享唱课程预约,Mini Program,,,轻松学唱歌 让你会唱歌
wx3cb58bd267904ad1,乐享小直播,Mini Program,,,乐享直播是乐享为企事业单位提供的专业直播服务，适用于员工培训、内部讲座、在线互动课堂、内部大型会议活动等现场直播。
wxcb9246e0eb04ee28,乐从医院小程序,Mini Program,,,乐从医院线上挂号、预约、缴费等多功能应用
wx072f08c02bc57156,乐信保险代理,Mini Program,,,医安医疗科技服务有限公司官方服务号
wx440f22e033c16c2c,乐养幸福电商,Mini Program,,,乐养幸福是天津柠檬树科技为长者打造的社交电商平台，帮助长者便捷获取日常所需用品，融入社交圈，感受温暖关怀，乐享身心健康。
wxa6b40d622bf180da,乐刻运动,Mini Program,,,「体验乐刻」是乐刻运动专为新用户推出的体验服务，新用户可领取体验卡到乐刻健身房免费体验。24小时随时练、几百种团课任意约~
wx7b9c5b0f8b891712,乐刻运动研训,Mini Program,,,加入我们，一起重新定义私人教练。
wxff45b6b4a15c17f4,乐商城优选,Mini Program,,,乐商城优选是FM102.4河北音乐广播唯一官方商城，我们通过严格把控商品品质，优中选优，减少中间环节，为用户优选好物。
wx530380d7c6518828,乐在瑜伽普拉提,Mini Program,,,三体云动提供系统支持
wxabfb1dbee93dd1bf,乐学联盟丨亲子演出活动旅行酒店,Mini Program,,,乐学联盟是乐学营旗下的亲子社交分享平台，汇聚亲子乐园、亲子演出、亲子酒店、亲子旅游、亲子培训等产品。分享越多，收益越高！
wx88a7aac4fbf6b30f,乐学营亲子特惠演出活动旅行酒店,Mini Program,,,为精英家庭孩子的服务，高品质高性价比产品，免费活动，特惠演出，一价全包亲子旅行，全球夏令营和国际游学等，要品质更要特惠！
wx5b58f68b4add2fe0,乐宁果切饮品,Mini Program,,,乐宁果切饮品
wxcb36cea710f52685,乐宝母婴供应链,Mini Program,,,深耕行业15年，无论是零售商、电商从业者还是创业者，都能在此找到优质货源。支持全国一件代发，立即加入，共享母婴市场红利 ！
wx74fcd33707e2667b,乐收生活,Mini Program,,,校园综合服务平台
wx011b96cae19684f6,乐来阅读,Mini Program,,,海量信息
wxeb744f72059f23ad,乐桠 I 美食商超跑腿本地生活圈,Mini Program,,,致力为校园、乡镇、单位食堂等场景打造一站式生活圈，整合外卖配送、团购下单、万能跑腿等业务，通过区域化、本地定制化运营互动，打造生活话题共享圈层，实现服务价值与情感共鸣的双向提升，让您享受省时省心的品质生活，构筑区域联动的智慧服务新生态。
wx7601ca6fe6bef7d4,乐活母婴汇,Mini Program,,,不止于爱，让美更美！致力于为孕婴童提供一站式的多元化服务，让每个城市的新家庭更健康，更快乐，更有活力！
wx1c19cc9b4c3c7a02,乐游无锡旅游总入口,Mini Program,,,无锡旅游总入口是市政府委托市文旅集团为市民游客打造的集“吃、住、行、游、购、娱”六大要素为一体的一站式智慧旅游服务平台。
wx74dcbd47c06b7091,乐玩娱乐24h无人自助,Mini Program,,,更好的提供服务
wx584477316879d7e9,乐聊名片丨人工智能裂变大模型,Mini Program,,,一款专注用户自主品牌线上推广的智能名片小程序
wxbe8b8b3a9f8ede1b,乐视视频,Mini Program,,,优质剧集，海量内容，尽在乐视视频小程序
wxa243e0cf1718a2ee,乐读学习服务,Mini Program,,,快来一起参与学习打卡吧
wx7c379700a3304e75,乐贝家母婴海外购,Mini Program,,,全球母婴一站式购物平台正品保真 假一赔十
wx2a8c8fab16b11e0a,乐距离自助娱乐空间,Mini Program,,,企业批发系统管理
wx805660dd6024ca42,乐迪充电商户助手,Mini Program,,,雅迪充电商户助手为运营商提供设备运营服务
wxeb0948c3bc004f93,乐道汽车,Mini Program,,,乐道品牌定位于家庭用车市场。与家人在一起的每一条路，都是乐道。我们希望乐道能陪伴每个家庭持续成长，生活蒸蒸日上。
wx411b8ac81ea04eb0,乐高招聘,Mini Program,,,乐高招聘是一款集公司介绍，工作环境，热招职位，个人中心四大功能为一体的官方小程序
wx02ab7eb24a5ef66b,乔丹QIAODAN儿童商城,Mini Program,,,乔丹儿童商品官方购买平台（与美国前篮球运动员迈克尔乔丹无关）
wxd2885c1821b9df7d,乔乐电竞地铁护航,Mini Program,,,⚠️认准「乔乐电竞地铁护航」唯一正版官方小程序，最具性价比的价格，带给您最好的服务，乔乐地铁欢迎各位老板来下单，乔乐电竞打手实力拷打老亩电竞KEG电竞冰刃俱乐部9277电竞SY电竞Do电竞9100电竞xxx电竞闷子俱乐部乔乐乔乐地铁
wxd438e7385813e06d,乔智大叔儿童百科,Mini Program,,,家长们都在使用乔智大叔育儿资源！适合3-8岁孩子｜可打印资源｜幼小衔接｜拼音识字｜数学启蒙｜思维训练｜百科知识｜答题晨读｜课外练习｜育儿成长｜幼师推荐｜哄睡故事
wx475e960cf7af0f59,乔治莫兰迪酒店GIORGIO MORANDI,Mini Program,,,乔治莫兰迪酒店官方预订小程序
wx5cbc1722f1200180,乖饭霸王餐丨0-5元吃外卖,Mini Program,,,认准乖饭霸王餐官方账号！0-5元吃外卖，全国可用秒提现。
wxbb58374cdce267a6,乘车码丨公交地铁刷码腾讯地图,Mini Program,,,刷乘车码，即可便捷乘坐公交或地铁。
wxe0ca23b4962217ac,乙十睡眠,Mini Program,,,科技助眠 为健康充电
wxf6fd087d946a3473,九一数码相机回收网,Mini Program,,,九一数码相机回收网
wx8e2eb9e1e2000d47,九九摄影工作室,Mini Program,,,更适合年轻人的婚纱照
wx51542a86b53f4c4d,九华旅游官方平台,Mini Program,,,九华旅游官方小程序，提供景区门票、酒店、套餐、租车、线路、导游等一站式预订，品质服务让您的旅程更安心。
wxd460de0ce8b6dcbb,九号官方商城,Mini Program,,,九号电动官方平台
wx8251c5d0d935a052,九回共享运动 健康上海 人人来赛,Mini Program,,,Joyway共享运动场，只需出示二维码即可自由出入
wxb65d26fd74a71784,九型人格心理性格测试,Mini Program,,,免费九型人格测试、分析您的9型人格。利用九型人格，分析你的MBTI性格特点和16型人格特点，利用MBTI和九型测试分析性格特点。大五人格、16型人格测试，企业九型人格测试，九芒星人格测试，十六型人格测试，DISC测试，霍兰德测试，抑郁测试。
wx251ebeff623dd7e8,九域行科技,Mini Program,,,两轮车商用换电
wx907cb011e4c95650,九大员学习宝,Mini Program,,,各省安全员ABC精准题库、住建局安管三类人员/九大员/监理人员/检测人员，交通/通信/水利水电安全员ABC，应急管理局电工/焊工/高处作业等特种作业人员，二级建造师等，在线练习题库。
wx79be1766eff56297,九安云学习端,Mini Program,,,九安云-全员安全培训数字化托管服务平台-让天下企业“0”安全事故
wx353297e807625615,九寨沟旅游官方平台,Mini Program,,,提供景区购买门票及吃住行等相关服务
wxf6b79b4798b00f19,九州中医药继续教育网,Mini Program,,,中医药继续教育网
wx27345271ee49e784,九州众和客户端,Mini Program,,,九州众和
wx371b5a7082fa9e76,九州小说,Mini Program,,,奇遇小说，让你踏上一段充满未知与惊喜的文学旅程。在我们的平台上，总有一款小说能引发你的共鸣。
wx338d5f80fc25f837,九方电竞地铁护,Mini Program,,,护航电竞俱乐部陪玩点单入口，俱乐部服务堪比：686电竞，Do电竞，有亩电竞，9100电竞 受着电竞，老亩电竞，KEG电竞，冰刃电竞俱乐部，迎老板来下单体验 注 本俱乐部不是九方骏与小五哥哥无关！！
wx976da73458115aba,九方电竞地铁护航俱乐部,Mini Program,,,九方电竟护航陪玩唯一下单小程序，九方电竟俱乐部，九方电竟和平地铁护航，里面护航服务也是数一数二的，欢迎各位老板下单体验！注意：本小程序不是九方骏跟小五哥哥无关。
wx89b2a3372390af58,九方电竞地铁部,Mini Program,,,欢迎各位老板点单！
wxaad9fabb27373041,九机商城,Mini Program,,,云南九机网，买手机上九机，正品低价售后好。
wxcfdfd1890209dc6f,九江市卫生学校,Mini Program,,,培养中等专科学历卫生技术人才，促进卫生事业发展，普通学科中专学历教育和成人教育，勤工俭学及相关社会服务
wx7d3fd4fa7a186634,九洲健康,Mini Program,,,九洲大药房国内首家美国纳斯达克上市药企，全国送药到家最快25分钟送达。致力于品质医药服务，提供用药知识，健康科普，专家答疑服务！
wx4c43f7be2e30b89d,九芝堂电子发票,Mini Program,,,九芝堂电子发票，用于九芝堂销售订单开票。
wx748cb606fdd89745,九识小工具,Mini Program,,,九识小助手帮你快速完成无人配送车取件服务，提升配送环节效率和安全
wx69a06b5587bfeee8,习水生活网,Mini Program,,,"习水生活网以为本地网民互动新鲜事，弘扬社会主义价值观为核心, 为习水网民提供生活信息、日常消费指导、线下活动交流。"
wx0f9f6b49d40c78c0,习水荣创办公内部OA,Mini Program,,,仅用于公司内部办公
wxc8544d241018dc58,乡城县公共法律服务平台,Mini Program,,,乡城县公共法律服务平台整合法律咨询、业务办理、普法学法、文书下载等多项服务，提供智能答疑和进度追踪，助力高效法治服务。
wx357e25d83af7c462,乡村民宿管理,Mini Program,,,乡村民宿管理
wxb14bcb89146c6476,书荒堂小说推荐,Mini Program,,,书荒神器！帮你找小说、推荐小说、按题材选书。以内容为尺，为你提供最纯粹的选书参考。小说书荒AI推荐、AI打分
wx9f8a02fb2a2fdcde,书香阅读工程,Mini Program,,,书香阅读工程旨在通过公益阅读活动，持续提升区域内学生阅读素养。
wxb4504b2532c08084,乾坤天气,Mini Program,,,查询实时、近日天气，赶海潮汐，你的出行小助手
wx1f29144c51e8df1e,乾恒313电商团队,Mini Program,,,短视频&直播带货素人孵化，培训技能，专业陪跑，多平台布局，货盘供应
wxe7ba20dad7a112fe,二创AI,Mini Program,,,二创AI包含视频去字幕、视频二创、去水映、文案提取、文案改写、智能配音，二次剪映，画，短视频，智影自媒体创作工具。
wx22f1ee367d01ffc4,二十一世纪保险经纪理赔助手,Mini Program,,,提供售后服务的平台，包括保单查询、理赔、和退保等。
wx1908f65112fa2a3b,二号工具,Mini Program,,,去水印免费保存工具 不限次数 永久免费
wx3ee6a4e4fb751a62,二维码签到工具,Mini Program,,,小程序提供扫码签到、二维码签到、考勤签到、会议签到、群签到、打卡签到等实用功能，支持生成签到二维码、文本二维码、登记预约二维码等
wx61ef3a7843114d28,云ICU,Mini Program,,,云ICU是面向全国的重症医学交流平台，汇聚全球顶尖专家，提供重症医学咨询、在线教育、在线会议、学术讨论等服务。
wxdee9beb95bc0e6d9,云上民宿酒店,Mini Program,,,乳山市外事大学店
wx456e8b24ea5f5e39,云上玉湖物流客户,Mini Program,,,物流运输、仓储订单创建、查看。订单状态、轨迹查询。商品库存查看，订单历史记录查询。账单查询。物流运输订单在线下单、在线付款。
wx92fdeff65fafa937,云上美食餐厅,Mini Program,,,才众美食
wxe2fcb7edf7f486e1,云中美食,Mini Program,,,专为公司员工打造，提供一键式线上订餐体验。通过简单的界面，员工选择多样化的健康美食，并在指定时间线下通过扫码快速取餐。
wx167be92612cc637b,云侨脉芽糖招聘地图,Mini Program,,,云侨&脉芽糖岗位地图
wx8f362dade72f721a,云停车主减免,Mini Program,,,停车缴费
wxb39d7f448abc7584,云医预约挂号,Mini Program,,,医院预约挂号平台，精神心理科、心理咨询、皮肤科、眼科、耳鼻喉科、儿童医院等，开通北京市上海市广州市深圳市天津市重庆市昆明市贵阳市成都市南京市南昌市杭州市西宁市苏州市福州市郑州市南宁市武汉市合肥市长沙市济南市青岛市辽宁市哈尔滨市泉州石家庄等。
wx679e9759ec1d50ce,云南交通车补补,Mini Program,,,本小程序为云南省交通运输厅大规模设备更新补贴申报平台，旨在为符合条件的企业和个人提供便捷、高效的补贴申请服务。
wx5d3bdaa5afabb4b2,云南招聘网,Mini Program,,,云南求职、兼职、找工作，本地靠谱好工作！昆明/曲靖/玉溪/保山/昭通/丽江/普洱/临沧/楚雄/红河/文山/版纳/大理/德宏/怒江/迪庆招聘。
wxc45b3b8ace04ecd3,云南政务一部手机办事通,Mini Program,,,云南省“一部手机办事通”小程序以“互联网+政务服务+普惠服务”为核心提升民生服务新高度，满足群众办事新体验。
wx2851be5744ff78c4,云南教育平台,Mini Program,,,云南教育小程序端服务功能
wx019a25984345ff0a,云南新华阅读,Mini Program,,,中小学助学读物在线提供，阅读资源提供，试卷资源提供。
wxe940d172c3f2c820,云南智慧公共法律服务云,Mini Program,,,云南智慧公共法律服务云平台
wxde11c0527c95c41e,云南省传染病医院心理卫生中心,Mini Program,,,云南省传染病医院/艾滋病关爱中心/心理卫生中心是省级三甲传染病专科医院，承担全省传染病、艾滋病、精神的临床诊疗服务
wx32ac1980855d87d8,云南省道路运输政务门户,Mini Program,,,面向云南省道路运输行业企业、从业人员及社会公众，提供便捷化、线上化、移动化政务服务。
wx3fade680f2c76ba6,云南省非税收入公共服务,Mini Program,,,提供云南省非税收入收缴和财政电子票据服务。
wx09f33649f2f7d0d2,云南约牛学习中心,Mini Program,,,约牛证券咨询26年专注证券研究，自主研发智能炒股软件——天龙博弈智能决策平台。一心打磨专业的投资方法，为投资者指引投资方向
wxeae8b955717e1d21,云县云云饮品,Mini Program,,,为客户提供优良服务
wxf13e3a8364c55cb5,云和梯田数字气象地图,Mini Program,,,探索开发云和梯田“数字气象地图”，将无形的气象气候优势，通过数据的诠释赋能落地，形成一张气象可以“被看到”的数字地图。
wxf6499056c6a22c55,云善睡眠,Mini Program,,,云善睡眠，专注1V1私人定制睡眠方案！
wxd562d1945fcd323c,云图天气,Mini Program,,,精准气象大模型数据，实时（未来）天气查询，分钟级降雨，天气预警，降水雷达，台风路径。
wx49994526c445c136,云图阅读推广,Mini Program,,,云图阅读推广，提供优质的全民阅读推广服务
wxb207f8b933251a0b,云培交通安全培训服务平台,Mini Program,,,解决道路运输企业日常安全培训
wx4969009bbe54e9eb,云大商旅专业学位教育中心,Mini Program,,,云南大学工商管理与旅游管理学院专业学位教育中心综合业务系统
wx082b8a8dcd95a497,云天软件电商平台,Mini Program,,,云天软件电商平台，为水泥、骨料、煤炭等行业内的经销商，提供在线下单、订单跟踪，实时统计报表和余额查询等优质服务。
wxb64da5e0bbd08410,云尚伤残军警机票军人机票预订,Mini Program,,,云尚民航专业提供伤残军警机票、伤残军人机票、残疾军人机票、伤残警察机票、残疾警察机票查询预订服务。
wx39efedfed27141bd,云尚民航特价机票 廉价航空机票,Mini Program,,,云尚民航专业提供民航特价机票、伤残军警机票、无成人陪伴儿童机票、补订儿童婴儿机票预订服务，专业专注，值得信赖！
wx309e8f38cb4f5a16,云工智慧用电管理小助手,Mini Program,,,智慧水电管家用户端
wx87f13c1d55dac092,云帆小说,Mini Program,,,精彩小说，好看不停！
wxd4f73f67a9104699,云帆绿色出行,Mini Program,,,云帆绿色出行志在为区域内客户带来便利的出行方式，手机扫码即可轻松助力生活，为广大人民群众带来便利。
wx35ec0083b1bdb7e9,云幻Ai,Mini Program,,,云幻Ai视频一键生成工具，值得您的拥有。
wx3ceaeebf15fe4841,云开药房,Mini Program,,,改善患者生命健康质量
wxa9a146734a5d2ad8,云影记账,Mini Program,,,记下每一笔家庭流水账
wx6701c5a9f105ebed,云怀酒店,Mini Program,,,线上预约
wxe17d0cc7bc8b58bb,云抖家AI电商,Mini Program,,,购物就上云抖家，一件也是批发价，全球优品精选！
wx903f8eaef4cd3f78,云早早天气,Mini Program,,,云早早天气是一款早安天气打卡工具，支持查看今日天气、未来预报、空气质量和生活建议，并生成每日早安天气卡片。
wx757c58a5e2170570,云时代Ai,Mini Program,,,云时代专注于传统零售门店智能化、无人化的智能零售服务，引领行业发展新生态，让生活更美好
wxe1ad7e88bd93ee4d,云朵人工智能,Mini Program,,,小云充电致力于提供安全，可靠，稳定的新能源充电服务
wx923c0b7fc99b49ab,云柜快递服务,Mini Program,,,云柜，是一款集快递、综合服务为一体的智能终端设备，为解决快递最后100米及社区综合服务等为核心的亲民设备，欢迎使用。
wx42520ef712c2353f,云浮市建筑市场用工管理小程序,Mini Program,,,用于云浮市住建局政府监管人员通过手机移动端去查看项目、人员、考勤、工资等信息，并可查看云浮市各地区三制排名
wxfbaf355175ae710f,云游东南 校园地图导航,Mini Program,,,本小程序用于东南大学校内导航，包括推荐游览路线，建筑物导览等。
wx62bfb975a11ddb1d,云煤电商,Mini Program,,,经营范围：物联网平台、物流信息平台建设、运营、维护：煤炭供应链金融管理：煤炭批发及运销：道路货运代理：仓储服务
wx7d51edeb1a7426b1,云特云安在线学习平台,Mini Program,,,特种设备安全管理和作业人员证、特种作业证在线学习平台
wxc4a9c282081f9a15,云稿通,Mini Program,,,直通橄榄台
wx6b1c5070fc210884,云筑记工记账,Mini Program,,,云筑记工记账小程序是一款供建筑行业工人使用的记账软件，每月记录工时可与云筑考勤数据做对比，精确审核工时数据。
wx081bab529fe0a2d2,云米客户服务,Mini Program,,,云米集团官方服务平台，为云米客户提供一体化到家安装、维修等产品售后服务
wx26ddce83cb23136c,云翼行走工具,Mini Program,,,该小程序线上购物平台，主营食品零售，欢迎选购。
wx75772fdc2a1ea3cf,云职聘招聘丨求职招聘找工作,Mini Program,,,求职招聘找工作
wx8513f1465521dd24,云舒实时天气逐小时预报一周天气,Mini Program,,,权威气象数据源，实时天气与体感温度、今天明天天气、24小时天气预报、一周天气预报（7天）。降雨提醒、紫外线指数、风力风向、湿度能见度、日出日落，支持自动定位与全国城市天气查询，天气变化一目了然。
wx4c5124f51ebeac1b,云营销码,Mini Program,,,码上有活动、一物一码、一码多扫等
wxd85c58abac604324,云视频电话,Mini Program,,,云视频电话小程序
wx00823e1d0e8b3ddb,云象出行,Mini Program,,,商用换电，民用换电，骑手租车，旅游租车，便捷旅途出行.
wxd5484f7dd1ef122c,云起智慧停车,Mini Program,,,云起智慧停车，专注于为城市提供智能停车解决方案，融合物联网、大数据、云计算等前沿技术，实现停车资源的智能化管理与服务。我们致力于提升停车效率，降低管理成本，为车主带来便捷停车体验。
wx3606812350411381,云达商家管理端,Mini Program,,,充电桩使用管理平台
wxa265a482941e82d8,云迹列车,Mini Program,,,车站大屏 火车站大屏，12306大屏，火车/动车/高铁，候车，检票口、出站口、正晚点、时刻表、站点、车次、延误信息查询。发车时刻表 列车轨迹。机场大屏，值机口、航班动态查询，提醒列车发车检票。
wxc4acd4715423d65c,云钟宝AI,Mini Program,,,云钟宝/点钟宝saas，用于足浴/洗浴行业数字一体化管理解决方案
wx55fd8097abb63c78,云问咖啡特饮,Mini Program,,,云问咖啡特饮，乐享咖啡新体验
wx6f2386b145e1e34f,云阳公交,Mini Program,,,云阳县公共出行服务平台。为您提供公交位置实时查询、公交出行服务体验反馈、公交线路出行选择等服务。
wx289a6e0ece4f067a,云餐饮服务,Mini Program,,,一卡通智慧餐厅管理平台
wxd9863fa569bb634e,云鸦记账,Mini Program,,,创业记账小助手，一款适用于早餐摊、奶茶摊、小吃摊、烧烤摊、游戏等投资收益计算神器
wxbd08b4baa10fcc1d,互联互通停车,Mini Program,,,智慧停车场，停车电子支付
wx676b0c43892ea35d,互联网心理测评软件,Mini Program,,,集心理测评和心理自助为一体，可用于不同性别、年龄、职业以及其他各类人群的心理健康、智力、个性特征的评定和身心调节。
wxeedffcdc50900e28,五个奶爸少儿编程,Mini Program,,,做有“温度”的教育。
wxeeda68fa6bf38cf1,五华县技工学校,Mini Program,,,用于学校智慧校园一卡通食堂在线充值消费，以及师生服务使用。
wx4f56d3552988ca26,五华县政务服务中心饭堂,Mini Program,,,五华县政务服务中心饭堂
wx59f3d99d74a2e1ca,五华政务智慧问答客服,Mini Program,,,五华区政务服务局基于deepseek大模型，开发五华政务智慧问答客服，为群众提供政务服务事项在线咨询、办理引导、政策解读等服务。
wx97316708ffe1f9c4,五合医疗,Mini Program,,,广州市五合医疗器械线上商城
wx333b3bcc4bfe0119,五季睡眠,Mini Program,,,关联睡眠监测设备，查看每天的睡眠分析报告和指标趋势。
wx655113d7010fd562,五氧健身,Mini Program,,,数智化健身房
wx5e366cb2c20a67b3,五矿证券研究,Mini Program,,,五矿证券研究所官方小程序，为您提供投研资讯，欢迎订阅！
wx04f04985224c9cbf,五福电影,Mini Program,,,封神哪吒射雕英雄传唐探1900蛟龙行动熊出没电影票优惠便宜省钱
wx60a81ca19b10cf6c,五秒游戏-服务工具,Mini Program,,,为五秒游戏的用户提供解决用户问题、提升用户体验的一系列服务和支持。
wx6a9b43dd784dcb4b,五菱汽车,Mini Program,,,五菱汽车小程序，原LING Club(菱菱邦）是五菱宝骏用户官方平台，带你一起【菱】略无限美好
wx44d6e0bc62659d34,五行生活穿衣定制音乐疗愈,Mini Program,,,每日五行穿衣，五行音乐疗愈，五行饰品，五行养生茶饮，五行熏香等，让身心与天地合拍。
wxef4280a58b6fffc1,亚启CRM,Mini Program,,,亚启CRM工作管理平台
wx1eb956982b600c38,亚太人工智能多学科综合报告,Mini Program,,,主要是给检后客户提供自我健康管理干预平台
wx1679e00a9558e940,亚洲航空-订机票餐食行李额选座,Mini Program,,,亚航官方小程序AirAsia MOVE，提供特价机票预订，支持网上值机，SANTAN飞机餐、手提/托运行李、选座等增值服务查询及购买！小程序焕新，将持续改进为您带来更好的预订体验！
wx372b77808f5c777c,亚洲饮料开盖有奖,Mini Program,,,亚洲饮料80周年生日快乐！
wx1e34b655d737edfa,交个朋友智慧娱乐共享空间,Mini Program,,,交个朋友智慧娱乐共享空间，致力于打造舒适的线下娱乐体验。
wxd37b5a11ac15c5c4,交发智慧出行,Mini Program,,,交发智慧出行，解决用户出行最后一公里
wx046a6ba892b2e60b,交培科技,Mini Program,,,驾驶员培训学员端小程序，为学员提供学时查询，在线生成练车二维码等内容，方便学员培训学习。
wxb43d0f53150a33c5,交控商城,Mini Program,,,交控人自己的商城
wxfc352ed88b2b1d49,交职大美食,Mini Program,,,为客户提供优质服务
wxeab3eaabfcb414a3,交行信用卡,Mini Program,,,交通银行信用卡官方小程序。
wx06e2dfa1cdda2c02,交运学子专车&青柠,Mini Program,,,交运学子专车，专为大学生定制客车
wx3d31e879e3ffbaca,交运打车,Mini Program,,,南宁市交运公司订制班线服务，提供线上订车服务。
wx49ba336b4756d901,交通乘车卡,Mini Program,,,充值公交卡、地铁卡
wx64949e1dfdca61eb,交通培训,Mini Program,,,对驾驶人交通行为规范、交通法律法规等方面进行培训，增强交通安全意识、文明行车理念和遵规守法的自觉性。
wx88be1617eb78d41f,交通安培,Mini Program,,,安全教育 平安交通指尖轻触即得的安全
wxe4e062a8da1eda86,交通客运后台管理,Mini Program,,,天津市交通客运有限公司旗下，门户管理端小程序
wx472da5c6ebf43609,交通燃气充电,Mini Program,,,西安交通燃气有限责任公司名下所属充电站运营小程序
wx77173b7e0dad956a,交通课堂online,Mini Program,,,用于发布对运输行业相关的咨询及练习题目
wxcd4dc2aacc6176d2,交通部水运科学研究所学员管理,Mini Program,,,该小程序将实现手机端学员签到、课堂考勤等功能，欢迎使用！
wxd04128eb6f38a0c7,交通银行,Mini Program,,,交通银行始建于1908年，愿给您带来最真诚的服务
wx7f9f7c711b38ae14,交道教育,Mini Program,,,交通运输行业集视频、直播、音频为一体的在线教育平台
wxaa4798bc5af877b6,亦忻学习,Mini Program,,,公司员工读书学习工具。
wxf1b7705f2f0a6002,享递机器人GO丨外卖配送,Mini Program,,,享递配送，为您提供楼宇内高效、安全、便捷的机器人跑腿服务。
wxfd192b510b36d9d9,享逸科技,Mini Program,,,主要用于客户的沟通，服务客户，单位产品的展示，说明，服务。信息技术咨询服务;技术服务、技术开发、技术咨询
wx3207ea5333ed52dc,享道出行丨打车专车预约出行平台,Mini Program,,,享道出行官方平台，提供打车、叫车、代叫、预约用车、出租车等高性价比的出行服务，安全合规，想到的地方陪你到！
wx86d0797d34f56442,京东互联网医院,Mini Program,,,手机看病，来京东健康~汇聚全国名医专家，为您提供在线问诊、用药指导、线上买药等就医服务
wx964d834db5f50879,京东健康体检,Mini Program,,,为用户提供健康内容，让健康触手可得
wxad169f0e9e78fe47,京东外卖丨外卖美食水果奶茶咖啡,Mini Program,,,京东外卖小程序，更快更便宜！美食外卖、生鲜果蔬、咖啡奶茶、鲜花糕点、超市爆品等更快下单送达！官方百亿补贴享免运费全网低价，更有外卖叠加券、优惠饭卡系列惊喜等你发现！
wx94caf71126ed4adb,京东安联保险,Mini Program,,,京东旗下保险品牌，买保险上京东。京东保险官方服务号，由京东安联保险提供在线投保、线上咨询、保单支付、保单查询和在线理赔等服务。
wx529886ca8f9df41d,京东安联客户服务,Mini Program,,,为客户提供便捷的保单、理赔、客服等自助服务。
wxb2fb00f94944142c,京东消费金融,Mini Program,,,原捷信消费金融小程序，支持便捷还款，操作简单，持牌机构，安全合规。
wxbbb4b6f8f67ae2c1,京东物流企业寄件,Mini Program,,,为企业客户提供下单、查询、审批、组织管理等寄递功能。
wx8f36611cb7aa8361,京东物流商家服务,Mini Program,,,京东物流合约用户官方服务号，为合约用户提供下单，查单，消息提醒等功能。
wxa61c3729cabe8649,京东自营大药房,Mini Program,,,京东集团旗下专业药房，为您和家人提供健康资讯、健康管理等多种服务。 京东大药房，专注卖好药
wx91d27dbf599dff74,京东购物丨点外卖领国补,Mini Program,,,购物上京东，又好又便宜！京东提供品质外卖、手机数码家电国补、秒送生鲜水果/咖啡/鲜花/ 零食酒水等超值商品和便捷服务。
wx59798feeec6d5464,京东金融基金投资,Mini Program,,,买基金，上京东金融
wxf914cc4a95274a8d,京佳教育智慧刷题课堂,Mini Program,,,京佳教育智慧刷题课堂，专注公考、事业单位、三支一扶等备考刷题。汇集历年真题、专项题库、全真模考，智能整理错题本，生成学情分析报告。无需下载 APP，碎片时间高效练题，以题带点巩固考点，助力考生查漏补缺、科学备考，轻松提升笔试应试能力。
wxb5196af4021b9685,京医号医院预约挂号,Mini Program,,,"挂号,医院免费预约挂号平台,提供北京三甲医院多点医生挂号,如北京协和同仁安定友阜外谊东直门西苑广安门朝阳昌平大兴人民第一第三第六301空总解放军总医院北大六院三院等,精神科眼科皮肤科耳鼻喉科肾病科中医科神经内科外科消化内科胃肠科口腔科挂号"
wxeb2ac0bf18e662b0,京医号预约挂号平台,Mini Program,,,"挂号,京医号医院预约挂号平台,免费提供全国三甲多点执业医生专家挂号服务.如北京上海广州天津成都重庆武汉杭州协和同仁六院儿童儿研所回龙观天坛积水潭医院安定安贞医院省中医院,精神科心理咨询科皮肤科眼科口腔科耳鼻喉科神经肾病内科消化内科儿科中医科"
wxaf64381fbfc046d7,京医挂号通,Mini Program,,,京医挂号通汇聚北京协和医院北大人民医院北医三院北京同仁医院301解放军总医院空军总医院妇产医院等多点专家北京医院预约挂号网
wx0764049aeff61f64,京医挂号通挂号,Mini Program,,,京医挂号通京医通挂号预约北京预约挂号首都儿研所北京儿童医院北医三院北大人民第一妇产中日友好同仁积水潭301肿瘤口腔医院
wx6a9da50aa9c40f2f,京医预约挂号平台,Mini Program,,,"挂号，医院挂号，免费提供全国三甲多点执业医生专家挂号服务.如北京上海广州深圳济南郑州南宁昆明成都重庆天津石家庄青岛乌鲁木齐银川西安合肥杭州苏州南京等预约挂号,皮肤科精神心理科眼科口腔科精神科耳鼻喉科肾病内科消化内科儿科中医科等医院挂号"
wx3144a573f442c2d8,京号北京预约挂号,Mini Program,,,"北京挂号中心提供三甲多点医生便捷预约挂号,是北京114预约挂号网外另一个多点医生挂号网,包含协和医院、同仁医院、北医三院、友谊医院、积水潭医院、301医院等多点执业医生。包括皮肤科挂号、骨科挂号、眼科挂号、耳鼻喉科挂号、儿科挂号等数十个科室"
wxe49e3c6b1ff5f033,京号通北京挂号,Mini Program,,,"京号通北京挂号是医院挂号预约平台,提供114挂号以外就医服务,含协和同仁301解放军空军总医院北医三院北大口腔积水潭等多点医生"
wx25c0cdf1c2a9d660,京山招聘,Mini Program,,,京山招聘是京山生活人才网的配套小程序端，为京山求职者和用人单位提供便捷服务。
wx79f8747aeaa7897c,京怡电商平台,Mini Program,,,全面搭建电商平台矩阵，提升品牌竞争力，为消费者提供优质的配送服务和售后支持，建立品牌的忠诚度
wx6f39048e5920e27e,京津冀旅游卡,Mini Program,,,旅游一卡通官方商城
wx400c2bf43a83d825,京洲联信重庆税务师事务所,Mini Program,,,服务涵盖企业智能尽调、税务风险检测、财税政策匹配、企业经营参谋等财税服务，为企服机构提供一站式数字化技术服务方案。
wxccd456afc65183cc,京港地铁BJMTR,Mini Program,,,京港地铁官方小程序，为你提供贴心的出行帮助和全面的资讯服务。还有更多精彩活动和惊喜福利，等你来撩~
wxe57b9b3401bba027,京点美食,Mini Program,,,京点单，您的扫码点餐经营好帮手。致力于为万千餐饮商户提升门店经营效率、优化顾客便捷点餐体验，共建餐饮数字化升级！
wxfe0e405895cafdf9,京通,Mini Program,,,“京通”小程序是北京市打造的面向市民和企业的城市公共服务移动端入口。
wxac16cc233b1d340a,亮健好药房网上药店,Mini Program,,,亮健好药网，网上买药的正规网站，买药品最好的网站，全国最大的药品网
wx54ef0cc36d1ddf68,亲小禾,Mini Program,,,亲小禾，国家高新企业，具备软硬件全栈研发能力，服务全国3万+学校。聚焦K12与学前教育，以智能校徽为核心，覆盖无感考勤、AI体育、德育综评及家园共育，构建智慧校园全场景生态，赋能教育数字化升级。
wx17a3e7255bda72be,亲属打车,Mini Program,,,提供更简单省心的打车服务，支持预设地址亲属代付
wx002c79c20b487469,亳州市妇幼保健院预约挂号,Mini Program,,,为患者提供服务平台，让患者为在移动端可以进行在线咨询、智能导诊、预约挂号、在线问诊、健康宣教等服务，方便者为就医。
wx2ff2d5e2153c7446,人人优聘丨招聘求职灵工,Mini Program,,,为千万求职者提供千万个工作岗位，招聘求职，兼职全职。
wx9b30862147d7856b,人人租CRM,Mini Program,,,供企业内部人员使用的CRM系统
wx86cbcc0f22e3dc75,人保寿险E服务,Mini Program,,,中国人民人寿保险官方小程序，为用户提供专业、全面、优质的保险服务。人民保险，服务人民。
wxeff9caa19e0aad0e,人保招聘,Mini Program,,,中国人保集团招聘平台。
wxd9391c82bf2c7983,人工智能+赋能千行百业高质量,Mini Program,,,本书聚焦我国在人工智能领域的探索与实践，深入阐释了“人工智能+”行动的战略意义、实施路径与未来前景
wxdb0efd7c7855e881,人工智能AI搜索,Mini Program,,,DeepSeek/人工智能/AI智能/AI对话/AI问答/AI回答/AI写作，人工智能可以帮助用户完成各种工作，例如日常办公、提醒事项、文字写作、解疑答感等。
wxc220904b13bd9273,人工智能AI问答,Mini Program,,,deepseek/人工智能/AI智能/AI对话/AI问答/AI回答/AI写作，人工智能可以帮助用户完成各种工作，例如日常办公、提醒事项、文字写作、解疑答惑等。
wx430320811ad90e5f,人工智能bigjpg,Mini Program,,,使用最新人工智能深度学习技术无损放大图片 🤖
wx23b18a4b1624ec53,人工智能与公共治理课程智能体,Mini Program,,,为数字治理工程师提供智能问答，把前沿技术转化为可落地的治理能力。形而上者谓之道，形而下者谓之器；以 AI 之道，治公器之事。
wxe6bd2a0764d62c00,人工智能产业先导区,Mini Program,,,磁山·AI谷，烟台AI先导区，依国家战略，拥山海、算力与跨境通道，聚龙头与科创，配百亿基金、人才社区，聚焦AI落地，建北方高地
wxc0ae51533a83d02e,人工智能停车场,Mini Program,,,专注智慧停车，助力停车行业发展
wx0f860d7becd58d15,人工智能安全管家,Mini Program,,,智慧燃气安全管家：是一种基于物联网、大数据和人工智能等前沿技术，对燃气供应、管理和安全进行全方位高效监管的解决方案。
wx18ea3f3e3bb94ca3,人工智能安防服务,Mini Program,,,本小程序用于联网报警运营商工作人员工单接收、处理。工作人员通过小程序接单，完成工单。
wx7eecfd6f01800a6c,人工智能心理危机干预系统,Mini Program,,,人工智能心理危机干预系统
wxc2633f6b00032340,人工智能心理危机干预系统工作台,Mini Program,,,人工智能心理危机干预系统工作台
wxc6893a691046680b,人工智能训练刷题助手,Mini Program,,,人工智能训练师刷题题库，理论题错题题库，实操题答案背题，模拟真实考试题库
wxb8b2f43d841b7168,人工智能训练师刷题备考助手,Mini Program,,,人工智能训练师的刷题题库、知识点整理与练习工具。提供理论题和实操题知识查阅、模拟练习及错题记录功能，辅助用户进行日常知识巩固与查漏补缺，是您的掌上学习小助手。
wx59e5769ecc691323,人工智能足球工具,Mini Program,,,AI人工智能足球赛事咨询-皇冠进球数-亮剑足球-阿里山进球数-锦鲤进球数-启航足球-中国银行进球数-水花儿足球-火龙果足球等系列
wx602c2af0e153f836,人工智能车场,Mini Program,,,本程序集停车登记、缴费、租赁、咨询等功能于一身，由仁通信息团队设计，为民众提供便捷出行体验，构建智慧停车新生态。
wx0adcca413d396567,人工智能防伪,Mini Program,,,通过人工智能技术，提供更安全可靠的产品防伪系统。
wxedfb19f53f297aad,人情礼金记账本 Pro,Mini Program,,,人情礼簿，电子礼簿，随礼簿，人情记账，人情账本，礼金账本，礼金记账，礼金簿，人情往来记录，礼尚往来，礼簿管家，礼簿助手，份子钱记账
wx9ad5a74d6e19dd11,人教教材学习,Mini Program,,,人民教育出版社正版教材及官方课程，随时随地高品质学习，夯实基础知识，启发学习兴趣，提升自主学习能力。
wxfd3807ae6f2ebd68,人教英语点读跟读,Mini Program,,,人教点读小程序！人教版英语电子课本点读跟读，人教英语电子书课本，人教PEP、精通版、新起点版中小学英语同步教材电子课本，人教教材学习同步资源包。
wx30978ab5aca3090d,人民法院在线服务全国版,Mini Program,,,人民法院在线服务全国版，提供全国法院一站式诉讼服务
wx68d45314c981ef84,亿信医疗,Mini Program,,,发票助手，开票无忧
wxfce8a9772235b93a,亿旅 I 机票电影,Mini Program,,,亿旅旅行，中国专业的在线机票预订平台，国内、国际机票24小时在线预订，专业服务为您说走就走的旅途保驾护航。。
wx37b587dfc893ff7b,亿晨自助健身,Mini Program,,,亿晨24小时自助健身
wx30ec25b2154c67f3,亿杉医疗,Mini Program,,,深圳亿杉医疗是一家专注于母婴赛道的非侵入诊断与治疗的前沿医疗技术公司，致力打造孕、产、育全周期新生代家用医疗产品。
wx6ed2e6a47fa0c0bc,亿禾瑜伽生活馆,Mini Program,,,亿禾瑜伽约课小程序，一键查询课表、预约瑜伽/普拉提课程，便捷开启身心舒展。
wxf642d8a27708e981,仁寿公交支付通,Mini Program,,,仁寿公交线上支付管理系统
wxa35fb3bc835e8063,仁寿熹麻娱乐自助棋牌,Mini Program,,,自助麻将娱乐
wxcdb48a65f3279e33,仁爱英语,Mini Program,,,提供仁爱版英语教材配套的学习资源。
wx74c4f3d4d7acbf7e,仁禾餐饮智慧+,Mini Program,,,仁禾佰盛（杭州）餐饮专注于企业食堂管理、食材供应、福利采购、后勤配套服务、为企业客户打造智慧、健康美味、全面的餐饮体验。
wx873aee6b4f257dbf,今天吃什么-每日菜谱,Mini Program,,,每日菜谱，可自定义，方便买菜！
wx648ccbbcce0dff46,今天吃什么家庭菜谱管理,Mini Program,,,个人和家庭菜谱管理工具：记录家常菜，添加分类、图片、食材和做法，支持搜菜、排序和生成菜单；邀请家人共享厨房、一起点菜。纠结今天吃什么时，可从自己的菜谱随机抽菜，也能按外卖品类做选择；还可记一餐、记一杯、任务打卡和记录体重。
wx324dade79b3fde93,今天吃什么菜谱助手,Mini Program,,,根据人数、口味、荤素随机推荐每日菜谱，含辅食、月子餐做法参考，帮你解决“今天吃什么”的烦恼。
wx9c77f44eca234d69,今天时间地点水印相机,Mini Program,,,水印相机；考勤水印相机；经纬度相机；录像加水印；视频加水印；水印相机打卡；拍照加水印；照片加水印；水印相机小程序；视频水印相机。
wxb8119857ddef93e5,今天有跑步了吗,Mini Program,,,喜欢跑步
wx75e9ce40456e5704,今日早上好表情图片,Mini Program,,,早上好表情图片 早安表情包 早安图片 教师节祝福 2026教师节快乐 白露 9月你好 手抄报 海报 表情包 配图 祝福图片
wx2978946aed99cf6f,今日水印相机,Mini Program,,,工作打卡水印相机，时间地点不可改水印相机。照片可追溯、可验真伪的水印相机。真实防篡改，有团队管理功能，考勤打卡外勤管理神器。
wxbc874cf2f641106a,今朝装饰CRM,Mini Program,,,今朝装饰集团内部CRM系统
wx9897df4aacfd3e32,今麦郎潮饮内部版-饮品,Mini Program,,,今麦郎饮品一物一码活动，业务员向终端店回收兑换奖盖工具
wxcc3011a5602462f5,今麦郎潮饮终端店端-饮品,Mini Program,,,今麦郎饮品市场营销一物一码小程序
wx63df60609de76c72,从新餐饮营销,Mini Program,,,哥二，即二哥。既一本正经，也能玩转“不正经”。以全新潮流的面貌去追求适合年轻人的都市烟火、热血市井大排档。
wxe38b9ab616332cf1,从江县仁康大药房,Mini Program,,,该小程序是用于本单位会员管理，商户运营。
wxc42712d2d7fdcd85,仓山区物电科技公司充电桩,Mini Program,,,提供电动自行车共享充电桩服务
wx37f0fe1f4e0097ed,仓巴记账,Mini Program,,,仓巴记账账单小程序，方便您对账使用。
wxb64638bfde6467cf,仓鼠外卖hamster,Mini Program,,,仓鼠外卖致力于打造中小地区及高校大学生活生态系统，提供高质量、高性价比的本地生活服务，让每一餐都找到归宿。
wx457df64656d1d334,付呗生活,Mini Program,,,收款就用付呗。
wx069d7f1fc10cd5f0,仙屿摄影工作室,Mini Program,,,FAYISLE CHARMING OF YOU.
wx11fe254467c846b7,仙岳睡眠健康,Mini Program,,,宣传睡眠科普，CBT-I治疗，睡眠监测预约、评估。
wxbe12c62c93af8251,仙岳睡眠健康医生端,Mini Program,,,睡眠科普，CBT-I治疗，睡眠监测评估预约医生端
wx7d839534371e9646,仙翁食谱,Mini Program,,,葛仙村度假区餐饮扫码点餐
wx36e188349e9eaba7,代数学家,Mini Program,,,代数学家咖啡旗下小程序
wx86009843facf5e3d,代驾工具,Mini Program,,,免费的超级代驾神器、代驾私单、代驾助手、代驾软件、计价器、司机服务平台、代驾私单、全民代驾、代驾兼职。
wx093ba523560fd1ec,令狐充科技,Mini Program,,,致力于新能源充电桩充电运营管理与技术支持服务
wx418c48f21acd4c3f,仰望汽车,Mini Program,,,这里是仰望汽车粉丝大本营！在这可以享受贴心的车主服务，社区内分享用车旅程，加入圈子，参加车主活动享受粉丝福利~快来体验吧！
wx92d9a15039caad2f,任意健身ANY FITNESS,Mini Program,,,作为武汉领先的健身品牌，任意健身始终专注打造高端运动健身体验，成立以来不断扩大影响力，发展成为武汉当地健身品牌主流。
wxb889626b369dee1a,企业e管家,Mini Program,,,一站式企业数字化服务平台
wxf19e9669a8523684,企业充电助手,Mini Program,,,企业客户专属小程序
wx108cb2029b6f3dd1,企业分析研判,Mini Program,,,大数据平台-企业分析研判子系统
wx3a8189df0cd5a38b,企业包联全覆盖数字化,Mini Program,,,企业包联全覆盖数字化平台
wxc84b767c22c9e588,企业合规官知识竞赛,Mini Program,,,企业法治信用合规知识竞赛是面向有关政府部门工作人员、企事业单位职工、社会组织工作人员、高等院校师生，律师、信用管理师、合规官以及对法治、信用、合规知识有学习意愿的人员开展的公益性普法活动。
wx2961574bbec73239,企业咕咚,Mini Program,,,企业专属运动社区，记录员工碎片化运动并排名。结合重走长征路，纪念成立100周年等主题。答题，可抽奖，红包等玩法，形成健康企业文化。
wx9455cabfa21b8464,企业商户订单服务,Mini Program,,,快捷支付工具
wxc39104569ba2b69c,企业客户权益管理B端,Mini Program,,,为合作企业提供可靠、便捷、稳定、高效的客户礼赠服务支持。
wx6219ca343f8298ac,企业岗位练兵,Mini Program,,,公司岗位技能学习
wx998a8c0aeef9bddb,企业微信会议,Mini Program,,,可随时随地发起和参与的音视频会议小程序，支持企业微信和微信用户同时参会
wx7424030d69bde86e,企业微信直播,Mini Program,,,企业微信官方小程序，用于观看直播
wx5e5fa0b0be9f3873,企业点评丨求职合作必看真实评价,Mini Program,,,"大利为劳动者做平台、企业点评
提供真实企业评价与职场信息
帮助你判断公司好坏，降低入职风险
少走弯路，选对公司"
wx4d2deeab3aed6e5a,企业素材库插件,Mini Program,,,用于展示企业在管理后台创建的企业素材图片
wx0604c396202bab6b,企业食堂订餐,Mini Program,,,本小程序只供本单位员工订餐之用，不做平台销售。
wx2caa8e1b9c4964c0,企企管理云,Mini Program,,,企企报销
wxdfce4adfbcd37386,企信通丨企业信息,Mini Program,,,元素征信是经中国人民银行备案的首批企业征信机构，公司提供专业的金融级企业信用风险评估服务，帮助您更好的做出科学决策！
wxf6240abfa3309006,企商通智汇电商,Mini Program,,,智汇电商
wx395200814fcd7599,企查查,Mini Program,,,企查查是一款全面的企业信用信息查询工具，立足于企业征信信息整合，为用户提供可靠的企业数据查询。
wx52be5d2a4afc20c4,伊之密CRM助手,Mini Program,,,伊之密国内客服助手
wx476fee11d5ee00eb,伊利高个子母婴专卖店,Mini Program,,,伊利位居全球乳业五强，连续九年蝉联亚洲乳业第一，旗下高个子立志服务好学生人群，为其定制好营养，为健康加持。
wxa8a64f54dd16d466,伊富贵饮品课堂,Mini Program,,,饮品教学内容:柠檬茶.鲜果茶.牛乳茶.果蔬茶.冰沙.红糖珍珠奶茶等!图片海报.摆摊案例.形象图纸.物料.V领取:yiyanghui0601
wxc0be7d4cacfe1dcb,伊窈瑜伽生活馆,Mini Program,,,伊窈瑜伽普拉提
wxc762e08882011c42,伊贝云母婴商城,Mini Program,,,伊贝母婴商城主营奶粉、尿裤、母婴用品、婴童服装、车床、玩具、孕产妇用品等，提供优质、优价产品！关爱每一位宝宝、宝妈！
wx2f8f716a22c8a68a,伍姑娘饮品,Mini Program,,,伍姑娘饮品店
wx3a6ab19fb68d2637,伏安相机,Mini Program,,,“基建照片采集”是一款适用于电力工作者拍摄安全、质量过程控制数码照片的软件，欢迎各位使用。
wxa87d9e48c149cdfb,众业达CRM,Mini Program,,,优化组织效能，管理客户关系
wx8e53dade58c51630,众信旅游uzai,Mini Program,,,品质服务全程无忧，全国客服热线10109898，在线查询、预订、咨询、定制，全球线路尽在掌握。您与世界只有一个众信的距离！
wxb3d0f1e2fabb4574,众信旅游环球自由行,Mini Program,,,众信旅游环球影城门票预定及酒店预定等服务
wx8628918bec93e9d5,众学帧知科技助手,Mini Program,,,小程序主要经营内容为工具使用如图片生成等，不从事涉及 广播电影、电视、教育、校外培训、出版前置审批相关的经营活动。
wx266ff571d00af8a1,众学简快心理学考研择校刷题背诵,Mini Program,,,心理学考研人的快乐星球，择校、刷题、背诵，应有尽有，满足你的各类备考需求。
wxf28cf2c5bebec565,众安企业保,Mini Program,,,一站式企业保险服务平台，助力企业稳健经营、持续增长。
wxdeb9539ed6becd51,众安保险服务,Mini Program,,,保险产品精选，涵盖健康险、意外险、旅游险、财产保险提供极速投保，在线理赔，保单管理等服务，让您简简单单选保险
wxbac45cc1588a5a75,众安健康,Mini Program,,,众安保险旗下众安健康险为用户提供优质健康保险服务，旗下拥有尊享e生系列、众民保系列等热销产品，同时涵盖重疾险、防癌险、意外险、少儿险、女性保险。可随时在线购买保险、查询保单以及申请理赔，为您提供专业、快速、便捷、贴心的保险保障服务。
wx741250782bd96801,众安贷金融,Mini Program,,,在线提供借钱贷款、小额贷款、借钱借款、分期免息、极速借钱、分期额度、金融备用金等服务平台。最快5分钟到账，最高额度20万！
wx8735a8a39cf58b5e,众寻导航,Mini Program,,,"智能导诊好助手-对接患者各个就诊环节和流程,解决患者在医院问路、找人以及寻车、寻物难的问题，体验极佳的院内实时导航小程序。"
wx0b62484c400c02b4,众惠财产相互保险社,Mini Program,,,众惠相互，呵护向善的力量！
wxd6fa3f9b35db4ccf,众盾消防云教育,Mini Program,,,众盾消防学习平台
wx1ba5d7569e684c93,众联网校学习中心,Mini Program,,,众联题库是众联教育科技集团研发的自考教育做题平台，通过全生命周期的题库服务助力学员顺利通过自考考试。
wx16dc4a36acbf35dc,众诚保险,Mini Program,,,护航美好生活。
wxf2cd9612db782cf8,优E专车,Mini Program,,,网约车、客运服务、汽车租赁、企事业单位用车
wxc246f46620f5dc01,优个运动 优个网满足运动所需,Mini Program,,,优个网满足用户在“羽毛球、乒乓球、跑步、徒步登山、网球”等运动的装备需求，获李宁、红双喜、蝴蝶、VICTOR、STIGA等品牌的直接授权。
wx44e64d2512a699dc,优云学习,Mini Program,,,优云学习平台
wx792f8662283b0d12,优云客户订货助手,Mini Program,,,为优云客户提供可批发订货的小程序平台
wx52af675ea3077af7,优享魔方-家庭娱乐,Mini Program,,,体验游戏快乐，U享美好生活
wx58075e2795e6ea6d,优伽瑜伽普拉提YOGA&PILATES,Mini Program,,,优伽瑜伽秉承“运动是为了更好地享受生活”，坚持以创新、服务、专业、激情、高效、共赢为核心价值观，科学健身运动认知和习惯。
wxcea47880523fc9fd,优儿英语点读,Mini Program,,,优儿英语，优儿点读，优儿英语点读，人教版英语，冀教版英语，译林版英语，闽教版英语，湘少版英语，外研版英语，北师大版英语，精通版英语，陕旅版英语，湘鲁版英语，三年级英语，四年级英语，五年级英语，七年级英语，六年级英语，八年级英语，小学英语
wx2d64acb39be6b563,优品商城,Mini Program,,,优品商城，一站式线上购物商城！
wx0f4361ad524d6243,优品股票通,Mini Program,,,股价预测看未来，策略选股定乾坤。优品股票通，你的股海指南针！
wxf181b92231608a58,优唐智能AI,Mini Program,,,用AI赋能健康管理，智能设备一键连接，精准监测，实时记录血糖、血压等健康数据，自动化智能分析，生成AI健康报告。
wx134139f26c17b929,优图云教育,Mini Program,,,通过本平台移动学习所修得的学时，将登记到各级人社部门或行业主管部门的学时系统中，是各级职称主管部门认可的继续教育学时。
wxd5cf953336fc33ac,优帮手法律服务,Mini Program,,,不涉及金融、医疗、教育、投资等敏感词汇；
wx908e612c69291392,优投顾股票,Mini Program,,,面向高净值用户提供更专业、更高端的投资咨询服务。
wx49fcd5034344a932,优源餐饮,Mini Program,,,集体配餐、食材供应、食品生产销售为一体的大型团膳服务企业，是大中小学校、医疗、企业、事业单位等客户的首选餐饮优质合作伙伴
wxe7c81612afe9dc45,优米雇主丨客户服务,Mini Program,,,优米雇主客户端小程序
wxced181843b1a9701,优考试,Mini Program,,,优考试是一款免费的在线培训考试系统，提供学、练、考、评一体化解决方案。适用于各种考试、笔试、练习、课程、题库、学习培训及竞赛，具备高并发、稳定安全、智能防作弊和全面的产品功能。有考试，用优考试
wxc79eff23a161f619,优腿外卖,Mini Program,,,大学校园外卖与城市配送，0费用渠道合作，快捷服务，丰富选择。
wx911a0e83b7d38717,优路教育,Mini Program,,,优路教育官方小程序，涵盖一建二建、监理造价、安工消防、经济师会计，医师药师，康养心理、教师考研法考等项目。为各类考生提供在线直播、免费课程、备考资料等众多学习资源。更有考试时间、备考交流群特色服务，助力考生备考。
wx209aa7f08c08b1ab,优途营销,Mini Program,,,招生策划合作：13140008586（招生合作）
wx5de0c309a1472da6,优酷视频,Mini Program,,,优酷独家剧集综艺一网打尽；院线大片优先更新；每月精彩会员活动提前知晓，各种惊喜在优酷视频！
wxa8237929597894bf,优食餐饮服务,Mini Program,,,优食，用心为您服务
wx633674610b8b7da6,伙力学习,Mini Program,,,伙力学习是一款集时间管理、任务打卡与学习陪伴于一体的效率工具。用户可以通过制定每日学习计划并配合“专注时钟”进行沉浸式专注。完成任务即可积累专注时长，点亮专属的成长记录，让专注不再孤单。
wx84b8e0654b8b4ee0,伙食管理系统,Mini Program,,,食谱、训练、采购、评价等一系列相关管理
wx627bcc230c39c5e1,会员预约管理系统坚果约课排课表,Mini Program,,,坚果约课会员预约排课管理系统，很高兴为您提供安全稳定的服务。坚果约课小程序，预约小程序，排课小程序。8年国家高新企业·10万商家使用·瑜伽馆·舞蹈室·健身·少儿培训·教育·搏击·艺术培训等等
wx2eec8a2d8c591ce2,会小二 会议酒店会议场地预订,Mini Program,,,会小二-会议方案，让办活动更轻松！
wxd6631996f36957ce,会生活智慧消费,Mini Program,,,致力于打造智慧消费方式，为消费者带来更便利、优惠、有趣的消费体验。
wx8e3159c68e16a2ee,会编程的兔,Mini Program,,,训练逻辑可爱又有趣的小游戏，可爱的小兔通过前进，转向循环等简单的规则，收集路径上所有的胡萝卜，来挑战世界最聪明的大脑吧！
wx1e9c4b2a5a93ef76,会计考试GO,Mini Program,,,"会计考试，财务人考试必过的护航者，提供题库练习·模拟考试·打卡学习等服务.覆盖初级会计考试,中级会计考试,注册会计师,管理会计师"
wxbd88dd4e560b825f,传图识字丨图片提取文字转Word,Mini Program,,,图片转文字，扫描文件，提取文字，图片文字识别，翻译，转Word，Excel，文字识别
wx41e8a963e1ce48e2,伯友茶记,Mini Program,,,食得开心至紧要！
wxb78b702ae9fd5afa,伴价购物,Mini Program,,,这是一个具有绝对价格优势的购物商城。
wx3b6e87d9090f8e30,伴伴记账,Mini Program,,,伴伴记账是一款专为情侣和家庭设计的多人记账工具。支持多成员加入同一账本，展示消费总额、类别占比、消费洞察等，帮助用户管理共同账目。
wx0e185109a2afa8b9,伴生活,Mini Program,,,一键远程开门，从此快人一步
wxb6138fec60656d17,伽简瑜伽YOGA,Mini Program,,,会员约课。
wxc14405a6e6f0dc9d,住一民宿,Mini Program,,,住一是日本大阪的综合服务品牌，专注于日本民宿、餐饮和房产领域。选择住一，带你发现精选住宿，品味美食，探索房产投资的机会
wxa3de6c4894eba516,住户调查e记账,Mini Program,,,本程序是由国家统计局开发的个人记账应用，记账者可通过它记录家庭或个人的日常收入、消费、生产经营等数据。
wx6a1266b8af03477a,住房和城乡建设部政务服务门户,Mini Program,,,住房和城乡建设部政务服务门户小程序
wxbac8f291b79f78bc,佑君睡眠,Mini Program,,,本产品的设计初衷是为用户提供一种改善睡眠质量的产品。
wxa91c888134732ba4,体育课外跑步打卡系统,Mini Program,,,用于北京中医药大学学生体育课外跑打卡及校园体育赛事活动等相关信息数据统计
wxd88aa72a57ffcfd9,体表气候 SkinWeather,Mini Program,,,体表气候
wxbf0fab9656d3a0ee,何大厨的菜谱日记,Mini Program,,,记录家庭菜谱、食材用量与烹饪步骤，支持家庭成员共同维护，并提供智能菜谱助手。
wxd2b0a2f35b9110e0,余姚公交,Mini Program,,,实时公交查询，便民服务
wxa630dae5d471a0de,余杭农商银行非金融服务平台,Mini Program,,,和润幸福家是余杭农商银行在临平区委区政府和上级有关部门的关心支持和具体指导下，精心打造的公益型、共享型金融惠民综合体，位于临平区南苑街道南兴路138号3楼，面积3300平方米，内设文化艺术、运动天地、健康养生、书画阅览等活动空间。
wx88a7c9f10d7ee70a,佛二绿岛智慧餐饮,Mini Program,,,佛山第二人民医院绿岛湖院区智慧点餐小程序
wx882323f84885e2e3,佛山Plus,Mini Program,,,爱佛山 就上佛山+
wxe009abce58de7aec,佛山优选电商,Mini Program,,,佛山优选电商科技有限公司致力于打造佛山优选平台、为佛山优选品牌代言。
wx732c258fb2118dde,佛山地铁乘车码,Mini Program,,,佛山地铁乘车码
wx6f7746db82d9245b,佛山妇幼智慧院内导航,Mini Program,,,佛山妇幼智慧院内导航，提供医院科室导航、车位定位等室内导航服务，真正让信息多跑路，让患者少跑腿，带给患者全新的就诊体验。
wx6166f68516cbb9b5,佛山市顺德区妇幼保健院院内导航,Mini Program,,,广东医科大学顺德妇女儿童医院院内导航小程序，为来院患者提供精准导航服务
wx71e2928d4c852834,佛慈大药房+,Mini Program,,,佛慈送药到家是佛慈大药房官方商城，可提供药学咨询、用药指导、送药上门等服务。买放心药，到佛慈大药房！400-8516969
wx5c9393c679acc43a,佛慈大药房会员中心,Mini Program,,,佛慈大药房通过线下门店为甘肃方剂提供取药配送服务，省内患者可到佛慈大药房指定门店取药，客服电话400-8516969
wx468f3a189386a3d4,你我前程无忧丨求职实习找工作,Mini Program,,,前程无忧_招聘求职实习找工作，为待就业大学生打造，提供国企央企&名企岗位招聘信息；提供实习、校招、兼职等求职服务；获取面试技巧、职场攻略干货，帮你升级求职装备。找工作，就上你我前程，共创辉煌前程。
wx28a755a0dec704bb,你我记账,Mini Program,,,多人记账，聚会记账，合租记账；聚会结算，外出游完结算，日常记账好帮手~
wxc4728c3948baf10e,你的睡眠日记,Mini Program,,,记录睡眠日记以及第二天精神状态，分析睡眠情况
wx5dbf0697283a898e,佩佩小学英语点读,Mini Program,,,佩佩小学英语点读、佩佩英语是一个小学英语同步教材电子课本点读学习工具，同步人教版、译林版、外研版等主流教材，包含课本点读、单词练习、单词评测、单词练习、单词消消乐等配套练习，帮助中小学生提高英语成绩。
wxf335c8e75abcd09f,佩佩英语单词点读,Mini Program,,,佩佩英语，佩佩英语点读，佩佩点读，佩佩英语小程序，佩佩英语课本点读，佩佩英语公众号
wx923c135eeb20c37f,佩佩英语点读正版,Mini Program,,,佩佩英语点读、佩佩英语点读小程序、佩佩英语点点读、同步人教版、译林版、外研版等主流教材，包含课本点读、单词练习、单词评测、单词练习、单词消消乐等配套练习，帮助中小学生提高英语成绩。
wx054f3b69e828cf2b,佰喜联官方直播,Mini Program,,,联结信任，盛放美好，做一个有温度，有责任，有口碑的国名品牌。因品质而立，因诚信而聚。
wx580d53f0f6bcce85,佰消安客户服务,Mini Program,,,一站式采购平台
wx9f1e2a231ee4b2e2,佰逸芯智慧停车,Mini Program,,,智慧停车系统
wx5b1e2770dd6de168,佳云快享,Mini Program,,,精彩视频短剧
wx5495db898ecc618f,佳佳美食广场,Mini Program,,,欢迎来到智能人脸识别智慧餐厅！
wx093a32549cbdeac2,佳创智能交通,Mini Program,,,佳创智能交通小程序提供车辆定位、轨迹查询、车辆保障、上牌办证等一站式用车服务，帮助用户便捷掌握车辆动态，高效办理用车相关事项，让出行与车辆管理更省心。
wx50e8581d710d2480,佳明爱运动,Mini Program,,,Garmin佳明运动穿戴官方集结入口，在这里加入运动排行榜PK，关注健康数据汇总…爱运动的人，一起来玩！
wxec691497a731e7d8,佳木斯大学附属口腔医院预约挂号,Mini Program,,,佳木斯大学附属口腔医院是目前黑龙江省唯一的三级甲等口腔专科医院，竭诚为广大患者提供优质的医疗保障服务。
wx86aee382e6055311,佳木斯大学附属第三医院预约挂号,Mini Program,,,用于预约挂号及医疗相关线上业务
wx33043371060b7ab2,佳泽基金,Mini Program,,,佳泽基金是中基协备案的证券类私募基金管理人，登记编号P1073283 。小程序主要用于直销客户电子签约，了解更多请关注公众号。
wxc0d6c6b752e7b38f,佳莱福大健康官方商城,Mini Program,,,该商城主要是为大家提供优质、实惠的营养保健品。
wx920a981fd4f4b222,佳贝安心母婴好货,Mini Program,,,佳贝安心母婴购物平台
wx9a66f73626ed5d02,依安县政务服务中心,Mini Program,,,为依安县办事群众提供政务服务便民协助
wx9d3bc4878f007cbd,依平母婴用品经营部,Mini Program,,,忠县依依宝贝成立于2003年，是一家专业从事孕婴童系列商品销售、全家营养健康管理咨询、小儿游泳推拿服务的多元化企业。
wxff1f430ff95ec242,依欣考研刷题,Mini Program,,,考研刷题小程序，助力考研上岸~
wx807a9e17698b33d1,依畅出行汽车票快车服务,Mini Program,,,依畅出行是湖南省道路客运联网售票官方平台，由湖南省交通运输厅、湖南省道路运输管理局授权。
wxfb75dede01e4f124,侨大教育,Mini Program,,,学生在线服务系统
wx53a05c65ae0259c7,便易充科技,Mini Program,,,便易充科技以智能充电设备为载体，把小区业主、校园人群、公共区域人群等整合到线上，搭建便民的社区O2O平台。
wx1feec4e32ba3b0c6,便民生活圈地图,Mini Program,,,为您提供便民地点信息及联系商家、查询周边优惠、附近帮忙等便民生活服务
wx1a9affefe7deffc4,俊小白官方企业店,Mini Program,,,俊小白新锐专业口腔护理品牌俊小白口腔实验室汇聚全球科研力量用科技养护口腔的理念定制功效成分致力于提供专业牙釉质修护缓解牙齿敏感等口腔问题的产品
wx074c3b37b339070c,保交行汽车票务,Mini Program,,,云南省汽车票网售平台
wx536632e7856b12bb,保利票务 爱演出爱生活,Mini Program,,,保利票务，全国拥有近百家加盟剧院，专业从事票务演出门票售卖，场馆技术支持等。成功制作并承担多个大型项目的售票和技术支持
wx0f8e084976b5ac80,保存工具,Mini Program,,,视频图片去水印保存免费工具 不限次数 永久免费 保存视频去水印 提取视频 下载视频去水印 免费去水印 去水印保存视频 去水印 一键下载视频 视频去水印 去水印免费 免费保存视频 一键保存视频 下载视频提取 保存视频 下载视频 一键去水印
wxdad1d1a4a586706c,保定公交乘车码,Mini Program,,,为城市提供乘公交的服务
wx32045bc0b895e9db,保定市健康体检,Mini Program,,,保健康小程序，本程序为保定官方从业人员健康体检服务入口，保健康小程序提供线上体检预约、体检报告查询、电子健康证申领服务，使用保健康可以方便从业者办理健康证明。
wxa24baae61e5baafe,保定银行商户服务,Mini Program,,,保定银行商户服务中心，商户进件，商户二维码收款，流水明细查询，结算单等功能。
wx21a15c116ec87b03,保密考试练习,Mini Program,,,保密考试练习题库为：军工保密资格认定工作试题库。试题内容来自公开资料，如有侵权请联系本人。
wx37ba81b1ace1a9ee,保山交通石化,Mini Program,,,保山交通石化公司隶属保山交通运输集团有限责任公司，公司始终坚持以客户为中心，秉承“我用心服务，您满意加油”的服务理念。
wx3f516ada7eabebc4,保山市住房公积金管理中心,Mini Program,,,住房公积金服务
wxee0b5d69c2bbc31d,保康交通码,Mini Program,,,扫码，丰富出行生活
wxb204a773f49b8105,保游旅行保险专家,Mini Program,,,旅行保险销售平台
wx40c4827cc63545ea,保百电商,Mini Program,,,保百集团唯一官方网上商城，主要用于保百电商的商品浏览，商品购买等操作，保百电商消费群体以本地顾客为主。
wx5222761f15283c4f,保质期监控丨多店多人效期管理,Mini Program,,,扫条码出商品保质期、图片。团队多人数据共享，到期推送，监控自定义，满足不同门店工作习惯。功能超强大的保质期计算器。小卖部，超市，美宜佳等便利店，零食店，商超，多门店巡检员督导适用。
wx062dac48d378f653,保险投保服务-凯森保险代理,Mini Program,,,✅️✅️✅️【保险投保入口】学平险缴费、学生保险、医疗保险、重疾险、百万医疗险、意外险、住院医疗、好医保、学生意外险、财产保险、健康险、补充医疗、养老险、微医保、补充医保、老年意外险、家庭财产保险、0免赔、癌症保险、防癌险、旅行险、宠物保险
wxe186f230ce102b30,保险精品汇,Mini Program,,,精选保险商品和服务，提高您的家庭风险防御能力，随时查保单、快理赔；
wxf999fe5bb1d77065,信呗法律,Mini Program,,,主要涉及个人和企业的法律咨询、债权变现、债务重组、资产规划、金融规划、升学择业规划、企业管理类服务。
wx955572440d93ff7f,信奥编程算法,Mini Program,,,GESP CSP NOIP NOI 信息学奥赛
wxc13dbc808b610886,信管系统客户端,Mini Program,,,2025年湖北省成人高考报名系统
wx55b5e81849a20658,信职AI门岗,Mini Program,,,广州信职AI门岗是一款提升办公场所访客管理效率与安全性工具。主要功能包括在线访客预约，邀约，访客审批，访客数据统计等功能。
wx22a204c8e5b20db5,信誉楼线上商城,Mini Program,,,信誉楼线上商城
wxaa3cb67b63e955a5,信阳农林学院招生就业办公室,Mini Program,,,信阳农林学院招生就业办公室（创新创业中心）
wx6894bb1dc25a50e9,信阳市12345政务服务便民热线,Mini Program,,,12345，服务找政府，事事有回音，件件有答复。
wx75a15eff4a5fc345,信阳职业技术学院招生办公室,Mini Program,,,信阳职业技术学院招生办公室是在学校党委的领导下，统筹学校招生工作的职能部门。
wxf22df249629f5793,修勾地铁三角洲逃生,Mini Program,,,修狗地铁逃生，狗狗地铁逃生，修勾地铁逃生
wx4f53f6a9e0a9c14a,修勾地铁求生,Mini Program,,,一款有趣的生存类射击游戏，玩家需要收集到足够的武器和资源，在枪林弹雨中求生并寻找出口，成功逃生的玩家都能获取到大量奖励。
wx84b4d35741cdc4d1,修勾地铁逃生作战,Mini Program,,,《修狗刺激逃生》一款有趣的生存类射击游戏，在游戏中，玩家需要收集到足够的武器和资源，在枪林弹雨中求生并寻找出口，成功逃生的玩家都能获取到大量奖励。
wx8cedd94e22f38ab5,修勾地铁逃生福利版,Mini Program,,,修狗地铁逃生福利版，修狗地铁逃生，修狗冒险突围。
wxee0ee2c66d91aa86,修改时间经纬相机,Mini Program,,,完全免费的经纬相机，修改定位水印相机，修改经纬度水印相机，修改日期水印经纬相机，可以免费自定义添加经纬度，修改时间经纬水印相机，修改日期的水印相机
wx7db7989bd6a37528,修狗勾地铁逃生,Mini Program,,,修狗地铁逃生狗狗突围，猫猫地铁逃生。
wxf58cefcc40251263,修狗吃鸡地铁逃生,Mini Program,,,吃鸡精英修狗地铁逃生，最新射击摸金游戏。
wx80afaf7194d35793,修狗地铁求生,Mini Program,,,修狗地铁求生最新版！传世武器火焰蝴蝶刀！点击进入！
wxd2773bbe5c304516,修狗地铁逃生,Mini Program,,,修狗地铁逃生是一款集射击、生存与冒险于一体的独特游戏，玩家将扮演修狗战士，在未来的废土世界中展开激烈战斗，探索未知，收集资源，强化装备，以策略和智慧在充满挑战的环境中生存下来。
wx4d15e7aefb1bf793,修狗地铁逃生游戏,Mini Program,,,修狗地铁逃生游戏
wx1c4a019ae9a5c8aa,修狗地铁逃生火焰刀,Mini Program,,,最新版修狗地铁逃生，三角洲吃鸡玩法！
wx5061b1b4d04f6d5c,修狗地铁逃生计划2,Mini Program,,,修狗地铁逃生计划打败巨人行动，召唤王牌刀盾突击队，修狗巨人逃生危机，我们遇到了修勾逃生巨人危机！修勾跑刀摸金搜打撤！下一个COD计划：修勾地铁Delta Force！
wx64c82b37f3bfd116,修狗狗突围地铁逃生,Mini Program,,,因为我实在跑的太慢了，所以我通过不断升级来逃离这里！
wx0338739911b0c78a,修猫地铁逃生,Mini Program,,,修猫摸金，修勾种地，机甲冲击
wx4163a00530d4bc67,修猫地铁逃生2,Mini Program,,,修猫地铁逃生BOSS决战
wx8a4ad8d651f97736,俱乐部小助手APP,Mini Program,,,这款小程序可在公域展示，俱乐部管理者能自主设抽成、报备项目。支持分享店铺二维码，能挂在俱乐部公众号。还能展示分享游戏技能项目。用户可下单、评论，从多维度助力俱乐部实现高效管理，拓宽运营推广渠道，提升影响力。
wx8f09c3f65db44a53,倍电商户端,Mini Program,,,倍电商户端
wxf546e03d9fcdf603,倍电科技,Mini Program,,,智能服务
wx1512c30ee2f455f2,倍进英语点读工具,Mini Program,,,倍进中小学英语点读学习工具，包含人教PEP版、精通版、新起点版等版本，同步英语教材课本点读，多个辅助英语学习功能，助力孩子进步🚀，家长辅导更轻松！
wxa8e2905515d588ed,倍阅学习中心,Mini Program,,,“倍阅网”是集在线交易、知识服务、有声读书的综合性文化平台
wxcec59e4b791e8fcb,倒悬咖啡,Mini Program,,,倒悬咖啡是自然主义的崇高致敬者，自由定制DIY一款专属于你的咖啡。
wx143e9ee1b4976f7a,倾伴心理,Mini Program,,,倾心陪伴 用心呵护平台汇聚资全领域专家提供专业心理倾诉服务，在亲子、婚恋，情绪、睡眠等方面提供一站式心理咨倾诉服务
wx1110cd40cdf98a9a,偃师公安政务服务预约平台,Mini Program,,,政务便民服务、警民沟通
wx58ad1b5536548afc,假装饱了丨模拟点外卖,Mini Program,,,"假装下单，省钱又控卡。 一款""点了但不花钱、下了但不长胖""的赛博美食模拟器——给你完整的外卖下单体验，唯独不给你真的食物。"
wx563909fef367bd41,做梦心理,Mini Program,,,超全免费的心理测试、人格测试、情感测试、MBTI测试，以及免费的择偶计算器和恋爱计算器等功能。做梦心理官方平台账号，与2000万用户一起深度了解自己。
wx3cdb0054d715ec5c,做梦心理七宗罪七美德,Mini Program,,,👆七宗罪VS七美德测试，七宗罪性格测试入口，做梦心理测试七宗罪七美德，做梦心理七宗罪测试。
wx61699dd695010a38,做梦心理人格,Mini Program,,,做梦心理人格测试、七宗罪七美德、双人关系角色、CPTI关系测试、关系测试。来测试你们是什么关系。灵魂伴侣、父女、主仆？CPTI测试、人格测试、性格测试。
wx715d8967355ea14f,做饭派对-自建菜谱家庭电子菜单,Mini Program,,,做饭派对是一款帮家庭、朋友和情侣解决“今天吃什么”的小程序。你可以把常吃的菜整理成自己的菜单。
wx64101195ae3b28c0,停无忧智慧停车,Mini Program,,,停车无忧，出行无忧！为市民提供高效、便捷、透明的智慧停车服务！
wxe689f1aed3b9bc7d,停智慧停车助手,Mini Program,,,更优的车主服务平台，快速找车位便捷停车缴费，提供车位租赁买卖、折扣加油、优惠车险、车品商城、充电、洗车、保养等车主服务
wx8adca066640e9dd5,停车Boss,Mini Program,,,专业停车场运营管理服务
wx63b8c656ad677ed7,停车云管家平台,Mini Program,,,艾停车运营管理
wx81389f8e59f70ac6,停车场商户打折,Mini Program,,,停车场商户打折服务平台，为商家提供停车场优惠券抵扣服务，方便快捷，节约人力成本
wxd43fd4399989dd40,停车场移车游戏,Mini Program,,,开心挪车小游戏，解压休闲全新玩法，挪车大师快来一起冲冲冲强者吧
wxf3429472022eb558,停车场管家,Mini Program,,,车场管理与运维
wxb7b02772c0fdbd67,停车登记,Mini Program,,,停车认证，满足居民对车辆及住房进行登记，登记后对常住居民，经常停放路段采用优惠政策支持。
wx77160c539f9c1aaa,健力兔24小时健身,Mini Program,,,本小程序为健力兔24小时健身会员提供自助办理会员卡
wx1ee7a760efef92d2,健康100阳光大药房,Mini Program,,,健康一百阳光大药房
wx41d50f4960b90df8,健康160丨名医挂号问诊体检买药,Mini Program,,,健康160预约挂号平台，服务包括问诊、买药、体检等，覆盖深圳北京上海广州等全国更多公立医院，提供眼科妇科儿科、口腔、皮肤，中医服务。
wxdbc5e4a8a8668a04,健康中国官方版,Mini Program,,,健康中国官方版小程序是国家卫生健康委员会官方健康资讯及服务平台。受国家卫生健康委员会委托，由《健康报》社承担开发、运营、维护、推广。
wxb74e2a838cccd863,健康九江小程序,Mini Program,,,九江市互联网+医疗服务平台
wxd7f8730feb519fd2,健康唐河,Mini Program,,,为人民身体健康提供医疗与预防保健服务
wx71c8778bd34de7c0,健康安庆小程序,Mini Program,,,全区居民提供统一的预约挂号服务。支持提前预约医院号源，选择医院后、选择就诊科室、医生以及对应就诊间段进行预约挂号
wx557c4d97ba007c42,健康宝安,Mini Program,,,为宝安人民更健康
wx424db11e6cb42add,健康山西体检预约服务,Mini Program,,,健康山西体检预约服务连接全山西省公立医疗机构、专业体检机构、及医疗健康服务单位，为全省百姓提供互联网医疗与健康信息服务。
wx2184acfbec0b5f08,健康山西智慧服务,Mini Program,,,健康山西（原山西挂号）是山西省卫生和计划生育委员会主导的山西省预约诊疗服务平台官方APP。
wxba4d3edde8c551d7,健康怀柔,Mini Program,,,健康怀柔官方小程序提供预约挂号、报告查询等功能，可以通过手机进行预约挂号，减少排队困扰，享受更全面、更优质的医疗服务。
wx7876291935227ee8,健康秘笈-原健康锦囊,Mini Program,,,为您提供健康知识、在线问诊、复诊开药等服务
wx18ef4cda23c89cc5,健康育养北京联慈,Mini Program,,,健康养育，科学喂养
wxb7ee050c1c587242,健康邻居互联网医院,Mini Program,,,依托实体医院的互联网医院服务，药品互联网信息服务，互联网信息服务，药品零售；
wx8ed62c0461b743bb,健康顺德,Mini Program,,,顺德区医疗机构服务平台
wx414ff695c87554db,健怪兽健身工作室,Mini Program,,,用于服务健怪兽健身工作室的会员预约上课使用。
wxa2d37342340c62fb,健旅生活,Mini Program,,,专注企业疗休养的专业平台，涵盖健身休闲、因私度假及员工疗休养。以贴心服务赋能企业福利，守护员工生活品质。
wx25156f00d5d63e0a,健晨健康睡眠,Mini Program,,,健晨健康睡眠，健康可以睡出来
wx2f98640ffc154403,健森门自助健身,Mini Program,,,自助健身房
wxb357eb03a559c454,健牧跑步装备店,Mini Program,,,一站式跑步越野装备店
wx61b17f72827b7bc6,健瑞儿母婴,Mini Program,,,健瑞儿专注母婴20年，200万妈妈的安心之选。
wx0cdfdb0a46967b54,健身教练宝典,Mini Program,,,健身教练职业能力备考必备工具，理论刷题、实操知识点复习、错题难题巩固。已有超10万健身教练使用备考国职。
wx53adc8eb8b377be5,健身树,Mini Program,,,提供专业健身指导，给你高端服务体验！
wx4f51dd0cd5829f62,健身跑步者,Mini Program,,,玩家通过跑道跑步 然后会碰到各种食物、以及障碍物来阻止玩家前进、路途中通过吃金币才展示玩家的技术跟得分
wxf589e3eca3deb976,傣音乐,Mini Program,,,傣音乐以其优美的旋律、鲜明的节奏、多样的乐器和丰富的情感表达，通过音乐传播民族文化！
wx9f1a1886fdccec94,僵尸助手,Mini Program,,,有向僵尸开炮兑换码攻略全套，T0宝石，每关攻略，最全数据，向僵尸小助手
wxfcc70a16db8a1899,儒友乐自助娱乐生活馆,Mini Program,,,提供儒友乐自助娱乐在线预约功能，支持线上支付，支持线上控制线下设备，支持卡券购买和余额充值，为您提供良好的娱乐环境。
wx80e073c239a2d967,儿济健康严选好物,Mini Program,,,守护孩童成长，调养成人身心，全家健康一站式甄选
wxd3fd5ce2836513bb,儿童医生游戏,Mini Program,,,儿童医生角色模拟小游戏，帮助患者远离病痛
wxba7724842b374ed8,儿童发展评估工具,Mini Program,,,"安吉儿童村,是真游戏理念与建筑教育文化生态的对话.以教育实践和儿童发展研究,传递面向未来的儿童发展理念,推动儿童友好生态建设"
wx9f861692e6ef5b00,儿童心理测查,Mini Program,,,评估测查的主要服务对象为18岁以下的儿童和青少年。
wx32b56b4851e36b3f,儿童成长VIP,Mini Program,,,0-8岁宝宝成长陪护，汇聚40多个国家80多万分钟儿童动画，为孩子提供开阔的国际视野，为宝妈提供实用的养育指南。
wxb4947f8801bef98c,儿童成长积分助手,Mini Program,,,儿童成长积分助手，家庭积分、习惯培养、成长积分、儿童自律、小红花、小星星、零花钱管理、孩子自律训练、儿童习惯打卡、任务打卡、儿童行为奖励和成长统计工具，帮助家长培养孩子自觉完成作业、家务和每日习惯，鸡娃神器，免费，无广告
wx677579daf8eaf826,儿童拼音王国,Mini Program,,,"寓教于乐，融合了拼音笔顺、词组发音、卡通插图以及朗朗上口的顺口溜。 以发散记忆方式, 让宝宝、儿童更快的掌握标准的拼音发音"
wx901a1ce46504e0da,儿童涂色游戏,Mini Program,,,好孩子赢在起跑点上。专为儿童设计的涂色游戏，有效锻炼宝宝的感知和表现能力，还能培养孩子的综合协调能力！
wx137b64f91b8fa911,儿童猫咪乐园,Mini Program,,,《儿童猫咪乐园》是一款轻松休闲的猫咪模拟养成小游戏~
wx36b256975abba1ff,儿童画画涂色本,Mini Program,,,把童话书变成可涂色的小程序！孩子涂完像在 “画自己的童话”。操作超简单，护眼模式，家长再也不用愁 “怎么教孩子认颜色”
wxdc80832d1289b217,儿童画画游戏,Mini Program,,,这是一款让孩子画画涂色经典的儿童画画游戏软件。适合宝宝涂色的早教育儿益智软件，其中包含了多种动物图和人物图画。
wx6be707ce013a6bdc,儿童益智拼图,Mini Program,,,益智，早教，儿童益智拼图游戏是宝宝启蒙教育好帮手。认识各种动植物，海洋生物，交通工具，还有英文字母，寓教于乐，开发智力。
wx91f33bf994af25da,儿童益智游戏乐园,Mini Program,,,儿童早教游戏合集：汽车游戏、动物乐园、职业扮演、青蛙过河、数字游戏等经典益智游戏
wx902985ab319f6dcb,儿童益智游戏合集,Mini Program,,,这是一款儿童益智游戏合集，专为宝宝、小朋友、小学生打造，包含拼图挑战、逻辑判断、识字训练、英语学习等多种趣味关卡。游戏采用闯关机制，完成任务还能获得学分奖励，解锁更多内容！每天玩 10 分钟，提升专注力、脑力和语言能力，爸妈放心，宝宝开心！
wxe028bcdb995735ee,儿童粉陈列打卡,Mini Program,,,点首Dev英雄汇终端，开发测试环境
wx41e421066b545f18,儿童绘本故事阅读,Mini Program,,,儿童绘本故事阅读提供：英语启蒙，童话绘本故事、寓言绘本故事、睡前绘本故事、神话绘本故事、西游记绘本故事、数学数感绘本故事、raz英语绘本故事、国学启蒙绘本故事，涵盖爱国、民俗、自然拼读等主题绘本故事。幼小衔接绘本幼儿学习资料、拼音阅读故事。
wxd42f580ae0af45cf,儿童编程启蒙2,Mini Program,,,5-10岁儿童搭积木学编程
wxc2623c8560292363,儿童美食小厨房,Mini Program,,,儿童模拟做饭小游戏
wx22bed6f1a5541dc0,儿童脑认知训练,Mini Program,,,让孩子们成长的更好
wxb658a31b86c4fdaa,儿童英语口语学习课程,Mini Program,,,儿童英语启蒙口语学习课程，儿童英语启蒙、英语启蒙、hellokid提供4-16岁青少儿欧美外教一对一在线真人直播课启蒙口语课
wx5cd38ce07c06327b,儿童英语游戏,Mini Program,,,这是一款儿童益智游戏合集，专为宝宝、小朋友、小学生打造，包含拼图挑战、逻辑判断、识字训练、英语学习等多种趣味关卡。游戏采用闯关机制，完成任务还能获得学分奖励，解锁更多内容！每天玩 10 分钟，提升专注力、脑力和语言能力，爸妈放心，宝宝开心！
wx51a7ea9c062daf1a,儿童萌宠乐园,Mini Program,,,《儿童萌宠乐园》是一款简单轻松休闲的猫狗养成小游戏~
wx6da191e86f746634,儿童识字游戏合集,Mini Program,,,这是一款儿童益智游戏合集，专为宝宝、小朋友、小学生打造，包含拼图挑战、逻辑判断、识字训练、英语学习等多种趣味关卡。游戏采用闯关机制，完成任务还能获得学分奖励，解锁更多内容！每天玩 10 分钟，提升专注力、脑力和语言能力，爸妈放心，宝宝开心！
wx0241f4458c916eda,儿童闯关游戏,Mini Program,,,益智游戏合集
wx392236f2fb046300,儿童闯关游戏大全,Mini Program,,,益智游戏大全
wx5d2a5cb2a7df0069,元商AI智能体,Mini Program,,,一款专为科技公司、SaaS企业、IT解决方案商及技术型团队打造的AI驱动型商业增长平台。我们深度融合行业知识、销售流程与技术产品特点，通过人工智能提升客户转化、解决方案销售与客户成功管理的全链路效率。
wxd5201eb08d2fa15c,元宝,Mini Program,,,腾讯混元大模型多模态对话Bot产品，可以回答各类问题，也能处理多种任务，如：获取知识、解决数学问题、翻译、提供旅游攻略、工作建议等。
wx778ba46cb2c07a64,元气健身,Mini Program,,,给身体加点元气！
wx92945703ed9e0cf5,元气咖啡屋,Mini Program,,,制作甜点，收集水珠，精彩剧情~
wx5cab592bfebd170f,元气客户管理系统,Mini Program,,,元气森林无人零售柜客户管理小程序
wxc853c3cd7842d632,元素办公,Mini Program,,,成都元素科技自研办公平台。
wx250e627704d124d4,元道相机,Mini Program,,,水印相机、工作现场留痕相机、自定义水印相机、主打实景水印拍照功能，拍照自动附带精准地理位置、经纬度、实时时间、项目地点等专属水印，杜绝照片篡改。
wx8f23c4d10d95b2a7,元道经纬相机极速版,Mini Program,,,拍照+真实时间地点的水印相机
wxb547fe146cac090c,充电站地图,Mini Program,,,向用户展示周边充电站，并提供导航和打开运营商小程序启动充电的能力。
wx25513d14274dcb76,兆丰教育,Mini Program,,,主要是提供线上定书的功能，方便老师和家长从小程序中定书
wxd4bddd5a445db2fd,先声祥瑞CRM,Mini Program,,,先声祥瑞CRM
wxdb749b8735ef3ba5,光合艺术摄影店,Mini Program,,,艺术照摄影
wxcac55ef1fa598125,光圈美学直播间搭建,Mini Program,,,合肥头部直播间搭建团队，专业样板间欢迎老板参观，品牌方长期合作，口碑见证，服务超1000+直播间落地。
wxe5f5fc859001d903,光大银行信用卡,Mini Program,,,一键办卡，额度至高5万元；免费开通动账即时提醒，账单积分实时掌握，还款分期轻松应对
wxc7d51c8cb197ea1a,光大银行薪悦通,Mini Program,,,中国光大银行以薪酬管理为切入点，为企业客户提供人力管理、财务费控、薪资代发、个税服务、协同办公等一站式企业办公服务平台。
wxbdbb0627073bf789,光影华晟电影,Mini Program,,,电影资讯，在线购票
wxf9cbe8a8e52443ee,光明知行学校食堂,Mini Program,,,欢迎光临光明知行学校食堂
wx3e888893fc4af224,光果阅读,Mini Program,,,最新热门网络小说，任你挑选阅读
wx2076ade295dcccb7,光耀购物,Mini Program,,,特惠购买，换你所需
wxaa2771dc0defa9e5,光证名片,Mini Program,,,员工名片
wxfe7c4bcdb668c3cb,克哪点出行,Mini Program,,,致力于解决用户最后一公里绿色出行问题，专注于共享电动车出行，为市民提供便捷的出行体验。
wx3651055948b4163d,克州教育,Mini Program,,,克州教育信息发布
wxd65dc9c1499de203,免佣地图,Mini Program,,,为网约车师傅提供更优惠的权益
wx1da66276970981e8,兔喜生活,Mini Program,,,兔喜生活便民服务快递查件取件寄件更方便，外卖酒店餐饮、景点门票、特价电影、亲子丽人、大牌好物美妆卖场全掌握，您的社区生活好选择
wx1a18292d4e01f739,全M招聘,Mini Program,,,福州闽侯求职招聘、找工作、招人才、寻兼职平台，福州九易传媒有限公司旗下品牌。
wx0583652ba8703da2,全享GO,Mini Program,,,全享GO秉持着为塞尔维亚乃至欧洲的华人提供一个丰富有效的本地资讯和社交平台
wx638ac90fbfe79b79,全众云停车,Mini Program,,,全众云停车，停车缴费。
wx122f363c242ee254,全升科技,Mini Program,,,全升科技志在为区域内客户带来便利的出行方式，手机扫码即可轻松助力生活，为广大人民群众带来便利。
wx2ee35eb401b97bd3,全员阅读,Mini Program,,,阅·见初心，阅·知无界，阅·行致远
wxce409177c1e57a6d,全员阅读空间,Mini Program,,,全员阅读空间
wxefb45d8cdebae3d9,全品学习打印,Mini Program,,,基于全品多年基础教育内容沉淀与云打印技术结合的智慧学习平台，印证学霸成长！
wx4dea6f132ae99e01,全国住房公积金公共服务,Mini Program,,,手机公积金为缴存职工提供便捷的住房公积金网上查询和业务办理渠道。
wxed64c384556fbcfb,全国旅游监管服务,Mini Program,,,“全国旅游监管服务”小程序是“全国旅游监管服务平台”的移动端应用，为游客提供签订旅游合同、查询旅游行程、评价导游等功能。
wx53c905b282b413cc,全域撮合电商,Mini Program,,,尚博严选
wx15b339d18d86e32e,全彩照片排版助手,Mini Program,,,本小程序为柯达品牌系列产品的配套辅助工具，可为用户提供图片编辑、打印资源和使用教程的下载、以及部分个性化影像产品线上排版
wxb9866aacbaaacb41,全息娱乐,Mini Program,,,潮玩人类提供KTV线上线下预订、点歌、点单、包房控制、会员服务等功能
wx281ff3fbceae8924,全房通生活,Mini Program,,,本小程序为公寓/房东提供的官方线上签约与缴费工具，用于租赁合同签署、租金支付及日常租住服务。租赁服务由具体公寓提供，全房通仅提供技术支持。
wx96b97c751eb2ec4d,全时流浪健身,Mini Program,,,为全时流浪健身连锁品牌提供会员购卡、自动开门、会员营销等多项内容。
wx50a7ae483e149d1d,全来电科技,Mini Program,,,"""全来电""泛在用电系统，更加智慧的充电保障系统，确保您无论何时何地都能及时地获取电能，让您的出行都变成绿色环保的美好体验"
wx56da866496ef0c78,全棉导购助手工具,Mini Program,,,全棉时代-导购助手小程序仅用作导购助手功能承接
wxdfcaa44b1aa891a7,全棉时代官方商城,Mini Program,,,Purcotton全棉时代官方商城小程序，这里有更安全、更健康、更环保、更舒适的健康生活。
wx563c7aa55ce1b40b,全民AI赛,Mini Program,,,全民AI赛
wxcae07c73d34f131f,全民企业家,Mini Program,,,一款生活模拟经营游戏，没有复杂的玩法设计，还原淳朴的经营感。怀旧风格设定，重温那个振奋人心的时代。
wxcdf383a33eb273c3,全民数学,Mini Program,,,北京小升初、中考、高考备考平台，含数学、物理、化学、语文、英语期末、一模二模等易错题难题，压轴题精讲与大考分类汇编。适配多教材版本，各区校计算、选填、圆综、几何、函数、导数、新定义、实验、电学等真题与暑假预复习均拍照搜题解决，终成全民学霸！
wxa38e954efdceffbe,全民考试助手,Mini Program,,,平台推荐专业练习考试系统，不限人数次数时长，可免费使用，适合培训考试、练习刷题、知识竞赛；支持单选多选填空判断组合随机考试
wx8e2611f412f60f47,全民解压找茬,Mini Program,,,全民都爱玩的，轻松解压找茬小游戏~
wx9c9876271d2f754f,全民音乐节奏模盒,Mini Program,,,好玩的音乐节奏小游戏
wx4e2f32ab0fc10d06,全流程AI陪诊,Mini Program,,,武汉协和医院全流程AI陪诊
wx4f171069f708dda5,全球康智慧睡眠,Mini Program,,,江苏全球康功能纺织品有限公司是堂皇集团核心企业，1993年成立。是一家专业从事功能家纺研发、生产、销售、服务的功能家纺企业。
wx126df8fa29bb4a5c,全电票查验,Mini Program,,,在线自动录入电子发票、全电票、数电发票实现了电子发票的不重复入账，收纳，归集，流转，查验等功能
wxf902fe7d00228e64,全略,Mini Program,,,在这里发现更多！
wxf29c8d8b0c30d4ae,全能英语韩老师,Mini Program,,,购课学员服务小程序，大家在这里打卡看课学习
wx7ddb5277f748bb1a,全能记账,Mini Program,,,免费多人、多账本共享记账，3秒快速记账，家庭记账、生意记账、情侣记账、共享记账，通通3秒搞定，都在全能记账小程序
wx9f980808132b8018,全能记账本-天天,Mini Program,,,家庭记账、情侣记账、班级记账、生意记账、多人记账、共享记账、工地记工、库存管理。
wxcee5e6f8ad52a4b6,全阅读汇报工具,Mini Program,,,全阅读汇报工具
wxbd2ae4bc86d742e5,全面心理测试,Mini Program,,,心理测试> 专业心理测试大全，收录包括MBTI、抑郁焦虑、两性情感、性格气质等领域在内的1000多份心理测评量表，全程匿名测评，全部免费。关注心理健康，从全面心理测试开始。♥︎橙星云团队爱心驱动♥︎
wxd72ae4a5dafe3851,八万里机票,Mini Program,,,八万里机票，专注东南亚机票业务，服务东南亚华人出行。
wx105e4dc24bb56d72,八个六航空机票,Mini Program,,,国际航协一级代理，我们为您提供全球机票、高铁票、旅游、酒店、签证等一站式商旅产品预订。全国热线: 400-659-7777。
wxa06f331f29b8a742,八二九民宿,Mini Program,,,提供在线预约功能，为您提供良好的娱乐环境
wx13a5e45a4a1484f2,八大处整形医院官方咨询平台,Mini Program,,,为患者提供在线咨询等服务
wxa0057681bd356525,八大处整形药房,Mini Program,,,八大处整形大药房是隶属于中国医学科学院整形外科医院的专业医美药店。
wx03c9fccd76492f1b,八大洲旅游预订,Mini Program,,,《胡润百富》中国十二大高端旅行社；《悦游·中国》中国十大最受欢迎旅行社
wx0e5d6a270a0adeba,八大碗金融城店,Mini Program,,,盐城八大碗餐饮金融城店
wx03d7ddfef5907a25,八方名菜谱,Mini Program,,,汇聚全国八大菜系与地方特色美食，一键精准搜索，轻松搞定每日三餐！
wxbdccdd77a7f88759,八桂校园网课程体系,Mini Program,,,八桂校园网课程体系
wx7f405f183ff3131f,八桂药店,Mini Program,,,利用互联网、大数据等技术手段，对药品零售企业进行全面、实时、精准的监管平台，用于药品销售情况监测，执业药师在岗考勤打卡管理。
wx2fd73e81db058a15,八达岭长城票务预约巴士达,Mini Program,,,八达岭长城门票预约，八达岭长城景区专线，八达岭长城直通车，八达岭长城一日游，八达岭+颐和园一日游，八达岭+颐和园+圆明园
wx597af7fc5a411311,公交新能,Mini Program,,,小程序提供充电经营服务，主要经营快充、慢充等充电模式，适配多种新能源汽车车型。
wx3a3386e2827f3a7d,公交柏安超充,Mini Program,,,公交柏安超充小程序开放私家车预约，实时共享公交场站闲置车位、充电桩。把城市空间共享，让您的每次充电更快速便捷。
wx5099ea307ba0062a,公交联盟,Mini Program,,,公共交通二维码乘车、IC卡充值及公共交通信息查询服务等功能。
wx72a9fd5d8a0b7e92,公交行,Mini Program,,,公交行是一款乘车码软件，满足市民绿色出行的生活场景，提供便捷的乘车服务。
wxfb058e9a8f527e2b,公交鸬路出行,Mini Program,,,公交鸬路出行平台提供：公交出行查询、定制巴士、商务租车、文创周边、严选特产等服务。
wx8fa80c7f0ab64cb2,公众号小说,Mini Program,,,公众号原创小说
wx42991e39e00e6d46,公元时代城-购物中心,Mini Program,,,公元时代城购物中心地处太原市核心主干道迎泽西大街与和平路黄金交汇处，建筑面积 10 万平方米，精准定位区域级全客层购物中心。
wxfec83f6b2ffb788f,公共法律服务平台民生实事系统,Mini Program,,,山西法网小程序版权归属于山西省司法厅，为社会公众提供优质的公共法律服务平台。
wx46ea718c69d656dc,公务机票购买,Mini Program,,,城市差旅管理平台
wxa3a6b41a0b3c614f,公务机票预订,Mini Program,,,城市差旅管理平台
wx06c5052018b6baad,公募排排网 基金投资理财平台,Mini Program,,,明星基金产品一应俱全，买基金申购费率0折起！
wx8db6e1991e4aee52,公易课程活动,Mini Program,,,本小程序集合公易课程活动的各种特惠福利
wxed79b33fc193c7c0,公用环卫安全学习,Mini Program,,,为用户提供安全学习的平台
wxff15237cd4a35d40,公益捐赠捐款平台灯塔慈善基金会,Mini Program,,,灯塔慈善救助基金会，捐款小程序，公益捐赠、爱心捐款平台、爱心捐赠、公益慈善捐款，日行一善、灯塔月捐人，帮扶困境留守儿童、孤寡老人、爱心食堂、免费午餐等公益项目。
wx38bb40938b1a93c9,公积金计算器,Mini Program,,,全国住房公积金贷款计算器，住房贷款计算器，公积金计算器
wx3faa6bad71687d89,公积金计算器小助手,Mini Program,,,公积金计算器，公积金计算，公积金查询测算小工具，一键查询个人缴存、贷款明细，可测算公积金可贷额度、每月还款金额，整理租房、离职、退休、购房等多种场景公积金提取办理攻略，帮你快速了解公积金办事流程。
wx28e046e0744ed2f8,公证地图服务,Mini Program,,,为公众提供便捷的全国公证处基本信息及位置导航
wxfba6ceb50675b6bd,六正大药房连锁,Mini Program,,,六正大药房，质量有保证
wx9eaaf084c577860b,六盘水公交乘车码,Mini Program,,,六盘水公交扫码乘车
wx47d896ee09fdf7c2,六边形智能共享健身,Mini Program,,,六边形智能共享健身，一键注册，开启您的六边形战士蜕变之旅，锻炼愉快，共享健康！
wx29a32608cc738fae,兮乐营销,Mini Program,,,专注中国教培行业校区招生，解决校区拓客难题
wx28b9f7a1fb925149,兰与茶,Mini Program,,,扫码点餐
wx4fa20329fafde3aa,兰卓哇外卖,Mini Program,,,兰卓哇外卖，送啥都快！美食外卖 随叫随到 便捷支付 30分钟送达
wx2502c9cb49083277,兰士顿跑步生活,Mini Program,,,助力五亿亚健康人群养成运动习惯，拥有健康美好人生。
wx7c6c70a9029241e2,兰姐美食优选,Mini Program,,,别让思念停留在回忆里。动动手指，把远方的烟火气，搬上你家餐桌。
wx4ad6a4b44b97e0e8,兰州信息科技学院宿舍水控,Mini Program,,,用于17#、18#宿舍楼H611一体化水控使用
wxf21546a2e4bf7f33,兰州大学第二医院互联网医院,Mini Program,,,兰州大学第二医院（简称兰大二院）是一所集医疗、急救、教学、科研、预防、保健、康复、健康于一体的大型综合性三级甲等医院。
wx041e9ee72700187b,兰州新区公交乘车码,Mini Program,,,用于乘车码申请
wxe457b27e56342156,兰州银行智慧云缴费,Mini Program,,,真诚服务，相伴成长！兰州银行官方缴费小程序。为您提供便民生活缴费服务。
wx38e2b77fb99cb177,兰州银行营销通,Mini Program,,,反馈营销成果：扫码量、核准量、面签量等全记录，客户经理营销业绩一目了然。
wxa9264f065c003c77,兰拓相机租赁,Mini Program,,,出租单反相机、镜头、单电微单、相机周边配件，无人机、潜水相机租赁。尼康、佳能、索尼、奥林巴斯、适马、腾龙等各大品牌单反相机、镜头出租。深圳、北京、上海、成都实体店，可上门自提，芝麻信用免押金。
wxadd9d6aed783de2e,兰瑜伽&Ufeel约课,Mini Program,,,用于兰瑜伽集团服务会员自主约课
wx9fa6b01231737ed9,兰考直聘网丨招聘求职找工作,Mini Program,,,兰考本地找工作，招人才，就上兰考直聘网！为每一个求职者提供优质的招聘信息，为每一家企业提供专业的招聘渠道！
wx4ad62ca7d02201c1,共享云相册一与亲友共享生活照片,Mini Program,,,支持照片视频原品质永久存储，公司、学校、朋友共享好帮手，免费20G，广告少。
wx9059058945a1c7d5,共享办公云打印,Mini Program,,,共享办公云打印是一款便捷高效的在线打印服务小程序，专为校园、办公楼、社区、政务大厅等场景打造。支持手机上传文档、图片、证件照，到店自助打印。提供黑白、彩色打印、复印扫描、证件照制作等多种服务，操作简单，打印快速。随时随地，一键下单，即到即打
wxaffdb7df04dc2fde,共享记账软件,Mini Program,,,免费AA、个人、多人记账本小程序👉生意记账❗情侣记账❗家庭记账❗班费记账❗公司记账❗装修记账❗合伙记账❗报销记账
wx0851e5e73d241dcd,共创惠生活优选,Mini Program,,,惠生活直播官方小程序
wxc1b0eedb14134db4,共生创界个人办公流程助手,Mini Program,,,用于跟踪个人办公中的各个环节
wxbb6bafa19394cea1,兴业美食荟,Mini Program,,,兴业美食荟
wx0088c1c96fc1822a,兴业银行,Mini Program,,,为客户提供网络金融服务
wx48ac0abf3d45b4a5,兴园区管理系统,Mini Program,,,助力园区提供一体化管理运营功能
wxcc552cb0d1e078ae,兴安盟公共法律服务平台,Mini Program,,,为进一步深化兴安盟公共法律服务体系建设，兴安盟司法局整合优化法律服务资源，打造兴安盟首个掌上公共法律服务平台
wx7e3adcd1c8801b3c,兴安盟精神卫生中心 心理测试,Mini Program,,,兴安盟精神卫生中心心理测试专用小程序
wxe38d64a201b13325,兴文县公交,Mini Program,,,兴文县城市公共交通运输有限责任公司小程序
wx6025c5470c3cb50c,兴盛优选,Mini Program,,,兴盛优选是一家有温度的社区电商，定位服务中国680万家社区门店，帮助门店增加线上收益，帮助门店精选出高品低价的好商品，帮助门店更好的服务社区家庭消费者。
wx6554f6dd85f4ca09,兴福村镇银行+,Mini Program,,,兴福村镇银行股份有限公司
wx156cfc6edba5e111,兴红交通科技有限公司,Mini Program,,,通过“短途、便捷、惠民”的微公交运营模式，提升城市交通服务水平。
wxbfedd48c17250204,兴证研究,Mini Program,,,兴业证券经济与金融研究院小程序，致力于优质研究成果推送，以深度专业服务，创造客户价值
wx136ea592fec25362,兴趣岛唱享生活,Mini Program,,,学唱歌，就上兴趣岛！唱出快乐，唱出风采
wx65f56051951db525,兴趣岛课堂学习,Mini Program,,,兴趣类内容学习平台
wx507de5c5ca567e72,兴邦车金融,Mini Program,,,提供汽车零售融资租赁业务相关服务。咨询电话：4008633999
wx6d6421bde0605f1a,兵兵停车,Mini Program,,,停车小程序，为车主提供一整套停车、支付、预订、查看车位情况等功能
wxc9591bf1ee85c265,兵团道路运输便民政务服务网,Mini Program,,,提供道路运输证及从业资格证补换注销、驾驶员诚信考核、电子运单、包车牌申领等高频业务在线办理，并支持电子证照申领与核验。
wx70f145f6095e786d,典耀主题阅读,Mini Program,,,欢迎使用典耀主题阅读
wxeb4503a1167fe3e0,典耀书香阅读,Mini Program,,,欢迎使用典耀吉林
wx80d3b62a3442fd70,养正心理服务平台,Mini Program,,,寰宇养正服务平台：信息发布、学分查询、精品课程、叙事+合作
wx6c986670084d3f4c,兼职猫丨副业求职招聘找工作,Mini Program,,,兼职猫，安全、靠谱、免费的求职找工作平台，提供副业、暑假工、实习、校招、临时工、兼职一单一结等岗位，平台招聘信息实时更新！
wxaee42ad0657edf79,冀州亚太人才丨招聘求职找工作,Mini Program,,,找工作招人才就上冀州亚太人才网
wx99cc0b6f54a9c364,内江公交出行,Mini Program,,,内江公交集团公交卡业务平台
wxbe2daa7d18dc0da8,内蒙古医科大学附属医院,Mini Program,,,"内蒙古医科大学附属医院(内附院)预约挂号,专家线上问诊,健康咨询,查报告,网上买药,药品邮寄,检查检验缴费,核酸检测,慢病管理"
wx67c2dbb6b6e522d0,内蒙古天气,Mini Program,,,由内蒙古气象服务中心研发，提供基于位置的精细化、智慧化预报服务，并具备方便美观的气象实况数据可视化产品展示功能。
wxd5249d07fa75b41b,内蒙古文旅票务平台,Mini Program,,,内蒙古自治区文旅投
wxdf14c8fea975ee0d,内蒙古票务通,Mini Program,,,本地生活服务小程序，业务涉及演出、电影、景区门票、休闲娱乐、餐饮等优惠团购票务
wx7e952db121ba56a7,内蒙古税务有人管帮您办,Mini Program,,,集中受理纳税人缴费人申请的18项需要后台业务部门流转办理的业务，实现业务办理由“纳税人缴费人跑腿”变为“税务部门跑腿”。
wx991189aed97952dd,内蒙古税务社保缴费,Mini Program,,,内蒙古税务社保费缴费
wx6c8040653d2ddaa5,内蒙电力职业鉴定学习,Mini Program,,,内蒙电力职业鉴定学习小程序培训平台
wx68993cb5b9779b93,内黄智小聘丨求职直聘找工作,Mini Program,,,找工作招人才就来内黄智小聘！
wxfedddb6e8dab8e15,农业农村部政务通,Mini Program,,,农业农村部政务通是农业农村部面向基层政务移动应用程序的统一窗口，由农业农村部办公厅主办，农业农村部大数据发展中心运维。
wx540190db21bf1b77,农业银行信用卡,Mini Program,,,我是农行信用卡小程序，很高兴为您提供如下服务：绑卡转账；账单查询；额度调整；积分兑换；获取最新营销活动和特惠商户信息。
wx154c48db41a2875a,农信e支付,Mini Program,,,河北农信e支付收银台
wxb40d12e8b73a6a42,农天气,Mini Program,,,爱农帮致力于打造一款，农业领域的专业天气小程序。 爱农帮农天气小程序，更精准、更及时、更贴心。
wxcfa496c3eca687e7,农行微服务,Mini Program,,,让您随时随地畅享农业银行便捷高效的网络金融服务。
wx480f959f6c5cb682,冠利民宿CVG HOME,Mini Program,,,澳洲民宿预定
wxc10d24b6ac2593d2,冠泽霖运动,Mini Program,,,李宁精选实体店，融合了李宁大装产品、时尚中国李宁产品、儿童潮酷产品，为家人一站式选购齐全;汇聚畅销时尚单品、新品提前预览
wx3c8c6cd6c61128fb,冬日工具箱,Mini Program,,,无尽最好用的工具箱（数据查询）、熔炉材料计算、所有活动数据、各代英雄数据、火晶升级、训练计算、区服进度
wx331709081ca81823,冰与道饮品店,Mini Program,,,冰道空间
wxb79a0d0ab08754b8,冰刃地铁俱乐部,Mini Program,,,冰刃俱乐部，主打最具性价比的俱乐部。是一家专注于和平精英地铁护航俱乐部，百名战神打手服务堪比：686俱乐部，Do电竞，9100电竞，KEG电竞，臭猫电竞，SY电竞，一甲电竞，老亩电竞，k77电竞，九方骏，乔乐电竞，欢迎各位老板前来下单。
wx1e23b29f18048c9e,冷江公交行,Mini Program,,,公交IC卡充值
wx7592bb2097f1ccaa,准橙导游考试,Mini Program,,,导游 | 导游资格证；提供全面的导游资格证报考、导游证考试题库、导游证面试：各省导游词+面试问答/导游问答，根据每年导游考试大纲更新，助力导游考生通关导游证，导游证考试好帮手！
wx8603e7d3273e77fe,准达智慧协同办公,Mini Program,,,准达智慧协同办公系统，日报填写，快文备案、信息查询等
wx33c00fe28749a26d,准雨天气,Mini Program,,,准雨天气主打精准降雨预报服务，实时展示分钟级降水预报、短时雷雨、暴雨预警信息，同步更新气温、风力、空气质量、24 小时及七日气象数据。界面清爽简洁，降水预判准确度高，日常出行、通勤、户外活动可及时规避雨天影响。
wx8a9aa4a34c29e483,几何 精品酒店民宿预订,Mini Program,,,百万用户喜欢的精品民宿酒店预订平台
wxaaf6e289f48fdfc3,几朵茶颜饮品企业店,Mini Program,,,【几朵茶颜】奶茶原料设备供应商！专注：奶茶饮品研发/饮品技术教学/奶茶原料设备供应；提供创业开店指导/店铺装修设计/海报外卖图；国内外累计服务门店6000+
wx99dac1b10d3c5098,凡圣瑜伽官方商城,Mini Program,,,凡圣瑜伽（Fashionyoga）品牌的创立，源于对生活的思考和对瑜伽的热爱。一念凡，一念圣，雕琢自我，凡圣由心。
wx1e9320195c5046a6,凡居客购物中心,Mini Program,,,我们是太太乐、海天、水塔、家乐、阜丰、凤球唛、安井、成友等全国一线品牌代理商。
wx96d865909219e2d1,凡铁德力自助健身,Mini Program,,,一个憨憨的健身平台
wxd255a8f6ee64f7d2,凤凰会商城,Mini Program,,,碧桂园服务-社区商城
wx6250f8722f69379f,凤凰头条,Mini Program,,,凤凰新闻-全球华人首选资讯阅读平台，以真实的力量、独特的视角、敏锐的洞察，带给大家更真的新闻，更丰富的世界。
wxde450a2887395cb2,凤凰智能英语,Mini Program,,,本产品向用户提供译林版英语教材的听、读、练、测、评服务，帮助学生更好地学习英语，提升英语学科核心素养。
wx133385c0d85e9c0e,凤凰网小说,Mini Program,,,凤凰网原创小说业务
wx3aeb0706db5f97ba,凤凰阅读空间,Mini Program,,,凤凰新华服务专属阅读空间
wx6093aea3f89388e7,凯利餐饮商城,Mini Program,,,中核凯利商城，集采购、娱乐、消费于一体的中核电商平台
wx881dc90f07acd942,凯嘉恒科技-码云智造,Mini Program,,,主要针对工厂生产数据全方位管理
wxa122e556a9fd6d0d,凯宾斯基酒店集团,Mini Program,,,始创于1897 年的凯宾斯基在全球范围内不断拓展，并一贯秉承精益求精的欧洲传统风格。提供凯宾斯基酒店预订服务。
wxdd73f67c0142b867,凯汇智能导航,Mini Program,,,哈尔滨医科大学附属第二医院智能导航系统
wxee1951a280a1583a,凯睿星通智慧办公系统,Mini Program,,,用于工作时间登记工时
wx7d74301deb2dc9d0,凯茜饮品,Mini Program,,,新鲜现制茶饮、果饮一站式选购，新品活动同步上线，不用排队，轻松喝到清爽好饮品。
wx1178dc1273786978,凯行网国际机票,Mini Program,,,凯行网-全球机票专家，代售全球1000余家航司机票，北京凯行网航空服务有限公司成立于2000年，一级代理，有实力，服务好！
wxbff738f358f4390e,出生健康管理,Mini Program,,,贝安康用户端
wx8b1a8c088b38d63b,出租车智慧出行,Mini Program,,,为出租车扬招用户提供更优质的线上打车体验，如：在线评价、在线投诉、安全中心、实时位置导航、聚合支付、账单轨迹...
wx5866fa78021885e5,出行365汽车票火车票预订,Mini Program,,,出行365小程序提供在线预订汽车票、定制客运，城际巴士、机场大巴、城际、城乡公交以及火车票、机票等服务，满足您的多样化出行需求。
wxd86bc2ad76425490,出行鸟民宿,Mini Program,,,旅客可在手机端完成房间入住操作。
wxe8cd5583eede1e96,出钓天气,Mini Program,,,本小程序专为钓鱼人打造，提供实时钓鱼天气预报、本地精准鱼情预报、鱼情指数分析、明日出钓预测，支持实时水情、水文、水位、气压、潮汐一键查询。更有线组搭配推荐、拍照识鱼、鱼类鉴定等实用功能，助你科学出钓、轻松上鱼。
wx1ed564e75b4cea46,分众CRM,Mini Program,,,分众CRM是分众传媒的客户管理工具
wx4d4a1da6b1438605,分秒律师法律咨询,Mini Program,,,"律师咨询,法律咨询,找律师,在线律师,免费律师,离婚,心理,律师咨询中心热线,律师咨询中心,网贷,小三,离婚咨询,坐牢,出轨,在线咨询,律师援助,问律师,好律师,律师,律师专家,律师电话咨询,法律文书；在线法律咨询服务平台，专业的法律服务"
wx47febf8209058b21,列屿餐饮店,Mini Program,,,列屿餐饮店
wx10d143951635c2f3,列车助手时刻表,Mini Program,,,列车时刻表查询，列车正晚点，晚点列车收集查询，火车/动车/高铁时刻表。
wx2aefb4d0424f355d,列车大厨游戏软件,Mini Program,,,《列车大厨》以其独特的火车餐厅主题和丰富的烹饪挑战，通过对食材和时间的管理，锻炼了玩家的策略规划和反应能力。
wxc59b80f4d36b40d8,列车查询,Mini Program,,,列车查询工具，支持全国高铁、动车、火车车次实时查询，一键查看列车时刻表、票价、剩余车票、途经站点，晚点车次，便捷查询各类出行列车信息。
wxb1a687bf06a9f9dd,创乐想办公系统,Mini Program,,,商务信息交流平台
wx229c956b93577315,创享出行,Mini Program,,,东阳市本地电单车出行首选品牌。
wx98acbb2a472a72e3,创作燕一视频去水印丨文案提取,Mini Program,,,去水印视频一键去除，去水印免费，去水印一键视频保存，在线去水印，去水印视频版
wx479af68a898a8c27,创客匠人直播助手,Mini Program,,,创匠直播助手
wx8d5779dd4c66dc5c,创度管理端,Mini Program,,,门店管理层查看门店业绩管理门店状态，以及会员二次营销
wxbc5f1ab5b983a9c1,创新思维小学数学计算训练营,Mini Program,,,“创新思维·小学数学计算训练营”系列配套智能小程序
wxe77fba4248051471,创艺装饰CRM,Mini Program,,,主要业务为客户信息管理、人员信息管理、数据分析等板块，仅服务于创艺装饰集团内部人员。
wx797d2853220c468c,创见 华创证券机构客户服务平台,Mini Program,,,纵览宏观与策略、洞察行业投资机会，为机构投资者“量体裁衣”，提供专属的研究产品。
wx0a67cae1782f8803,创金合信基金,Mini Program,,,创金合信基金小程序
wx7d96bdf08b252fdf,初心心理社区,Mini Program,,,致力于心理学的传播普及，汇集国内外最优质心理学书籍的版权，如著名心理学家武志红，李雪等老师的文章、电子书、音频
wx4ac394edf9af84ad,初心烘焙美食,Mini Program,,,初心美食，欢迎下单
wxf60c1e6b09d04682,利刃运动丨万馆通,Mini Program,,,利刃运动丨万馆通
wxfd3e18887e2005e8,利善维商城,Mini Program,,,利善维商城，是一款会员制电商app。 品类涵盖美妆个护、生活用品等多方面的精选好物。 操作方便，在线下单，随心选购
wxb278686d357bc342,利宝保险,Mini Program,,,提供相应的技术服务
wx84bd9ead4cbe6c1e,利川交通码,Mini Program,,,扫码，丰富出行生活
wxb686d726564a0053,利康药店微商城,Mini Program,,,会员办理消费记录查询购药评价
wxe38e66dc56284c07,利邦旅游自由行,Mini Program,,,感谢您关注吉林省利邦旅游自由行，本公司为发扬通化红色旅游教育基地连线长春雕塑公园及周边各旅游景点开展自由行。
wx026fb40206086214,别踩音乐块儿- 魔法钢琴游戏,Mini Program,,,《别踩音乐块儿》以全新的玩法和精美的界面，让你在音乐节奏的海洋中尽情畅游。这款游戏都能为你带来无与伦比的乐趣与挑战。
wx43903fa4e315dc91,到幢地图,Mini Program,,,精确标注每幢房屋位置、每个农村门牌；到幢地图、到栋地图、农村门牌号，解决最后100米的精细化地图。
wx8e74446a790379ef,到店客户端,Mini Program,,,京东到店业务门店端小程序
wx35a4cb35a1391680,制茶青年,Mini Program,,,对接收银系统做会员扫码点餐
wx505b4fd4ed4d6098,券铭企业端,Mini Program,,,券铭企业端，为企业提供电子卡券入库、发放、销售、核销全流程 管理，实现线上协同审批、财务递延自动核算;提高企业工作效率、控制流程风险。
wx669d99d77892fefc,刻度菜谱,Mini Program,,,告别“盐少许、油适量”。提供精准到克数的量化食谱。每道菜配有详细的热量计算与食材配比，让厨房新手也能一次成功。
wxd265751f748ee539,前海创新教育集团,Mini Program,,,前海创新教育集团
wx954caac6d6625357,前海开源基金,Mini Program,,,前海开源基金官方小程序，买基金0折起。提供基金估值、投资信号、开户交易、资产查询、黄金投资、红包福利等理财服务，一站式满足用户活钱理财、稳健理财、追求收益、资产配置等投资理财需求。基金投资理财官方平台，省钱省时，安全可靠。
wxfc18edf7ea3be811,前滩31微票务,Mini Program,,,交通银行前滩31演艺中心微票务
wxc3535838534eaa44,前玉小说,Mini Program,,,为用户提供日程大师服务
wx1131e5c71e668b5d,前程无忧51Job丨求职招聘找工作,Mini Program,,,平台提供实习/校招/社招/全职/兼职岗位，覆盖人工智能、汽车、金融、房地产、互联网等行业招聘，上海招聘/北京招聘/深圳招聘等地全方位招聘求职找工作就业服务。
wx3f038bec5043b687,前程无忧企业版,Mini Program,,,前程无忧企业版，为您提供招聘服务，您可以进行聊天、邀面试、看简历，提升您的消息处理效率，让职位获得更多曝光
wx77bf58dc03d52920,力为跑步,Mini Program,,,提供一系列跑步类工具，如赛事报名、医疗兔招募，团队赛事报名等服务。
wxa56374a39a75d74a,办公大乱斗,Mini Program,,,抽工位，布职场，是神还是牛马？
wx499f941e4a54612a,办公大亨,Mini Program,,,模拟经营
wx66792a103415934c,办公室狂扁,Mini Program,,,把老板按在地上，狠狠教训他一顿
wx93c0a7a42a119ed6,功夫去水印工具,Mini Program,,,"功夫去水印,永不收费,不限次数去水印。短视频去水印,图片去水印,批量去水印,功夫去水印小程序,功夫去水印软件,功夫去水印工具。"
wx5e018fbbb500d7cf,加减健身,Mini Program,,,加减健身课程展示及教练预约服务
wxbfda23c3901a34e9,加加猴数学王国,Mini Program,,,《加加猴数学王国》桌游配套AI互动绘本故事，开开心心探索数学世界。
wx989c1051c0470796,加加自学编程,Mini Program,,,自学编程笔记，自学手册资料、编程面试题、扫码识别工具、文本转二维码工具
wxce2cca750bb13a34,加加购物,Mini Program,,,汇聚众多高性价比商品的一站式购物平台
wx48c87ac4bb1dca48,加页手记个人地图助手,Mini Program,,,仅供个人使用的加页手记地图小抄
wxfa75768cf8a8399f,动力火车俱乐部,Mini Program,,,喝动力火车玩扫码找搭子、喝红楼仙玩扫码找搭子、随时关注动力火车及红楼仙品牌活动、邀请您一起玩转动力火车！
wx12f8c723231b2130,动念心理测试,Mini Program,,,「永久免费无广测试」了解自我是成长的开始！这里包含各类型的心理测试，七号心理帮你探索自己。
wxde9a32c774982ba1,动画讲编程,Mini Program,,,看动画，学编程，轻松愉快效率高。
wx917a4c5b82fceaee,动藤健身,Mini Program,,,让运动成为习惯。
wx1d006dda1aaa917c,动鸭丨我的运动主场,Mini Program,,,一起来运动鸭！
wxed4cde842d3b7391,劲牌官方商城,Mini Program,,,劲牌有限公司官方小程序，劲酒虽好可不要贪杯哦~
wx80cae5ea5af87e9b,劳动法律咨询-YC律师,Mini Program,,,劳动法律师免费解答：广东省深圳/广州市区单位违法辞退、工龄经济补偿赔偿索赔2N+1、续签合同协商解除雇人终止离职证明、克扣拖欠工资加班费降薪、工伤亡产病年假、补缴社保公积金、在线申请仲裁法院起诉、法律援助维权可以怎么办等人事HR人力资源问题
wx98d187e943e6580c,劳匠相机,Mini Program,,,劳匠相机欢迎您！
wx6894ae76237e34e9,勤上口袋办公,Mini Program,,,移动终端智能办公方案提供商
wxc66761538a7aa5a3,包头医疗保障,Mini Program,,,医保便民小程序可进行两定申报、日常、年度考核、个人查询、医保缴费便民服务等医保业务办理。
wxa5ecb323c7144cfd,包头税务码上监督,Mini Program,,,充分发挥群众监督，推动包头市税务干部作风转变，持续优化包头市税收营商环境，持续改进包头市税务系统工作作风。
wxbc91952cee8032d5,包河凤凰剧院票务管家,Mini Program,,,剧院经营
wx12774e1222815bd2,化工英才网丨招聘求职找工作,Mini Program,,,1000万化工人才求职招聘首选，英才网联旗下化工行业专业人才招聘平台。为化工、石油石化、天然气、煤化工等企业常年服务。
wx72b2eb0c77c135b1,北京AED地图,Mini Program,,,北京市卫生健康委员会为公众统计北京市自动体外除颤器（AED）位置部署，宣传院前急救知识，为民众提供便捷的院前急救服务
wx72db85632530a35e,北京世园凯悦酒店服务号,Mini Program,,,北京世园凯悦酒店位于北京西北部—素有“夏都”之称的延庆区，背靠玉渡山风景区，南面八达岭长城，靠近远近闻名的妫水河，距2019北京世界园艺博览会园区仅一街之隔，占据得天独厚的地理位置。
wx7f841f06dd2ed725,北京世纪坛医院世纪云服务,Mini Program,,,北京世纪坛医院（世纪云服务）患者平台，提供预约挂号、检查预约、报告查询、在线缴费等服务。
wx999d8e9fedd581ff,北京世纪坛医院住院服务平台,Mini Program,,,通过构建智慧就医服务平台，实现全线上化的住院流程办理和院后健康管理，让患者体验一站式住院、全流程覆盖的极致便捷服务。
wxf9788ca632503eb6,北京中医医院,Mini Program,,,为患者提供预约挂号、在线缴费、报告查询、在线咨询等业务。
wx31ab62765e50699f,北京中医药大学东方医院,Mini Program,,,北京中医药大学东方医院官方小程序
wx1b61780b5404fc5c,北京中医药大学东直门医院,Mini Program,,,健康公益服务、保健知识、就诊指南、预约挂号、健康知识普及、化验查询等
wxc27bbdd6c9d863e6,北京中医药大学第三附属医院,Mini Program,,,为广大市民提供“互联网+医疗”服务
wx6eaf308c115de8bd,北京中奥马哥孛罗大酒店,Mini Program,,,marcopolohotels.cn
wx27a512c92bc8bcdd,北京中西医结合医院,Mini Program,,,北京中西医结合医院是一所集医疗、教学、科研、预防保健为一体，以中西医结合为特色的综合性公立医院。
wxe6f89acf44636bff,北京丽晶酒店,Mini Program,,,王府井商圈川流熙攘，升腾起烟火人间。下榻位于京城腹地的北京丽晶酒店，品味三千余年的历史古韵，尽览蓬勃常新的盛世之美。
wxbf2a5e1cf09dd337,北京交通事故警保合作远程易处理,Mini Program,,,北京市公安局交通管理局和中国银行保险监督管理委员会北京监管局联合承办的远程处理简易交通事故小程序平台
wx496a7cd1ed09ae1e,北京交通大学校友总会,Mini Program,,,北交大校友总会旨在加强海内外校友与母校的联系，联络服务广大校友，弘扬北京交通大学的优良传统，发挥海内外校友的优势和影响。
wx21a21dbb36aacb68,北京京成酒店Hotel,Mini Program,,,北京京成酒店以超值、清新、简约为特点，让您感受到洁净、安全、舒适、暖心的住宿体验，是我们一如继往的追求。
wx7201da19f3392fde,北京京煤集团总医院,Mini Program,,,北京京煤集团总医院官方小程序
wxa687921a4e17b6ca,北京京都儿童医院互联网医院,Mini Program,,,北京京都儿童医院互联网医院
wx10529f522f3425c1,北京人才招聘网,Mini Program,,,"北京人才网,北京招聘网,北京人才市场,北京兼职,北京朝阳区、东城区、西城区、丰台区、海淀区、通州区、顺义区、大兴区、密云区找好工作网"
wxa0fc5a238256ad4d,北京优翔瑞伊医疗美容,Mini Program,,,"CORA CORA,一家致力于「纯净轻医美」的专业医疗诊所:一个根植于医美但覆盖生活方方面面的美学品牌。"
wx0053ae84d9cab698,北京伽人艾尚瑜伽,Mini Program,,,小程序约课
wx621ce4f5381027e7,北京体育大学智慧校园,Mini Program,,,北京体育大学一卡通
wxe65d4f6276801aca,北京停车服务,Mini Program,,,北京停车收费服务
wxf7b7fd69d52e03b7,北京儿童医院,Mini Program,,,提供预约挂号、健康科普等公立医疗服务。
wx493dd0918bfb0f74,北京儿童医院保定医院,Mini Program,,,祝早日康复
wxccb0430de6991c6d,北京儿童医院新疆医院,Mini Program,,,新疆儿童医院医疗服务平台
wx183d89f916e473ba,北京儿童医院黑龙江医院 哈儿童,Mini Program,,,为患者提供在线挂号、在线缴费、门诊报告查询等服务
wx5657eef075fcedb1,北京农商银行金色时光养老金融,Mini Program,,,金色时光养老小程序为您提供安全、可靠的养老金融相关服务。
wx84bdaee852074230,北京北辰洲际酒店,Mini Program,,,"屡获殊荣的北京北辰洲际酒店是奥运商圈少有的国际品牌奢华酒店，紧邻鸟巢,水立方，并与国家会议中心相连通，是奥林匹克核心区会议及奖励旅游的优选场所；客人可便捷地到达首都国际机场，长城，历史名胜古迹及众多商务区域。"
wx8eecec8472e0cd54,北京医院,Mini Program,,,提供预约挂号、报告查询等服务
wx777578c283cfdb65,北京医院挂号网,Mini Program,,,北京医院挂号网是北京地区三甲医生挂号平台涵盖协和同仁301解放军总医院空军特色医学中心北医三院积水潭安定北京大学六院北大人民医院广安门儿研所肿瘤中日口腔天坛宣武安贞等医院的耳鼻喉.皮肤病.眼科.儿科.精神心理.中医等数十个科室的多点医生号源
wx113d0aff84dfe5ab,北京医院挂号通,Mini Program,,,"北京医院挂号通是北京市医院预约挂号平台,提供看病挂号预约服务,可约协和同仁广安门北大口腔人民积水潭301空军总医院等多点医生"
wx363a7d96d967b4e6,北京华威商务酒店,Mini Program,,,酒店商务平台，用于酒店预订。
wx1b1dda695dff82c8,北京华联购物中心,Mini Program,,,北京华联购物中心会员可在小程序上专享优惠券领取，自助积分，停车缴费，积分换礼等多样会员权益。
wxf42f10d958fe9ee3,北京华贸丽思卡尔顿酒店,Mini Program,,,北京丽思卡尔顿酒店位于北京朝阳区商业中心地带，是华贸中心建筑群中的重要组成部分。距北京首都国际机场30分钟车程，名胜古迹和文化地标皆近在咫尺。
wx7878e855bec324c1,北京协和医院,Mini Program,,,北京协和医院是集医疗、教学、科研于一体的现代化综合三级甲等医院，小程序为患者提供挂号、缴费、报告查询等服务。
wxc085611e6ea874fd,北京博海新龙电影放映有限公司,Mini Program,,,华夏新龙影城线上购票小程序
wx1ca9a1fca393f9f8,北京原力医疗美容,Mini Program,,,老石在这里等你哦
wxbc8c84999432ac95,北京友谊医院患者服务平台,Mini Program,,,为患者提供预约挂号、在线缴费、报告查询、在线咨询等业务
wx864a916e1b859b69,北京友谊医院营养点餐,Mini Program,,,北京友谊医院营养订餐小程序
wx7b0c3093bafa58b5,北京口腔医院医疗服务系统,Mini Program,,,北京口腔医院预约挂号服务
wx5c2e90359b588d97,北京同仁医院,Mini Program,,,"首都医科大学附属北京同仁医院官方小程序,预约挂号,健康咨询,报告查询."
wxfdf596bc524fc2ea,北京同仁堂中医医院,Mini Program,,,北京同仁堂中医医院官方小程序
wx19e28e46859ebc98,北京同仁堂中山药店中医诊所,Mini Program,,,补充线下服务业务，提供患者线上咨询预约等服务。
wx09648ebd4169d183,北京同仁堂四通桥药店自营商城,Mini Program,,,本小程序用于北京同仁堂药店会员的积分查询兑换以及各类商品活动信息的发布等用途。
wx6f651b5aca0d2a2e,北京同仁堂涿州药店有限责任公司,Mini Program,,,北京同仁堂涿州公司
wxb7c7f8f18fc4e46b,北京同仁堂连锁药店,Mini Program,,,家庭药房
wxe1330615b06b4ce5,北京商校校园卡,Mini Program,,,一码在手，校园畅游~
wxe6b519e8abfe5310,北京商贸学校,Mini Program,,,欢迎报考北京商贸学校，走进商贸，升学就业有方向。
wxe636b3828e1b5537,北京嘉禾妇儿医院医疗美容,Mini Program,,,北京嘉禾医疗美容是嘉禾妇儿医院，倾力打造的一个品质医疗美容平台。医院坐落于首都南部核心经济圈，毗邻丽泽商务区，是一家拥有园林景观的美式高端医疗美容机构。医院集整形外科、激光皮肤科、肌肤管理科为一体，严格遵循国际JCI医院管理标准。
wx0bb4ed3e156eb9b2,北京嘉里大酒店线上商城,Mini Program,,,作为在北京中心商务区酒店内开设的红酒吧，一酒香带给您从零售到简餐不同凡响的尊贵体验。一酒香提供350多种葡萄酒及香槟，同时供应多款、餐后酒、 精选威士忌、软饮和鲜榨果汁。大厨们精心推荐的葡萄酒佐餐，让杯中葡萄酒的口感更和谐，美酒佳肴互相陪衬
wxc1918cb50be0cd8e,北京四季酒店,Mini Program,,,北京四季酒店官方小程序
wxad5bfe7f78ceff50,北京回龙观医院智慧医院,Mini Program,,,为患者提供预约挂号、在线缴费、报告查询、在线咨询等业务
wx31d55b4bf8c1a339,北京国贸大酒店,Mini Program,,,北京国贸大酒店位于高达330米的国贸大厦上层部分，共有客房及套房278间，拥有空中餐厅及酒吧。傲居紫禁之巅，品味艺术生活。
wxd95e75a805ba1480,北京国际度假区酒店,Mini Program,,,该小程序主要负责为北京国际度假区有限公司旗下酒店客人提供扫码点餐服务。
wx79ddaf87081c622a,北京地坛医院互联网医院,Mini Program,,,首都医科大学附属北京地坛医院始建于1946年，是一家以传染病学为重点和特色的三级甲等医院，为国家传染病医学中心主体医院。
wxf933af05bbc885b8,北京地坛医院智慧服务平台,Mini Program,,,为患者提供预约挂号、在线缴费、检查预约、报告查询、在线咨询等业务
wx7a529be4af4bc21d,北京地铁公司访客登记,Mini Program,,,北京地铁工作场所访问登记
wx8031d8163efe6640,北京地铁招聘平台,Mini Program,,,北京地铁运营有限公司负责北京地区地铁线路运营，该小程序作为内部工作岗位招聘指定入口，求职者可在线投递，地铁公司在线反馈。
wxe2603955a9e4a7e9,北京地铁文创,Mini Program,,,北京地铁文创官方商城
wx02d7892c6aa51bc9,北京地铁服务,Mini Program,,,北京地铁服务小程序
wx583f1ddac65b448c,北京地铁车辆装备BSRSE,Mini Program,,,北京地铁车辆装备BSRSE仅供北京地铁车辆装备有限公司内部员工使用，如误操作进入请自行退出
wxd67e5e7e3c3007b6,北京大兴国际机场木棉花酒店,Mini Program,,,北京大兴国际机场木棉花酒店
wx0751e6b2700e44c1,北京大学人民医院互联网医院视频,Mini Program,,,北京大学人民医院互联网医院视频小程序
wx6973870f0606f2ac,北京大学人民医院健康管理中心,Mini Program,,,北京大学人民医院健康管理中心
wx44347baaedb4c43d,北京大学人民医院餐饮系统,Mini Program,,,小程序用于北京大学人民医院员工订餐。
wxf47aa38d871be854,北京大学口腔医院医疗服务助手,Mini Program,,,北京大学口腔医院医疗服务小程序
wx2436a4d6c12565d8,北京大学国际医院智慧服务,Mini Program,,,提供预约挂号、在线缴费、报告查看、住院服务等诊疗服务，为患者提供更加便捷的服务
wx068ee964ece60113,北京大学校园卡,Mini Program,,,扫码支付、校园卡充值、交易查询等相关业务。
wx72ca694d67df450f,北京大学第一医院互联网医院,Mini Program,,,提供医生在线咨询、在线问诊和在线配药等服务
wx585b75353e5e4338,北京大学第一医院智慧服务,Mini Program,,,开发建设小程序版的互联网服务功能，包括线上挂号、线上支付、报告查询、检查预约、互联网医院医生出诊等功能，进一步方便患者
wx838e94cf23e79165,北京大学第一医院智能导航,Mini Program,,,用于医院科室智能导航功能
wx3302a1b5a5f91dc4,北京大学第三医院,Mini Program,,,北京大学第三医院小程序是为方便患者看病而开发的官方小程序。医生在线提供各种形式服务帮助患者解决问题，进而方便患者就医。
wx20adb24585222fa4,北京大学第六医院,Mini Program,,,北京大学第六医院小程序
wx3da75a11f6eba4a0,北京大学第六医院心理健康管家,Mini Program,,,北京大学第六医院为患者提供优质、便捷、个性化的医疗服务，满足广大患者对心理咨询、心理治疗服务的需求，开发了此小程序。
wxac3dacce0adc9ef4,北京大学首钢医院互联网医院,Mini Program,,,北京大学首钢医院首钢医院互联网医疗在线问诊
wx09331b8c3287a1e8,北京天伦王朝酒店,Mini Program,,,记忆深处的酒店
wx54f56e56b890e36d,北京妇产医院智慧医院,Mini Program,,,为患者提供预约挂号、在线缴费、报告查询、在线咨询等业务
wx051f3635eb3bc5a8,北京安定医院互联网医院,Mini Program,,,北京安定医院互联网医院
wx51a876c4a0770986,北京安定医院心理测评,Mini Program,,,北京安定医院心理测评是一种高效的心理测评软件，涵盖情绪评定、人格测验等主题，可以满足对用户的心理状况进行全面评估的需求。
wxe9de69878fcdd18a,北京安贞医院智慧服务平台,Mini Program,,,-为患者提供预约挂号、在线缴费、报告查询、在线咨询等业务
wx22e24150def50597,北京定制公交升级版,Mini Program,,,服务于大众出行，让大家出行更方便，更便捷
wx4c28c99c5c45d37c,北京小汤一瓢私汤度假酒店,Mini Program,,,弱水三千，只取一瓢。一瓢私汤度假酒店，致享美景，独享私汤，舒享生活，将经典日式私汤及精致奢华的环境体验尽数带到您的面前。
wx21fda8737d274ff3,北京市企业服务e窗通,Mini Program,,,北京市企业服务e窗通平台小程序
wx7d9b7180d4e2dcda,北京市健宫医院,Mini Program,,,为医院的线上服务平台，可提供挂号、缴费、医疗就医服务、健康知识宣教等业务，为广大患者提供方便快捷的医疗服务。
wxcf180bc84fac1e10,北京市和平里医院,Mini Program,,,北京市和平里医院智慧医疗
wx7c3cf628556ba7ba,北京市垂杨柳医院,Mini Program,,,为患者提供预约挂号、在线缴费、报告查询、在线咨询、云诊疗等业务
wx9a81893572e51b6b,北京市大兴区中西医结合医院,Mini Program,,,北京市大兴区中西医结合医院
wx9e4034b1fe442299,北京市平谷区医院,Mini Program,,,为了满足患者便捷就医，开通了在线预约挂号、在线咨询、报告查询、在线缴费、在线复诊等功能。
wx38335ed86dc6c911,北京市延庆区医院智慧医院,Mini Program,,,预约挂号、自助缴费、报告查询等业务
wxb968136527c33855,北京市政交通一卡通,Mini Program,,,北京一卡通乘车码是以二维码为凭证的虚拟卡，率先适用于北京远郊区县的部分地面公共交通领域，可通过二维码方式实现扫码乘车。
wx7eed86da6e862300,北京市文天培训学校,Mini Program,,,北京市东城区文天培训学校
wxf4f84633f42c7aa2,北京市新宏状元餐饮管理有限公司,Mini Program,,,北京市新宏状元餐饮管理有限公司
wx9b66905c14266847,北京市村居法律顾问,Mini Program,,,为更深入开展“一村(居)一法律顾问”工作，积极发挥法律服务工作者的专业优势，为服务群众提供优质、高效的法律服务。
wx564d67b0e4114ce7,北京市海淀医院,Mini Program,,,北京市海淀医院为患者提供预约挂号、缴费、报告查询等服务
wx42c9430f45fcb16f,北京市私立汇佳学校校车系统,Mini Program,,,汇佳学校为接送学生而定制开发的一套系统。
wx94ff69787ff1d02a,北京市第六医院,Mini Program,,,北京市第六医院小程序为用户提供线上住院信息登记、预交金充值、费用清单查询、出院带药查询等功能。
wx12c64927c8b004c3,北京市网球运动管理中心,Mini Program,,,北京网球中心 场馆介绍 场地预定 赛事培训报名
wx7aa2329a446dac30,北京市肛肠医院,Mini Program,,,"便民惠民服务,患者可在线查看病历，处方，检查检验等报告。"
wxa8d3f2e7060af855,北京市西城区教育考试中心,Mini Program,,,北京市西城区教育考试中心接受西城区教育委员会和北京教育考试院的领导，主要职责是负责辖区内各级各类教育考试及招生工作。
wxc502539a04f38c21,北京市顺义区医院居民端,Mini Program,,,用于便民就医服务系统
wxdac4fa2d1aa351a1,北京师范大学宁德实验学校,Mini Program,,,守正励新 宁德世范
wxeddb09e1bcf9b40d,北京怀柔医院,Mini Program,,,患者可通过小程序体验线上挂号、报告查询等便捷服务，实现一站式就医.
wxeb0596c49556832e,北京怀柔医院薪资系统,Mini Program,,,怀柔医院薪资系统
wx4c6c530680a6bfa6,北京慈福公益基金会,Mini Program,,,北京慈福公益基金会三个一工程每日一捐小程序
wxe8b3d1b8fe8d5f4a,北京挂号通预约挂号,Mini Program,,,北京医院预约挂号网北京医院预约挂号挂号网北京回龙观医院北京大学第六医院北大第一人民医院精神科儿童医院首都儿研所多点医生
wx8fa27e1d121b7090,北京指南针科技发展股份有限公司,Mini Program,,,指南针科技为用户提供高效、优质资讯服务。
wx39e7040fcf238920,北京旅游集散中心商城,Mini Program,,,北京旅游一站式服务，北京长城一日游、私人定制包车游等多项旅游服务。
wx68bc91cffc26b3fc,北京春晖园酒店,Mini Program,,,北京春晖园温泉度假区，集高端度假酒店、特色美食餐饮、温泉主题乐园、国际商务会议接待等功能于一体，为都市精英阶层悉心打造修身养心的度假乐园。（发布内容中的网络图片如有侵权请联系，我们及时删除）
wx2b46c4b7f679587e,北京景点票务预约,Mini Program,,,提供北京景点门票预约；北京恭王府门票、天坛公园门票、颐和园门票、八达岭长城门票、圆明园门票、等北京各大景点票务预定服务。
wx718fd76e4cfcbba2,北京朝阳医院 营养订餐,Mini Program,,,住院患者自助订餐，通过图文形式显示食堂供应，患者通过手机选餐，所选食品营养量，营养值自动生成，使患者吃的营养，吃的健康。
wx05838f8f6ebf63ef,北京朝阳医院患者服务,Mini Program,,,"首都医科大学附属北京朝阳医院,北京朝阳医院,预约挂号,专家线上问诊,查报告,网上买药,药品邮寄,检查检验缴费,核酸检测"
wx3cfbe3749bc5a627,北京朝阳医院智慧服务平台,Mini Program,,,互联网医院充分提供诊前、诊中及诊后整个就诊全流程的用户体验，更加方便患者就医，服务于患者。
wx121d868facdc874d,北京朝阳门中西医结合医院挂号,Mini Program,,,北京朝阳门中西医结合医院官方预约挂号服务！
wxa6e906a51076b781,北京朝阳门医院预约挂号,Mini Program,,,【北京朝阳门中西医医院·自助挂号】现已开启线上就诊，预约挂号，在线客服咨询等服务，感谢您的关注。
wxa0f73041dbbf9756,北京本真中医医院,Mini Program,,,北京本真中医医院现为国家一级中医医院，依托专业医师团队，精选道地药材，严格控制饮片质量，提供线上预约诊疗一体化服务。
wx28493ba61056167b,北京柏悦酒店,Mini Program,,,奢华由心。坐落于北京CBD核心商务区的大中华区首家柏悦酒店力图打造非凡专属的体验。
wx81fbf7336b272abf,北京汉医中医预约挂号,Mini Program,,,北京汉医堂中医馆预约挂号
wx09e75498b54f056e,北京洪海明珠税务师事务所,Mini Program,,,北京洪海明珠税务师事务所，为您高效解决财税难难题，护航财税合规。
wxb630132febbae648,北京海思敏医疗,Mini Program,,,海思敏产品的心电图监测小程序，实现对设备的扫描，连接，监测，结束，断开操作。
wx12ea0d6e285f1b1e,北京海湾半山酒店,Mini Program,,,酒店设有健康小冰箱、四季养生山畔汤池，喜马拉雅盐蒸房、砭石理疗房、健身中心、恒温泳池、活力按摩池、1200㎡儿童俱乐部、八大行星平台、加·咖啡西餐厅和海湾壹品中餐厅。酒店是世界养生酒店联盟（HHOW）白金级成员，提供健康、养生体验的度假酒店
wx365474d847e30239,北京润保芳德公益基金会,Mini Program,,,关爱恶性实体肿瘤患儿.智慧.让公益前行更远！
wx7f3f94e57eaa8d19,北京清华长庚医院,Mini Program,,,北京清华长庚医院官方线上就医服务平台，患者可通过小程序完成预约挂号、线上缴费、检查预约等线上就医服务。
wxdc68290c427e32b3,北京漾格医疗美容医院,Mini Program,,,北京漾格医疗美容--专注非手术年轻化
wxc0db70e36d393343,北京燕化医院,Mini Program,,,为燕化医院医护人员提供用药指导、临床用药指南、院内DRGs分析报告等。
wx4a4db49e41fd127c,北京爱育华医院,Mini Program,,,为患者提供专业线上医疗咨询服务
wx14dc1489d7f76dd5,北京王府半岛酒店商城,Mini Program,,,王府半岛酒店官方商城 | 立即选购热门活动、住宿套餐、独家体验等官方礼遇
wx253ef5a7e7cd31a9,北京王府半岛酒店客房预订,Mini Program,,,王府半岛酒店官方客房预订小程序，立即预订您将尊享最优惠价格、半岛时间以及一系列的特别礼遇。
wx3ba512d53df66a75,北京环球度假区官方,Mini Program,,,北京环球度假区的小程序将为游客提供最全面的度假区信息。
wx0bc753e7b06b07d4,北京瑞吉酒店SRBJ,Mini Program,,,"北京瑞吉酒店位于静谧的使馆区，紧邻长安街，步行3分钟即可到达建国门地铁站，方便购物及探索文化古迹，距首都国际机场30分钟车程。
258间客房以56平米的套间为主， 24小时瑞吉管家服务，阳光健身中心，天然温泉均令人心旷神怡。"
wx4d25db277e3bfc9c,北京瑰丽酒店,Mini Program,,,北京瑰丽酒店拥有282间客房，是瑰丽品牌在中国的第一家酒店。酒店设有六间餐厅和酒廊，包括怡庭、怡庭大堂、“赤”时尚火锅、魅酒吧、乡味小厨和龙庭。Sense水疗中心设有室内泳池、健身房、瑜伽室等设施，另尊贵的行政廊瑞阁为客人提供优雅的专属礼遇
wx548042fed6d5f09a,北京电力医院互联网医院,Mini Program,,,核酸检测的预约挂号、报告查看功能。
wx6b3d2e9470ee35bf,北京知音医疗美容机构,Mini Program,,,北京知音医疗美容
wxe4a63d72e1e92257,北京福庭酒店,Mini Program,,,新居住概念的公寓酒店结合体
wx8dd7d6fe6d5dda8a,北京积水潭医院,Mini Program,,,积水潭医院官方小程序
wx843a16be403c4482,北京积水潭医院智慧医院,Mini Program,,,北京积水潭医院小程序
wx57705571fcd31fe2,北京积水潭医院贵州医院预约挂号,Mini Program,,,北京积水潭医院贵州医院（贵州省骨科医院），预约挂号平台
wx6d9d79f9b457cea7,北京移动+,Mini Program,,,北京移动唯一官方小程序！查话费、查流量、查套餐；领流量、领优惠、领权益！随时随地享受移动服务！中国移动和您在一起！
wxbc30fedf42ea51db,北京税务有奖发票,Mini Program,,,北京税务有奖发票小程序
wx493de158ab116778,北京稻香湖景酒店,Mini Program,,,北京稻香湖景酒店位于海淀区苏家坨镇，占地面积53公顷，其中水面面积4公顷，绿地面积23公顷。是一家集餐饮住宿、商务会议、展览展示、休闲度假、康体娱乐等功能为一体的综合型生态会议度假酒店。
wx38db8e362886d4a3,北京美莱医疗美容医院总院,Mini Program,,,“北京美莱”是北京美莱医疗美容医院的整形咨询交易平台，这里有国内最权威的医生团队、性价比最高的整形项目，期待您的关注。
wxf039d1012f22056f,北京老年医院,Mini Program,,,为患者提供在线图文、视频问诊，在线预约挂号，在线缴费，在线查看报告等功能
wxca38680a428e11c3,北京胸科医院,Mini Program,,,首都医科大学附属北京胸科医院互联网医院为复诊患者提供在线问诊、处方开具、药品配送和在线支付等服务。
wxbe0ea90bdc834f0e,北京裕泽源餐饮管理有限公司,Mini Program,,,在家就可以享受美食，给客人带来更方便快捷的用餐感受
wx66eeb59eea4833bd,北京西鹤年堂中医医院预约挂号,Mini Program,,,预约挂号、互联网诊疗、医保定点单位、汇集三甲医院30多位名老中医。名医预约：010-67648799   秉承600余年中医药文化传承、中华老字号
wxb4eb0a3e820af48b,北京通州大运河文化旅游景区,Mini Program,,,大运河文化旅游景区游客服务小程序，集全园导览、生态科普、文化路线、文创商品、智慧停车等功能为一体，为游客提供便捷服务。
wx208bc0dbf418120f,北京通用航天医院,Mini Program,,,医院位于北京市丰台区西南一所集医疗、教学、科研、预防、保健、康复、体检、院前急救八位一体的大型三级综合医院。
wx1aaf789a69bb45fa,北京道路停车缴费,Mini Program,,,提供北京市道路停车缴费服务
wx162499e820be27fc,北京金融业消保守护服务平台,Mini Program,,,在国家金融监督管理总局北京监管局指导下，北京银协、保协联合推出“京融守护”小程序，为北京地区金融消费者提供在线咨诉、投诉或建议等服务
wx991da719466c3ad3,北京静态交通共享停车,Mini Program,,,一个停车共享需求的收集和撮合办理平台，解决市民停车的供需矛盾。
wx528d5bdbaf6d8da4,北京预约挂号通,Mini Program,,,"北京预约挂号通是北京医院挂号预约平台,提供挂号就医查询服务,快速约协和同仁北大口腔人民广安门积水潭301空军总医院等多点医生，新增AI智能问诊功能，30秒匹配最佳医生。"
wxf9e28f6dd37cab49,北京龙城温德姆酒店,Mini Program,,,北京龙城温德姆酒店为您提供雅致的环境、舒适的客房与便利周到的设施，让您感觉亲切舒心。酒店拥有氛围温馨的大堂和轻松悠闲的餐厅，为您打造一隅悠享天地。
wxbed463d49f94aaf3,北京龙德广场购物中心,Mini Program,,,用于龙德广场品牌概览、电子会员积分、智能停车缴费、线上商城、活动发布介绍等
wx01ca8a8d8fb4ba29,北城金源外卖平台,Mini Program,,,口碑送餐平台，丰富美味，健康营养，集聚周边，一键闪送，更兼多种日常服务，尽在金源。
wx0f117f1ba1618c33,北大医疗,Mini Program,,,互联网医疗入口服务
wxdb53b99c3d7d7a3a,北大医疗怡健殿家庭健康管理中心,Mini Program,,,北大医疗怡健殿健康管理中心隶属于北大医疗产业集团，为追求高品质服务体验的客户提供值得信赖的专业健康管理服务。
wx2d54eb60510e39c1,北大博雅国际酒店,Mini Program,,,北大博雅国际酒店是一家坐落于中关村核心区的五星级酒店，拥有336间（套）各类豪华客房、高端国际商务区、完备的娱乐休闲设施、景观中庭花园。酒店以现代化的笔画勾勒主体大调，将北大浓厚的人文内涵与现代豪华商务配套相融合。
wx3db6f2ce6db84bd3,北战智慧共享运动场,Mini Program,,,智慧共享运动场主要通过“互联网+”智慧共享运动模式，打造市民家门口的“新”运动场
wx79d3a2be6407b9ed,北新信恒培训中心在线考试系统,Mini Program,,,课程发布、报名
wx962f87bd9dac5c88,北新建材电商平台,Mini Program,,,“北新建材电商平台”
wx917249a3aebcc91e,北方朗悦酒店,Mini Program,,,北方朗悦酒店自助服务平台
wxeb8137266064a305,北欧健康馆,Mini Program,,,与您分享北欧健康生活理念，为您推荐北欧本土知名的营养、保健及护肤产品，愿健康、美丽、快乐常伴您左右！
wx03a74d04bf24c553,北海求职网人力服务公司,Mini Program,,,北海求职网专注北海招聘和北海人才就业服务，提供免费招聘求职服务，融合了单位公招信息、招聘会、零工市场、兼职临时工、职场资讯等内容，助力企业与求职者零成本高效合作。
wxb5d890dc9c6cf060,北美数学,Mini Program,,,汇聚北美数学资源，邀请小伙伴们一起来挑战数学吧！
wx739ebdf8ac5e61d2,北芒咖啡,Mini Program,,,北芒咖啡 把感动我的阳光，分享给热爱生活的你
wxca2cd9c32dbf21d7,北部湾保险,Mini Program,,,北部湾保险一站式在线客户服务平台
wx38fc1c7f8e6b4669,北银消费金融借钱,Mini Program,,,北银消费金融有限公司是持牌金融机构，提供消费信贷产品，充分满足用户线上申请贷款、在线贷款还款等需求。
wx456ad6a20d90ae6a,匠古摄影,Mini Program,,,匠古摄影，专注于爱情本质与情感本身的高端定制婚纱摄影品牌，始终坚持原创婚纱摄影风格的研发和定制化创新。秉承“只做定制，不做复制”的个性化服务理念。以创新、简约、趋势思维，全力打造代表年轻群体的需求，产品力的沉淀与品质坚守。
wxe183cd55df4b4369,医保移动支付,Mini Program,,,安全便捷服务新体验
wxd17f2a09f717467f,医堆医学人才网l医生护士求职,Mini Program,,,医学人才网是医生招聘、护士招聘、医药招聘、影像招聘、口腔招聘平台。近十万家民营医院招聘、公立医院招聘，医护求职招聘好帮手
wx39a843d38cd756d0,医学院校教育学生端,Mini Program,,,推动医学教育发展，助力医学人才培养。
wxc2db347d57c920ec,医师定期考核考试题库,Mini Program,,,医师定期考核题库提供：医师定期考核模拟题，医师定期考核真题和医师定期考核考试大纲配套的章节练习
wx18220f5cfb9d4599,医聘猫 医疗人招聘与成长平台,Mini Program,,,医护招聘、护士招聘、医生招聘、医院招聘、医疗卫生人才招聘就上医聘猫（医聘网）。100万+医疗行业优秀人才在线求职，10万+医疗企业发布急招岗位。
wx9f45761e6079fb3f,医脉同道丨招聘求职找工作,Mini Program,,,领先的大健康招聘平台，专注制药、器械、 IVD 及互联网+医疗，销售、市场、医学、管理职位全覆盖
wxce34fb369a2c6e78,医速检医疗服务,Mini Program,,,为客户提供优质的检验服务。
wxf89ae0bffdddd0f7,医院挂号网,Mini Program,,,"医院挂号网是免费医院挂号预约平台,提供医院挂号网上预约,已开通北京上海广州天津杭州成都重庆等挂号,随时预约北京医生号源"
wx0a99cb1dd9ba75e2,医院挂号通,Mini Program,,,医院预约挂号网上挂号就上医院挂号通挂号平台官方入口，免费预约专家号，提供北京上海广州重庆杭州天津等医院挂号，三甲医生多点号
wx6844c15abbd52ab3,医院预约挂号云医挂号平台,Mini Program,,,全国医院预约挂号平台，精神心理科、心理咨询、皮肤科、眼科、中医等，医院预约挂号平台，上线预约附属医院人民医院儿童医院妇幼医院中医医院，开通省份城市北京市上海天津市重庆市昆明市贵阳市成都云南省四川省南昌甘肃宁兰州济南南宁广州武汉杭州合肥长沙
wxc4bf583a416903db,医院预约挂号云医挂号通,Mini Program,,,医院预约挂号平台：精神心理科、心理咨询、皮肤科、眼科、中医科、妇科、耳鼻喉科、儿童医院，开通省份城市北京市上海市广州市天津市重庆市昆明市贵阳市成都市福州市石家庄市武汉市长沙市青岛市济南市南宁市泉州市乌鲁木齐市郑州市南昌市合肥市杭州市沈阳市等
wx95b1d5e7f0828eab,医院预约挂号平台通,Mini Program,,,"免费医院挂号预约平台,提供医院挂号网上预约专家号,开通北京上海广州天津杭州等地医院挂号,随时预约协和同仁北大等医院多点医生"
wxa92f7c74b6440b7b,医院预约挂号通,Mini Program,,,"医院预约挂号通是全国医院挂号预约平台,涵盖北京上海成都重庆广州武汉长沙天津南京昆明哈尔滨等地北大人民中医医院多点医生挂号"
wx582ebeb44bee8ae7,十二之一摄影,Mini Program,,,深圳十二之一摄影
wxe438868fdb25cdf4,十足外卖,Mini Program,,,公司坚持“以人为本”的经营理念，目前主要经营各类速食小吃、粮油制品、休闲零食、洗涤化日杂用品等二十几种大类3000 多种商品
wxf5ab66fa287461bb,千云电影票,Mini Program,,,5折起特价在线电影票
wx7b9a2480e354a463,千城云集团办公管理系统,Mini Program,,,千城云集团办公管理系统
wxe14af94d0585c70d,千山号乘车支付码,Mini Program,,,公交乘车支付
wxf16282fac3830cc1,千岛湖旅游官方票务平台,Mini Program,,,本平台为浙江千岛湖旅游股份有限公司官方票务小程序，主要销售千岛湖全域范围内游船票，各类景区门票。官方渠道，售后保障。
wx6923231da5541359,千帆直播live,Mini Program,,,千帆直播是搜狐旗下大型全民在线视频直播平台，大咖、主播、明星等你来互动！
wxe3f0890d81f254e4,千思装饰CRM,Mini Program,,,千思集团办公管理系统
wxadb7f3ca45366671,千才铭师道数学,Mini Program,,,铭师道数学优质内容，结合前沿AI智能，助力高中数学高效学习
wx145cef109c76fa7c,千目特价电影票,Mini Program,,,全国特惠电影票优惠购买小程序，比淘票票猫眼美团便宜最低价19.9元。诚招分销/代理/加盟！
wx984d6990d313afd4,千聊学习中心,Mini Program,,,千聊，和知识做朋友。使用千聊学习中心，随时随地畅享学习之旅。
wx1ca3c1ba2e15a8b3,千言UG编程,Mini Program,,,专注UG编程培训，零基础到精通只需三个月。
wxf5a93358ebb65e29,千金健康生活,Mini Program,,,千金生活1
wxdac20e5eb3e8094d,千金大药房,Mini Program,,,千金大药房线上商城，爱在千金，放心贴心。
wx23094403d0944d6f,千音岛音乐心理,Mini Program,,,千音岛音乐心理 —— 国内音乐与心理交叉领域线上疗愈平台。自研音乐疗愈技术体系，500 + 首原创音乐，AI 督导实时护航，专业疗愈师在线提供情绪陪伴与心理支持，让疗愈普及，人人可及。
wx08e9c1f566c6691a,升级,Mini Program,,,双升，升级、三打一（三打哈）、拖拉机
wx72f1e5e93cbda5f1,午思AI课程,Mini Program,,,午思 AI 课程， 报名预约上课平台，可随时预约上课时间，让学习时间安排更省心高效
wx6dc7e3dcc19ed9c2,半勺母婴,Mini Program,,,深圳市喜娃到家家政服务有限公司，主营：居家月嫂、育婴师、星保姆、日常家务、老人看护、等等一站式家政服务体系。
wxc8b54a5e4b62a4f1,半夏医疗,Mini Program,,,半夏医疗致力于社会大健康，为使用者提供技术支持、信息互动、便捷医疗以及优质服务。
wxaff1a7a636d67bfe,半岛1号咖啡,Mini Program,,,可快速点单，在线支付，领取优惠
wxa260a35d96809f35,半岛医疗,Mini Program,,,半岛医疗集团旗下用户交流平台，提供用户验真服务，会员积分，行业医美知识分享，用户体验等功能服务。
wx6a86de927c03cbd8,华东交通大学访客系统,Mini Program,,,华东交大访客小程序
wx09be2a6720e99156,华中科技大学附属同济医院,Mini Program,,,“华中科技大学同济医院”小程序由华中科技大学同济医学院附属同济医院出品，为患者简化就医流程，实现高效、便捷、优质的医疗服务。
wx338251d920145d48,华为ICT客户服务,Mini Program,,,为运营商、政企客户提供无线、光、数通、核心网、IT、软件等华为通信设备的一站式技术支持服务
wx208389d90830e5b7,华为商城,Mini Program,,,华为商城是华为公司官方电商平台，提供手机、电脑、平板、穿戴、音频、智慧屏、IoT、汽车等智能终端产品及解决方案。
wx4d747e04d1b7b21f,华为终端客户服务,Mini Program,,,为华为终端用户提供一站式售后服务，获取华为手机、PC、智慧屏、手表、耳机等产品寄修、预约、上门、换电池、换屏幕、查价格、查网点等服务。
wx347c29cbd8845f72,华之屋 生日蛋糕 下午茶Cake,Mini Program,,,佛山本土品牌，华之屋，始创于1988年，全市130+间门店，生日蛋糕、下午茶、儿童蛋糕4~5小时送达，快来吧~
wx715432f92bfbec1d,华人头条,Mini Program,,,华人头条是为广大华人华侨精心打造的资讯APP综合平台。在这里，你可以足不出户手机看世界，你可以了解投资当地的实用讯息.
wx286efc12868f2559,华住会酒店预订汉庭全季桔子,Mini Program,,,华住酒店，支持旗下全季、星程、汉庭、海友等30+酒店品牌，超过1500+城市，12000+酒店等你探索！
wx658425d9324f22ac,华体运动课机构端,Mini Program,,,运动课，专属体育教育的管理系统。
wxe26a60404ac57b35,华兴股票通,Mini Program,,,每天学习理财小知识！
wxd8f60d6a8aab076d,华农保险自助服务,Mini Program,,,华农保险AI+
wxe763718cd83b6941,华创精密CRM,Mini Program,,,用于内部业务人员外勤使用。
wx44fc188c449202be,华创运动,Mini Program,,,华创运动
wx79bad9dc4a24e005,华动民宿安全服务管理,Mini Program,,,民宿安全管理服务使用
wxff7b85a625ba88b8,华城科星心理综合服务云平台,Mini Program,,,测试学生心理健康状态的工具
wx367a14a66d216eb7,华夏基金私域专享,Mini Program,,,华夏基金官方宣传、福利和活动发布平台。
wxa314d2212846703a,华夏基金管家,Mini Program,,,华夏基金管家是华夏基金管理有限公司推出的基金理财平台。提供全渠道资产收益查询、基金交易等功能。
wxff4743165b7ec443,华夏基金账户私人管家服务,Mini Program,,,华夏基金投资人的基金账户私人管家，可订制您专属的账户报告及基金投资信息服务，给您专业而坚定的陪伴。
wx03a458efe189a846,华夏教育法治考试云,Mini Program,,,法治考试云
wxbbaa9cc6c7ffb4bd,华夏航空旅游,Mini Program,,,华夏航空股份有限公司官方小程序
wx47a4fd6dab7c5792,华夏航空福利票,Mini Program,,,华夏航空福利票
wx6ec88c2fcd2ed2b5,华夏银行,Mini Program,,,华夏银行小程序为您提供账户管理、证件更新、周边网点、对公预约开户功能。
wxb796b282c3efbb78,华安保险,Mini Program,,,华安保险小程序是华安财产保险股份有限公司倾力打造的官方客户服务平台，提供7x24线上服务：涵盖保单查询、批改、自助理赔、续保、产品推荐等一站式服务，还有道路救援、代驾等多元化增值服务，更有专属活动与权益持续更新。
wxac90d888123b5e88,华安保险车险续保,Mini Program,,,华安保险车险投保、续保；老客户专属优惠通道
wxb36de94b27bf546c,华宝证券,Mini Program,,,华宝证券股份有限公司是经中国证监会批准，依法注册登记，具有独立法人资格，实行自主经营，独立核算，自负盈亏的有限责任公司。
wxa6a926bcaf62ced8,华实商链办公协同,Mini Program,,,华实商链的移动办公平台，提供制造、销售、行政等移动场景的功能操作服务。
wxe62c84835aba94ed,华山旅游服务平台,Mini Program,,,大华山旅游目的地线路等相关服务
wx6ac95dada4679cb7,华山院内AR导航,Mini Program,,,华山医院院内AR导航
wx194584ae01c48cbe,华师心理咨询平台,Mini Program,,,服务于心理援助平台教师培训和心理科学普及活动。
wx48650b6ee6da58b6,华录电影乐园-图木舒克店,Mini Program,,,影院影讯发布，在线购票
wx65e82c7f3c9fb2b2,华彬文化基金会小松果公益平台,Mini Program,,,小松果是华彬文化基金会推出的一个可以帮助用户记录数字世界公益成就的超级IP
wxd58ff12eedc25b7a,华律法律咨询,Mini Program,,,华律小程序每天为百万用户普及法律知识，提供专业的法律咨询、找律师等一站式法律服务。
wx07ac8313c4c08ad5,华旅酒店预订丽呈格芮宜致,Mini Program,,,宜致酒店集团专注于中高档酒店的投资和经营。
wxc5b5ad51146912f4,华星餐饮营养餐厅,Mini Program,,,扫码点餐
wx5ea1df6825ef3b31,华晨东亚汽车金融之XM,Mini Program,,,华晨东亚汽车金融有限公司，专业为小米客户提供汽车贷款服务。
wx2cd2406f867b11b7,华正客户报货,Mini Program,,,用于华正农牧公司客户报货订货付款查账等功能
wxf82ee61ce4255000,华毅智能科技,Mini Program,,,智能充电
wxc82748636615f0d2,华泰证券行知,Mini Program,,,行知，是华泰证券旗下机构客户服务品牌，提供专业的研究服务、数据服务、交易服务和非标金融服务，志在知行合一，与客户共同成长
wxe6fa4201cd4d605b,华玺客户端,Mini Program,,,向客户提供专业的安全充换电智慧监管、智能充换电产品销售、OEM代工、整站含充电桩/充换电柜设备安装到运维等一站式解决方案。
wx66f07b9b81a000f8,华瑞银行吉时借,Mini Program,,,上海华瑞银行旗下的持牌借款产品，提供合规的贷款服务，最高借款额度30万元，额度循环，随借随用。
wx2370a92583a546a9,华瑞银行普惠金融,Mini Program,,,上海华瑞银行普惠金融产品申请入口
wxb45ea76d30a7097e,华盈物业智能菜谱,Mini Program,,,华盈物业各食堂菜品电子库
wx6e7a4e259562d238,华福证券,Mini Program,,,真实，准确
wxcb0e8c53f4a2f83a,华西健康促进小程序,Mini Program,,,致力打造互联网+健康促进服务平台，提供健康促进科普、心理健康促进、智能心理测评、心理促进知识、心理训练课程等服务。
wx9c4229b83287021d,华西医院大人事系统,Mini Program,,,四川大学华西医院大人事系统，为师生员工及驻场人员提供服务
wx38285c6799dac2d1,华西妇幼健康门户,Mini Program,,,华西妇幼健康门户网站
wxa5a1a549f4c4c3ee,华贵保险在线,Mini Program,,,华贵保险官方小程序
wx98e7aa8233e0f36a,华辰大药房官方,Mini Program,,,平价药房  正品承诺 用心关爱您和家人的健康
wxd0f75b9767926a76,华辰能源客户服务平台,Mini Program,,,欢迎使用乐清华辰能源有限公司收费小程序，此公众号主要是为了方便我公司物联网表用户缴燃气费用而设立。
wx137a80da5beeadb7,华阳电商平台,Mini Program,,,华阳新材料科技集团-华阳电商平台3.5
wx8661671230bb83ae,华阴市酷博饮品,Mini Program,,,本店为王者人生合作商户，连接本店wifi，即可体验英雄，皮肤，铭文特权
wx2bf5a14471b8ac9a,协丰跨境电商,Mini Program,,,专业全球供应链集团，全球搜罗优质美酒、奢侈品、药妆、生活百货等，是您的优质品味生活跨境电商平台，与您全球采购，营销中国！
wxfd9358876c35052b,协合运维发票采集,Mini Program,,,协合运维公司内部发票识别小程序
wx6f1b346bc7ce2bae,协和味道,Mini Program,,,该小程序可以实现用户在线查看菜谱的操作，用户查看菜谱之前需要登录并且需要绑定员工卡片
wxf528364d78f1f5c1,卒中地图,Mini Program,,,中国卒中急救地图
wxebaec4cf4b8dffc0,卓启萌芽430课程,Mini Program,,,萌芽430课程，聚焦思维、体能、语言、艺术领域，打造趣味与知识兼具的课堂，让孩子在寓教于乐中培养综合能力，得到全面发展。
wxf06e30470d1a82e8,卓宏出行,Mini Program,,,提供电池和电动车租赁，共享充电等服务
wx255d1cc18d96aadf,卓正医疗丨约门诊问医生健康管理,Mini Program,,,卓正医疗小程序。为客户提供门诊预约、线上问诊、视频心理咨询、家庭档案管理、健康测评量表、退热药剂量查询、抑郁焦虑自测、自闭症多动症测评、专业科普及课程等丰富的线上服务
wx7a8f0af0c6dde125,卓正医疗医生端,Mini Program,,,卓正医疗医生专用。如需使用客户服务，请搜索“卓正医疗客户端”小程序。
wx76e9181dc95d7564,卓燕出行,Mini Program,,,卓燕出行，为电动单车车主提供在线找桩、充电的服务的平台。
wx8185ef8da0d6b818,卓玛外卖,Mini Program,,,叫外卖就选卓玛外卖，同城跑腿，代买、代送卓玛外卖就是快！
wxc6844a33508dd3ef,卓粤餐饮,Mini Program,,,扫码点餐，会员积分.
wx8b3d40ff15fa03ae,卓而卜凡机器人编程竞赛,Mini Program,,,卓而卜凡校区小程序官网、家校端服务等相关功能。
wxbe2740ecce1b5cba,卓越课程,Mini Program,,,幼儿园老师成长课程
wx6c6a5093da384f12,卓鹿物联科技,Mini Program,,,高校自助设备服务
wxb85609dfadf994c2,单色CRM,Mini Program,,,单色CRM
wx91f1fdf475fa7906,南丰办公,Mini Program,,,面向租户/商户伙伴提供包括：办公楼门禁、电子账单、一键报修以及停车缴费等业务在内的服务
wx6855b57c4ed9714a,南京COMEI康美医疗,Mini Program,,,南京康美美容医院官方小程序
wx1122570e05c4c540,南京人工智能生态街区,Mini Program,,,Al·境界-南京人工智能生态街区位于雨花台区，集聚381家Al企业，拥有完善基础设施，已落地50余个AI应用场景，正打造AI产业地标。
wx0b991b36ba536ea0,南京华厦门诊部白癜风挂号中心,Mini Program,,,南京华厦白癜风.医院挂号，南京白癜风医院挂号中心官方小程序提供在线预约挂号服务。
wx4dba670a6fe208f4,南京地铁与宁同行,Mini Program,,,“南京地铁与宁同行”小程序是南京地铁打造的一款出行服务工具，主要通过移动支付方式为南京都市圈市民提供更高效便捷的出行服务
wx2951f5c2812a6ea2,南京地铁幸福运营云超市,Mini Program,,,南京地铁物业管理有限公司
wx1ec0d0abe05e659d,南京奥体中心票务,Mini Program,,,南京奥体中心大型活动官方售票平台
wxf5447d76338832b7,南京市儿童医院,Mini Program,,,南京市儿童医院
wxf20272fb1edd70a7,南京百草堂门诊部预约挂号,Mini Program,,,南京百草堂预约挂号小程序
wx013644c7e9016c57,南京金融城,Mini Program,,,南京金融城
wx654a411d2ee16504,南京银行N Card,Mini Program,,,为南京银行N Card持卡人提供相关服务。
wxd7a6327a76348778,南充智慧停车,Mini Program,,,为南充市市民查询停车场信息，提供停车费缴纳、发票开具等功能
wx68268f836257b0c8,南充王府井购物中心,Mini Program,,,南充王府井购物中心涵盖智能化购物中心、精致百货、商业街，吃喝玩乐一站式购物，满足南充顾客全方位生活体验。
wx4fb2cd558ed6a616,南初阅读,Mini Program,,,拯救你的书荒，更多精彩小说每日更不停~
wx35774b4f2b7b817c,南医大停车场,Mini Program,,,南方医科大学深圳医院停车场
wx6cb4f2403a68e7b9,南医大学生宿舍热水服务,Mini Program,,,用户通过小程序与设备进行交互，通过小程序使用浴室水控
wx3bc584ab07ba180d,南南上岸小刷题,Mini Program,,,专业的27考研政治刷题小程序，南山刷题小程序，含主流老师强化习题及政治冲刺模拟套卷，肖1000题肖四肖八刷题，可刷考研政治真题，可看考研政治笔记
wx7f762773cac6cd24,南口美食,Mini Program,,,南京市口腔医院线上订餐平台
wx2ea87bfb0735a745,南太湖招聘网,Mini Program,,,南太湖招聘网提供湖州地区企业招聘和个人求职服务
wx70d2e0c5d60e6db1,南宁住房公积金开发商网厅,Mini Program,,,南宁住房公积金开发商网厅
wx8e17b2f03042db50,南宁市社区矫正管理平台,Mini Program,,,南宁市社区矫正管理平台
wxbb81e279c796e045,南宁市科技馆票务预约,Mini Program,,,南宁市科技馆票务及场馆活动预约系统
wx4e4c23b83ee9e293,南安智慧停车,Mini Program,,,南安市静态交通设施盘活与智慧化改造
wxdf6be2c0edf53193,南宫米乐招聘网,Mini Program,,,南宫本地招聘求职信息平台
wx5d9bb996388492df,南山发票助手,Mini Program,,,南山发票助手
wx5ed6188e9cd7fee6,南平市住房公积金管理中心,Mini Program,,,南平公积金服务
wx056cee79aaa010b4,南康区委巡察小程序,Mini Program,,,南康区委巡察小程序具有巡察公告、巡察进驻、巡察整改、巡察反馈功能。
wx459d75e418f4d829,南方停车通,Mini Program,,,一键查询附近空车位，精准导航直达车场，告别绕路找位的烦躁。​支持在线预约车位，医院就诊锁定专属位，行程更从容。
wxcb02b2e153c9df1e,南方医科大学中西医结合医院,Mini Program,,,挂号、缴费、住院等功能
wx7094aefb9f81b846,南方医科大学深圳医院互联网医院,Mini Program,,,新互联网医院小程序
wx40abdcf666f2b676,南方医院健康管理中心,Mini Program,,,提供南方医院体检套餐查询、体检预约、体检报告查询、检后健康管理等服务功能。
wx7c6b399e1f270af8,南方医院院内导航,Mini Program,,,南方医科大学南方医院院内导航。
wxc3feb84a3d965ba5,南方基金服务+,Mini Program,,,南方基金官方服务平台，提供账户查询、基金信息、业务办理、陪伴资讯等全方位服务功能。南方服务+，基金轻松查，您的专属小管家！
wx7686a83c3896c545,南方新课堂AI学习助手,Mini Program,,,南方E课堂悦教AI学习助手，提供图书配套学习资源和拓展知识服务，开展青少年读书活动，以及AI听说、AI作文、AI伴学、错题本等功能，助力学生个性化精准学习。
wx566c343bfb539802,南昌T16购物中心,Mini Program,,,江西南昌首家大型轻奢Shopping Mall，倾情打造六大别致生活空间：食色/颜究/时潮/乐活/潮野/童趣，多样的生活空间就在T16。
wx6573d221bedb5226,南昌县掌上公共法律服务平台,Mini Program,,,南昌县司法局为民办实事:为百姓提供方便、快捷、及时的法律服务。
wx47e344ceabce23e8,南昌地铁易行,Mini Program,,,南昌地铁共享两轮车骑行官方小程序，用于扫码骑行南昌地铁运营的两轮车。
wx73f4b5286e199505,南昌大学一码通,Mini Program,,,南昌大学一码通用于校内餐厅就餐、乘车、借书、认证等。
wx5f5083e8acd4e7c8,南昌大学第一附属医院,Mini Program,,,预约，挂号，缴费，报告单查询
wxccff636e6841d661,南昌大学第二附属医院,Mini Program,,,该小程序为南昌大学二附院的医疗服务小程序，主要为前来就医的患者提供方便快捷的医疗服务。
wx3e58b2437a4328f2,南昌恒大怡水饮品有限公司,Mini Program,,,南昌恒大怡水饮品有限公司
wxb7829a266b2f7c79,南昌梦象摄影,Mini Program,,,原创工作室，位于南昌，专注少女写真八年
wxf696a3f7b439fca0,南明教育研究院 学资中心,Mini Program,,,南明教育研究院 学资中心
wx03e89eba2ad6cfac,南柯一梦24h私人影院 民宿,Mini Program,,,24h无人自助 影视点播 ·游戏· 民宿服务
wx700266fcfaf1325a,南溪掌上公交,Mini Program,,,南溪掌上公交
wx49a6c0040b62984a,南瓜电影,Mini Program,,,精品影视，就在南瓜电影小程序～
wx4e71b19bf0497668,南皮县天宏购物广场有限公司,Mini Program,,,经营生活百货日用品，服务信息分享服务。
wx393f3408bc90765d,南科大附属光明荔园学校服务平台,Mini Program,,,荔园学校小程序
wx5f37152072da4893,南站票务2,Mini Program,,,票务服务
wxda801e0c38c90a22,南通公交智慧机务,Mini Program,,,用于南通公交集团信息发布
wx985752a81f50a8a6,南部公共交通分公司,Mini Program,,,南部公共交通分公司小程序
wx29fdffa17ddf4371,南银法巴消费金融,Mini Program,,,“南银法巴消费金融”小程序是南银法巴消费金融有限公司旗下的服务平台，旨在为客户提供更加方便快捷优质全面的服务。
wxbaf5f9cf7f12b7d2,南阳公交,Mini Program,,,面向市民提供附近实时公交、车辆到站预测、导乘、扫码支付、网点查询、高铁网约平台等功能，让市民出行更加便捷和智能化。
wx636b0d5e88d15b5d,南非旅游专家,Mini Program,,,为投身精彩南非旅游事业的伙伴提供南非旅游资源学习课程并认证南非专家，让我们一起探索本色南非吧！
wx48fb05b925c3795f,博停车,Mini Program,,,为车主提供以车为主体的相关服务(如: 车场查询、停车缴费、月卡充值等服务)
wxd02db5b2c5d65e50,博兰奇智能生活,Mini Program,,,严谨务实、开拓创新
wxa123b9b8e17f63a6,博时基金,Mini Program,,,博时基金官方小程序，欢迎加入博时，一起做“价值投资的发现者”。博时基金是中国内地首批成立的五家基金管理公司之一。
wxfb4bdc2bfebc80c3,博时基金信号灯,Mini Program,,,实时金价提醒，实时债券涨跌提醒，每日QD额度提醒，债券基金收益排行榜
wx696d0b520f20763b,博爱堂名医馆挂号,Mini Program,,,看名中医，来博爱堂;吃放心药，到博爱堂。
wxc9e5d42e70735138,博爱招聘网,Mini Program,,,在博爱找工作，就上博爱招聘网www.bazpw.com.cn
wxce9cc3d25388e738,博爱甬城,Mini Program,,,公众可在平台上进行捐赠，查询捐赠记录和善款使用情况，并获取相关捐赠证书和电子发票。还可在平台上进行会费在线缴纳。
wx1bccf6aab40fb114,博行实习管理平台学生版,Mini Program,,,博行学生版小程序为学生提供实习全过程服务、职业规划线上课程观看、心理辅导和实习权益咨询，着力促进学生健康、安全发展。
wxc1234c601abd48cd,博雅英杰民宿信息管理系统,Mini Program,,,民宿信息管理系统是北京博雅英杰科技股份有限公司开发的一款软件程序。主要用于民宿登记，实现旅客入住、续住、换房、退房等功能。
wx586bbf9f98c1eb83,博食界美食广场,Mini Program,,,可快速点单，在线支付，领取优惠
wx589be7e8b60297fb,卡兔英语,Mini Program,,,记单词辅助工具
wx29972fee89697b08,卡兔英语家长端,Mini Program,,,卡兔英语依照听说读写的第二母语自然习得的顺序，通过帮助家长更好的落地英语作为第二母语的自然习得!
wxfaf6eb320bc6ffb8,卡咔AI,Mini Program,,,卡咔AI是一款基于人工智能技术开发的小程序，包含了 AI 对话和实用工具。
wxd1edcfd7ff1b35b2,卡联停车,Mini Program,,,重庆卡联科技有限公司专注于封闭停车场车牌识别管理系统，提供停车场查询、缴费等功能
wx72b88194aaa12d25,卫康生物购物,Mini Program,,,随时随地，购买我们的最新产品
wxe84062e74dbd75df,卫民药房服务通,Mini Program,,,用于会员积分兑换
wxe14f799f9d1050ed,印享星停车,Mini Program,,,印享星停车缴费，是印力集团推出的停车应用，旨在为广大车主提供停车缴费等优质、便捷的服务。
wx8d23feff18d51475,印点点云办公,Mini Program,,,企业云打印管理解决方案，打印设备接入云端 享云端可持续迭代更新的智慧打印。
wxb4f8567af7088407,即映电影票,Mini Program,,,专注于特价电影票/全国八折电影票代理分销平台，热门电影特惠购票服务，支持全国上10000家电影院，快速出票，自助取票。
wx0e8bb0f13c094031,历史天气日志,Mini Program,,,查询历史天气、温度、风向等信息。
wx76b4aebe290bf455,压缩图片助手花花版,Mini Program,,,压缩图片助手，专注压缩图片，解决怎么压缩图片及大小的难题。无论是想压缩图片尺寸，还是单纯压缩图片，这里都能轻松实现。图像压缩，证件照压缩，解决报照片压缩难题，一键压缩任意大小。轻松解决照片太大，无法上传的问题。
wxc26e6afb45aa9690,压缩图片尺寸修改,Mini Program,,,压缩图片，图片压缩，压缩图片小程序，压缩图片工具，压缩图片免费，压缩图片助手，照片尺寸，照片尺寸修改，图片裁剪，压缩图片小程序
wx99047f5d8d057910,厚凯睡眠,Mini Program,,,致力于研究睡眠，打造睡眠云守护的品牌，让大家能更好地了解睡眠，摆脱失眠、多梦、睡不好等睡眠问题，在每个夜晚都能睡得更好。
wxf7ebe9430c7554f5,厚德载玉直播,Mini Program,,,厚德载玉
wx2dd030f470f1c860,原众票务,Mini Program,,,原众文化成立于2016年，目前已发展为重庆头部民营演艺集团，旗下有原声社、原气喜剧、原色童心、原来即兴等多个厂牌。此小程序主要用于各厂牌的票务销售、门票抢购、粉丝优惠购票等
wx67febd9ab991a79b,原叶鲜茶柠檬茶,Mini Program,,,喝得到的健康品得到的茶香
wxa7d0af4d70b20421,原森咖啡 YOSENW COFFEE,Mini Program,,,好咖啡，不将就
wxddb5af82010ccc3a,厦门e政务,Mini Program,,,厦门“e政务”便民服务站借助“刷脸认证”及多功能自助终端，将政务便民服务延伸到群众家门口，实现群众“就近办、马上办”。
wx8b8d55f78b298823,厦门住房公积金,Mini Program,,,提供厦门市住房公积金查询、业务办理等服务
wxab70d48169ee6706,厦门国博中心智慧导航,Mini Program,,,厦门国际博览中心建设的智慧导航系统，提供给参展的观众进行移动端的位置引导服务，方便观众的智慧参展。
wx5c6ac0bdca06dca3,厦门地铁,Mini Program,,,为进一步落实“便民乘车”的服务理念，提升乘客购票乘车的便捷性，厦门地铁微信小程序为乘客提供轻量化购票等功能。
wx9d01c6147ffa1d60,厦门地铁生活圈,Mini Program,,,懂你的本地生活圈，带你吃喝玩乐转不停
wx50d114a1be3a6178,厦门地铁生活圈-业主版,Mini Program,,,地铁生活圈业主版小程序，是一款面向业主，致力于提升物业服务品质的智能工具，让业主能够轻松享受一键式便捷服务。
wxcb6b07b80434923d,厦门大学附属中山医院互联网医院,Mini Program,,,厦门大学附属中山医院官方小程序，提供厦门中山官方患者服务
wx939b0befa1417d8f,厦门天气,Mini Program,,,厦门天气气象服务
wx3eeacb591c276deb,厦门市仙岳医院心理治疗预约,Mini Program,,,厦门市仙岳医院心理危机干预热线与心理咨询室心理治疗/咨询预约系统
wx1a9182f877292583,厦门市儿童医院互联网医院,Mini Program,,,厦门市儿童医院就医小程序为患者提供无纸化服务，包括提供检验报告、电子病历等文件下载功能。
wx3db2af408c848893,厦门思明停车,Mini Program,,,厦门思明停车小程序
wx716dc7543472288a,厨房大佬餐饮招聘厨师群,Mini Program,,,餐饮招聘厨师群，招人找工作一天搞定
wxae212fd9a3fee2e6,厨管家餐饮,Mini Program,,,智能餐厅，一菜一价，丰俭由人。
wx9d9156c8e6f98e84,去呼呼hotel,Mini Program,,,去呼呼是携程全资控股子公司，专注于为民宿、客栈和中小酒店提供简单、易用、会运营的酒店房态综合管理系统。
wx799d4d93a341b368,去哪儿旅行订酒店机票火车票门票,Mini Program,,,去哪儿旅行小程序，为用户的旅游出行提供机票、酒店民宿和门票预订；航班查询、值机选座、12306火车票高铁、汽车票船票巴士、攻略等服务
wxd78b3e5b0e52f1a1,去图片水印,Mini Program,,,图片去水印免费工具：图片去水印、照片去水印、去除水印、图片去文字、本地相册图片去水印。
wxcf0ecc65182424a2,去水印一键视频保存,Mini Program,,,免费去水印保存视频工具|去水印一键视频保存|去水印保存视频|保存视频|去水印|去水印视频|视频去水印保存|一键去水印保存视频|去水印视频一键去除|皮皮去水印|保存视频
wx63fb218df41eb9a5,去水印下载视频,Mini Program,,,去水印下载视频，免费去水印下载，去水印保存视频，去水印下载视频小工具，一键去水印下载视频，视频去水印，去水印视频神器，一键去水印下载工具，去水印免费下载软件，去水印下载视频到本地相册，去水印保存到手机，百度视频去水印，提取下载工具，提取器
wx597735d201600d9c,去水印保存视频,Mini Program,,,去水印保存视频，视频去水印保存，去水印视频，去水印工具，去水印免费工具，视频下载去水印，无水印保存视频，视频一键去水印，视频无水印保存下载，视频提取去水印，一键去水印保存视频，视频去除水印，去水印视频保存，一键无损去水印保存，去水印保存动图
wx5df79e3fd092e1b0,去水印图片一键去除,Mini Program,,,图片视频去水印工具，免费不限次使用。去水印图片一键去除免费|去水印照片一键去除|图片去水印|涂抹去水印|本地相册图片去水印|视频图片去水印|图片去水印一键去除|图片提取
wxf9c1d611a635d003,去水印小程序,Mini Program,,,视频剪辑工具高效快捷，去水印小程序，支持视频图片提取下载。
wx5f77d4fceee702c4,去水印小程序+,Mini Program,,,分享简单又快捷的去水印小程序，视频图片一键去除水印高效又方便。
wx3e33df16e8bb35f9,去水印小程序助手,Mini Program,,,去水印小程序助手 去水印免费工具 一键去水印 图片去水印  去水印免费助手 批量去水印
wxaba78218e11d85ef,去水印用抖老板工具,Mini Program,,,免费无广去水印去字幕工具无痕擦除无损保存蝉选达多多轻抖水印宝灵智皮皮新七点小野熊猫无痕牛马蜜桃全新万能蜗牛疾风擦擦
wx268714cc2ca7807d,去水印视频保存,Mini Program,,,去水印|去水印免费工具|去水印保存视频|去水印视频保存|去水印保存工具|视频提取保存去水印|去水印视频
wxe9881bab97a79364,去水印视频版,Mini Program,,,去水印免费工具，视频图片去水印，去水印保存视频，水印去除，去水印提取视频，一键去水印
wx3780db1eee41fca0,去野宿集I民宿院子别墅团建,Mini Program,,,去野宿集（原去野民宿）：甄选全国品质小院I团建I别墅民宿
wx0c3384ca39659625,叁森壹禾摄影,Mini Program,,,记录时光中最美好的瞬间
wx7310e5156ce103dc,叉车考试一点通,Mini Program,,,"2026叉车证考试,叉车考试,叉车司机考试,叉车N1考试,特种作业N1考试,叉车司机考试刷题全新题库。提供顺序练习,模拟考试,错题回顾等多种学习模式"
wx166ff421c1c9b3eb,及目阅读,Mini Program,,,考研英语/四六级/雅思同源外刊，听说读写同步提升。
wxce0cddd158353e71,友友票务,Mini Program,,,友友票务分销商城
wx2a43c5a533df8e95,友友票务分销,Mini Program,,,秦皇岛北戴河友友票务分销小程序，用于下游代理商手机端销售使用。
wx471f84c21e996968,友唱娱乐,Mini Program,,,每日参与领友唱券等各种活动
wx53b445459e6c1c36,友邦金融中心,Mini Program,,,友邦金融中心（上海）AIAFC-SH，集超甲级办公楼、精品文化商业、专业剧院及历史文化保护建筑多元业态于一体的地标级综合体项目。
wxcd555f37abaaf077,双流停车,Mini Program,,,双流智慧停车
wxc68f9ae2b87b39fc,双流教育,Mini Program,,,双流教育服务
wx7d56981c325c5586,双清娱乐,Mini Program,,,提供预约服务
wx86806c92d742bc5a,双阳公交,Mini Program,,,双阳公交小程序以“精准、便捷、智能”为核心，实时定位、多方案规划，又深度适配本地公交化改造后的线路特点。
wx19a79e8b543a9cdd,双鸭山市鑫合药店,Mini Program,,,展示销售
wx720072cd851842a1,双鸭山税务云掌上办,Mini Program,,,双鸭山税务云掌上办
wxb978551d12e816e4,发票助手工具,Mini Program,,,保存公司抬头、开户银行、纳税人识别号、个人发票等信息。用户扫一扫、商家扫码枪快速填入开票系统。
wx9926274f2623ae67,发票查询票易得,Mini Program,,,发票查验真伪|发票查重|发票打印|发票导出台账|发票管理|国税查验|发票抬头|发票夹|发票查询全国统一发票查询平台截图|批量查验
wx0df386a938fffb43,发票查重台账-米印盒子,Mini Program,,,发票查重+验真+台账三合一。扫码自动查重，真伪秒验，支持Excel报表导出。数电票XML下载、原件归档、多公司管理。财务必备，免费试用。
wx46a36cd1aac3da89,发票票夹助手丨收集管理报销,Mini Program,,,电子发票管理，发票管理，管理、发票票夹，发票电子票夹。
wx7a1bd8e60e905022,变形汽车闯关,Mini Program,,,化身汽车人，利用智慧与力量突破重重关卡
wx315ea2ca5938f5ad,变老变性别相机,Mini Program,,,变老照片、变小孩照片、变性别照片，变天使😇恶魔😈、变老相机、性别反转、漫画脸特效
wxc3099e07f6de80a3,口子窖营销人员考勤系统,Mini Program,,,本小程序是安徽口子酒业股份有限公司内部营销管理工具，面向企业签约营销人员及授权经销商提供考勤管理服务。
wxff96ed0f6fbd6933,口袋心理,Mini Program,,,普惠型心理咨询平台，提供高性价比专业心理服务。涵盖情绪疏导、压力调节、人际沟通、自我成长、婚恋情感、家庭教育、亲子沟通；帮助缓解焦虑、抑郁、失眠等各类情绪困扰。平台严选持证认证咨询师，为你提供安全可靠的心理咨询支持。
wxd077995f354fcdf6,口袋英语点读,Mini Program,,,口袋英语同步学，口袋英语点读，口袋英语小程序，口袋英语免费学，口袋英语口语点读，口袋英语人教版，口袋英语365
wxec662377585ac6ed,古北水镇旅游服务,Mini Program,,,古北水镇游客专享服务
wx9ce33031c2486e0a,古县公共法律服务掌上平台,Mini Program,,,为辖区居民提供方便、快捷、及时的法律服务
wx62e9292ef2ebc1af,古城区山邸民宿,Mini Program,,,古城区山邸民宿
wxb93fd73417167497,句句背单词-学英语,Mini Program,,,高途旗下多邻国式背单词小程序，danci趣味打卡，助你通过考试，快乐学英语，从此不背单词！覆盖小学英语教材及小升初、初中英语教材及中考、高中英语教材及高考、考研英语、雅思、专升本、英语四级、英语六级、KET、PET、新概念、编程英语单词等。
wx9c637491f2f4ca16,叫做饭搭子食谱,Mini Program,,,一二和布布的每日食堂，猜猜今天吃什么？
wx1fbbaa6654693d53,叫叫儿童阅读,Mini Program,,,叫叫——唤醒孩子兴趣、培养探索动力的儿童成长数字内容平台。2022年叫叫携手人民网启动“儿童阅力计划”，共同推广科学阅读理念。
wx1eecac00f140544d,叮个饭外卖,Mini Program,,,“叮个饭外卖”是生活服务产品。为当地居民、商家提供平台服务，为用户和商家创造价值，提供接入商家、家政、租房、跑腿等服务。
wxe0f6b832e5972ace,叮叮汽车桩,Mini Program,,,叮叮电动汽车充电平台
wx4a878c06e0095356,叮叮电商版,Mini Program,,,叮叮-电商版，致力于服务电商用户和供货商的订单，财务，配货，开单，库存等等各项流程。
wx9d2193d3ca0aa2c5,叮咚企业福利商城,Mini Program,,,叮咚买菜旗下针对企业福利的一站式解决平台，合作企业员工可通过福利积分兑换“叮咚买菜”所有品类商品以及定制化单品和套餐。
wxecfaea85df9c83b3,叮咚金融,Mini Program,,,叮咚金融是一款融担金融线上咨询类小程序
wx7fd5cff57b80b048,叮当喵去水印去字幕视频图片工具,Mini Program,,,视频去字幕，视频去水印，视频提取下载，图片去水印，视频清晰度修复，图片高清修复，老照片修复，抠图，证件照制作
wxf0eee67601bc70d5,叮当酱日本母婴,Mini Program,,,日本母婴美妆代购
wx7d622535e8b8946e,叮达出行,Mini Program,,,叮达出行是一款以单车共享为基础的绿色出行服务平台，具备扫码租车、免押骑行、延时还车、商城购物等功能。
wx135b1f889e99b619,可可学习古诗,Mini Program,,,可可古诗，小学古诗练习，小学古诗学习，包含一年级到六年级的全部古诗。另有丰富的扩展诗词供您查询和学习，并有丰富的练习。
wx3c2f400eb0911a46,可可英语,Mini Program,,,英语听力和口语能力提升训练工具
wxdafdf37209fa4de1,可吖天气,Mini Program,,,可吖天气是一个准实时查询天气的小程序。
wx58bed0d63ba09096,可来股票,Mini Program,,,可来股票——专业的股市内容平台。聚合众多达人，实时分享观点，深度解读重大财经热点，提供观点、文章等丰富功能
wx8211df20d5e6b08b,可爱娃娃的购物集市,Mini Program,,,一起来给可爱的娃娃换装
wx0a80e8a9a6a32adf,可达健身,Mini Program,,,让健身更自由，不再被套路。
wxaf3537f4146a8f32,可非镜像相机,Mini Program,,,镜子里的自己与前置摄像头 看到的自己是镜像的，此应用可用前置看见非镜像的自己。
wx1ed8d101f6539121,台前智小聘丨求职直聘找工作,Mini Program,,,台前智小聘官方小程序！
wx9587e4bcce068a36,台州青悦城购物中心,Mini Program,,,台州青悦城，位于市级CBD核心地段，以国际公园式购物形态打造体验型国际购物中心。以一座城改变台州这座城，给世界一个新台州！
wx3231ca4852a8993b,台棋俱乐民宿,Mini Program,,,提供24h无人自助棋牌室服务，欢迎预约下单
wx5b5f5d155f2102a7,史泰博 CRM,Mini Program,,,史泰博 客户关系管理 小程序
wxf5dae4f53beb564c,史蒂夫ERP管理系统,Mini Program,,,制衣ERP管理系统
wx296cf2f032f0e775,右合摄影,Mini Program,,,成都市右合摄影
wx0c678147fb2ce988,右脑人工智能,Mini Program,,,右脑小程序免费为孤独症及发育迟缓儿童家长提供在线AI测评、IEP、家长社区、每日计划、资讯、AI小助手解读报告和自动生成教案。
wx7385b97c181925d1,司南企业综合应用平台,Mini Program,,,司南企业综合应用系统
wx780d0d97c47cc465,吃一口餐饮店,Mini Program,,,吃一口餐饮店
wx1ee946a896a02d58,吃播美食家,Mini Program,,,一款可装扮的美食吃播游戏！在这里，你可以：🍔 经营自己的吃播频道，试吃各种美味零食🎤 自做创意的美食，收获粉丝点赞🧁 完成趣味任务，解锁稀有的装扮图鉴🎮 简单易上手，画风可爱！快来开启直播！成为最受欢迎的吃播美食家吧！(๑>ᴗ<๑)
wxf95c05759a91ee77,吃点啥呢AI菜谱,Mini Program,,,输入食材，AI帮你生成菜谱和做饭流程
wx02447934d0c68cdf,吃点啥智能菜谱,Mini Program,,,吃点啥智能菜谱是一款针对用户量身定制的个性化菜谱推荐应用。
wx5603febbffca9bc8,吃鸡修狗地铁逃生,Mini Program,,,经典修狗地铁逃生，吃鸡玩法大逃杀，百万撤离等你来玩！
wx209615cb384aaa39,吃鸡地铁逃生,Mini Program,,,吃鸡战场，地铁逃生，在刺激的战场上，刚枪射击到最后，取得胜利
wx0d9f79e7d3b5f5c8,吃鸡精英地铁逃生,Mini Program,,,热门好玩的枪战射击吃鸡游戏，与敌人同场和平竞技对决，穿越枪林弹雨成为精英战队中的枪王之王
wxbd73576d7242ebb9,合创民宿,Mini Program,,,为广大用户住宿而设计的一款小程序
wxc4171a375d055164,合利宝支付管家,Mini Program,,,合利宝支付管家，让您不再操心支付的事。合利宝支付管家公众号给商户提供支付数据查询、交易对账等金融服务。
wxad5296059853f572,合和瑜伽,Mini Program,,,合和瑜伽
wx122baf22737d4753,合心法律咨询,Mini Program,,,法律咨询、法律智慧裁判小程序。汇集全国最高法司法解释及各级法院的司法性文件。劳动争议纠纷、房屋买卖合同、道路交通事故纠纷。对民法典的总则编、物权编、合同编、人格权编、婚姻家庭编、继承编、侵权责任编等1260条进行解读及从经济学的角度解释
wxa99dd6f4144d5ef6,合肥公交集团易家商城,Mini Program,,,合肥公交集团易家餐饮服务有限公司购物商城
wx3fdd283b85e88b5b,合肥公交食堂预约点餐消费系统,Mini Program,,,合肥公交集团有限公司内部使用。
wx093ca39ca6e0f9e8,合肥天河湖餐饮配送有限公司,Mini Program,,,欢迎光临合肥天河湖餐饮配送有限公司。
wx0803c597d98ee5d5,合肥市科技馆票务预约,Mini Program,,,展示科技馆的场馆资讯、可进行票务预约、查看场馆导览等
wxf998114a6d8573ec,合肥市第二人民医院院内导航,Mini Program,,,合肥市第二人民医院院内导航，便于患者快速定位就诊位置。
wx9f50b6f5a5849e66,合肥招聘网,Mini Program,,,合肥招聘网是合肥本地宝藏招聘平台，合肥招聘平台为合肥企业主、人事HR与广大求职提供便捷的招聘求职通道1000+招聘群推送！
wx8439b009946f0d9f,合肥电影与生活,Mini Program,,,合肥电影：长江影城、解放影城、人民影城、花冲影城提供在线选座、在线卖品、在线会员等服务功能！
wx00a1d9eb364852bb,合销售SCRM,Mini Program,,,合销售是一款使用方便的客户管理软件
wx5f0c843a23b032cc,吉事办,Mini Program,,,吉事办小程序是吉林省人民政府提供在线服务的新媒体平台，由吉林省人民政府主办，各部门协办
wx8f68ae0cd6b6df1a,吉事多美食,Mini Program,,,欢迎光临吉事多美食
wx0d79230077f94f9b,吉充充客户端,Mini Program,,,吉充充客户端
wxd8826ca0489718a8,吉利汽车,Mini Program,,,吉利品牌小程序，为用户提供预约，试驾，购车的全新体验
wxe11bee1ee41932bc,吉吉数学,Mini Program,,,吉吉数学课程学习
wxfacb567a415c944d,吉州全域智慧导览,Mini Program,,,吉州全域线上智慧导览
wxb0fd59028146d9b0,吉工家记工记账,Mini Program,,,手机记工记账神器！精准记录工作与加班时长，智能计算工资，操作简便、一键保存，数据在线储存，安全可靠，随时可查。让工作、工资更准确！
wxe38962bbfed7664e,吉快金融,Mini Program,,,为广大客户提供方便、快捷、优质的线上金融服务！
wxe34e3ad7f30680ee,吉时雨电商,Mini Program,,,"打造吉时雨健康水电商平台，订水服务电话：96538,二环内免费送货上门。"
wx8afd522c6917e052,吉林交通职业技术学院交院验证,Mini Program,,,交院验证
wx00c4ff8bdbc218e2,吉林交通职业技术学院校友会,Mini Program,,,加强母校与校友之间、校友与校友之间的联系，服务校友、服务社会、服务母校、共同发展，吉林交通职业技术学院校友永远的家！
wx6312fe028025e2e0,吉林农信微金融,Mini Program,,,提供线上贷款申请，银企对账功能
wxf671c01d42293668,吉林大学中日联谊医院互联网医院,Mini Program,,,为患者提供预约挂号、在线缴费、报告查询、在线咨询等业务。
wx3bf2a5c17a4871ce,吉林市住房公积金管理中心,Mini Program,,,该小程序由吉林市住房公积金管理中心开发，为公积金缴存职工提供住房公积金查询、公积金业务办理等功能。
wx5388c55b47b5c459,吉林市住房和城乡建设局政务服务,Mini Program,,,实现商品房资金监管、商品房备案查询、商品房预售查询、物业维修资金查询等，切实解决群众“多跑腿”问题
wx26be35f3b2dabc5a,吉林市儿童医院,Mini Program,,,吉林市儿童医院始建于1924年，是吉林地区唯一一所集医疗、教学、科研为一体的三级儿童医院。
wx48803d3eecad8aa6,吉林市法律援助服务,Mini Program,,,帮扶之手 互爱之心  护佑之盾
wx7b224744012b009d,吉林省保险行业协会,Mini Program,,,吉林省保险行业协会为了更好的给辖内保险公司及保险客户提供服务，建立此主体小程序。
wxb9e2dae59c6e5efe,吉林省社会保险,Mini Program,,,记录一生保障一生服务一生
wx52a97874887a90af,吉林票务,Mini Program,,,吉林吃喝玩乐~优惠生活
wx39668f0c4241b940,吉林税务,Mini Program,,,直接关注公众号功能
wx2bd3e1deb552a91c,吉林税务社保缴费,Mini Program,,,该小程序主体功能为城乡居民办理养老保险和医疗保险缴费业务，包括缴费金额选择、缴费支付、订单查询等功能。
wx48461f31b05138df,吉林老鲁互联网直播有限公司,Mini Program,,,绘栖民宿简介
wx03b97046d68f5637,吉林财富购物广场会员中心,Mini Program,,,吉林财富购物广场坐落于风光秀丽的北国江城吉林市，地处吉林市东市场商圈。她是吉林一座拥有30万平方米的商业综合体。
wxc9e7030e769b538f,吉猪生活+,Mini Program,,,给你提供便捷的珠科生活，集看课表、查成绩、充电费等于一身的多功能小程序
wx2f065185597da308,吉航特价机票,Mini Program,,,同城快乐飞特价机票预订，无陪儿童机票，加订儿童婴儿机票，商务舱机票预订，团队机票预订
wx0c02fb03f5c8733e,吉行生活,Mini Program,,,吉行天下商城业务
wxa1f10b307ddb3e71,吉野家吉食汇,Mini Program,,,吉野家点餐小程序
wx24fb25895eb44723,同乐园酒店湖心路,Mini Program,,,中餐，晚餐，外送
wx8b5e2bce19931f3c,同城快跑客户端,Mini Program,,,同城快跑，致力于服务实体门店的综合性需求，让实体门店轻松赚钱是我们唯一的目标。
wxc393d2aa0d07e9df,同城通外卖,Mini Program,,,团购、外卖、家政、维修、跑腿等诸多服务，您的智慧生活从这里开始!
wx8a65133b08c5f784,同德堂连锁大药房,Mini Program,,,同德堂连锁大药房
wxf09756cd7141d521,同方CRM店员助手,Mini Program,,,同方CRM店员助手
wx3e5fcc89deb4f133,同步学英语,Mini Program,,,🏆小学英语点读朗读学习工具，超2000万学生使用AI英语天天练同步背单词，全国正版英语课本点读学习机，免费同步学小学初中英语电子课本，正版无广告打扰，13大功能听看读演练测一体化，助力英语学习提升！
wx309f08bbbbd3c893,同济大学移动门户,Mini Program,,,同济大学官方平台移动门户，为师生提供随时随地便捷线上服务
wx59eb6c09c7572c0c,同济大学附属口腔医院医疗平台,Mini Program,,,为患者与医生进行视音频问诊提供服务
wx0d619ddf7b26e48d,同程丨打车顺风车拼车,Mini Program,,,顺风车、拼车、特价打车，就用同程；同程旅行--港股上市公司（00780.HK），正规大平台，出行更放心。
wxc7be755f386246b1,同程旅行订机票特价机票往返机票,Mini Program,,,同程旅行机票小程序、机票订票平台，提供机票在线查询预订、一站式购票抢票服务，携手同程旅行全方位满足旅客的出行旅游需求，想去哪就去哪儿！
wx6b6a007ad1999b5d,同程旅行订火车票高铁票抢票,Mini Program,,,同程旅行火车票小程序、高铁票订票抢票平台，提供火车票在线查询预订、12306一站式购票抢票服务，携手同程旅行全方位满足旅客的出行旅游需求，想去哪就去哪儿！
wx336dcaf6a1ecf632,同程旅行订酒店机票火车拼车门票,Mini Program,,,同程提供飞机票、火车票、汽车票、酒店、顺风车、租车、景点门票、船票、周边游、国内游、出境游、签证、自由行、邮轮、定制游等旅游出行服务
wx5c5730f2465eb370,同程机票,Mini Program,,,看直播，就同程！
wxe1044bca68ef515c,同等学力英语词汇通,Mini Program,,,精简同等学力申硕英语大纲，只为省时省力通过考试！
wx9c77cdbfe9d944e0,同花顺股票,Mini Program,,,同花顺旗下小程序，提供实时A股行情、模拟炒股及股票、基金等投资教育服务
wxcf27c90be4ee699e,同辉国际学校兴趣班,Mini Program,,,成都市同辉（国际）学校兴趣班报名小程序
wxa614e839f668de98,名胜旅游年卡,Mini Program,,,京津冀旅游年卡官方商城。连续发行20年，免票畅游京津冀！
wx172a5926aa730965,后陡门的春夏秋冬民宿,Mini Program,,,杭州市西湖区三墩镇后陡门58号（种地星球·勤天小镇内）
wx961a01b2c8096028,向往的生活,Mini Program,,,向往的生活官方授权，休闲治愈，轻松合成
wx40a98f189e69f5bc,向日葵保险严选商城,Mini Program,,,保险严选商城
wxc54bc6360f47aabe,向日葵工具箱,Mini Program,,,保卫向日葵兑换码攻略全套 👑 数据查询助手 ✅  白嫖钻石 l 保卫向日葵福利情报 💎 阵容搭配 🔥 计算器工具 💯 极限互助 💥 通关技巧 l 能让你少走弯路，不踩坑！
wxed1b47ae6e807e80,向民炒鸡火车站老店,Mini Program,,,欢迎品尝
wxb72c47dd7a5e018b,吕梁家乡通招聘服务,Mini Program,,,吕梁本地招聘平台。
wxb5c0254470f507ac,君澜酒店官方预订,Mini Program,,,君澜一站式度假定制平台，开启美食、美景、美好之旅。
wx338bfe25ee99bdd0,君石保险经纪,Mini Program,,,"在全国区域内（港、澳、台除外）为投保人拟订投保方案、选择保险人,办理投保手续;协助被保险人或受益人进行索赔。"
wx96b014b074422573,君荣股票索赔,Mini Program,,,本项目由律所主要创始人牵头，成员15年执业经验律师，国防科大计算机、人工智能专业硕士、博士， 多年证券二级市场服务成员等。
wx88fdc4ef394138a0,吧啦阅读,Mini Program,,,热门网络小说，任你挑选阅读~
wx0ae9f67588222df8,听海阿那亚民宿预订,Mini Program,,,阿那亚是海边度假胜地，是海边的家，是高品质社区，阿那亚是一种生活方式，人生可以更美，是阿那亚的品牌口号
wx2e05e96f983f8fd0,听讼法律咨询,Mini Program,,,找律师上听讼，真人律师在线服务。
wxafa51d1a009c3f1f,启停车,Mini Program,,,启停车助手
wxa78c38fe96682f11,启冠翼安盾企业智慧化办公系统,Mini Program,,,翼安盾企业智慧化办公系统
wx2c9067a8e72a79c4,启明星学校招生服务,Mini Program,,,本小程序为有意向加入启明星双语学校的学生家长提供咨询、预约参观、开放日及报名入学等服务。
wxb99ff573b282d22c,启明星股票,Mini Program,,,技术服务、技术开发、技术咨询、技术交流、技术转让、技术推广；数据处理服务；软件开发；信息系统集成服务等
wx7f70223b5db387a3,启果果商城,Mini Program,,,启果果由多位科技、生鲜行业资深人士发起成立，致力于改善原本复杂的供应体系借助科技手段让生鲜更简单
wxa83cf551735c4482,启滴打车,Mini Program,,,启滴打车：专注于网约车、出租车、拼车、顺风车、旅游包车运营，以及自动驾驶技术的打车应用。
wx1ed2910574644417,启瑜伽普拉提,Mini Program,,,启瑜伽~
wxe54e685e17b99b29,启真法律OA,Mini Program,,,启真集团OA系统
wxe9863949bc65b0ac,吴楚交通服务站,Mini Program,,,吴楚大道范墩加油站
wxdd71a16a5554ac09,吴迪瑜伽,Mini Program,,,约课小程序
wxaafb6fd856035ff7,吾悦商户服务平台,Mini Program,,,吾悦商户服务平台致力于为商户提供在线服务、经营赋能，是满足商户日常经营需求，提供便捷、高效的一站式平台
wx96905dde48319d86,吾饮良品水果茶官方,Mini Program,,,喝水果茶就喝吾饮良品！
wx857609d4714b362a,员工管理客户端,Mini Program,,,为人力资源行业提供综合服务，解决员工与企业移动办公需求，可查询工资，OA办公，旨在为企业提供便捷、高效、高质量服务。
wxf1f8801ec1fb5370,员工美食家,Mini Program,,,北京朝阳医院职工美食家，方便职工就餐使用
wx0f0d421eb8cebc9a,周三的情书 天气小雨商城,Mini Program,,,周三的情书
wx5253652ac11d0f2b,周三的情书天气小雨面包商城,Mini Program,,,用于销售士丹顿茶餐厅品牌产品，优惠发布，积分兑换等
wx354abd6a94290109,周口市妇幼保健院互联网医院,Mini Program,,,周口市妇幼保健院互联网医院
wx17991582ce91e6bf,周律师法律工具,Mini Program,,,提供民法典速查；刑事罪名与量刑、办案期限、减刑假释查询；侵权赔偿及工伤、伤残、伤情标准速查；离职补偿、工伤待遇计算；诉讼保全执行费、仲裁费、律师费、欠款及迟延履行利息、日期天数计算。结果仅供辅助核对。
wxa98ca314b9c10d63,周末酒店Lite,Mini Program,,,周末酒店致力于成为最可信赖的度假酒店及民宿导购社区，帮助你选定又好又划算的酒店。成为VIP还能额外享受5%-50%的预订优惠哦。
wx29ff341f90412ce2,周浦绿地缤纷购物中心,Mini Program,,,为顾客提供更好的购物体验。
wx2c272da3e9077857,呱呱物联科技,Mini Program,,,小程序用于学生开启校园后勤智能设备
wx12737c841319aaa0,呱呱社区直播,Mini Program,,,呱呱社区直播是提供给各类人群进行视频互动交流的平台，人们可以通过视频展现才艺，把生活搬上网络平台。
wxade01b48a12ed2b8,呱呱菜谱,Mini Program,,,扫码查看菜单功能
wx17206da6ccff6413,味仔菜谱,Mini Program,,,味仔菜谱是面向用户的三餐规划工具，专为纠结每日餐食、厨房新手打造。可以自主录入、收藏各类家常菜谱，自由编排每日、每周家庭菜单，软件可依据菜单自动生成食材采购清单。支持菜品分类检索、记录烹饪要点，轻松搭建专属家庭食谱库，助力告别三餐选择困难。
wx31d13ce8dcf30f7c,味味熊美食砍价,Mini Program,,,"美食砍价低至1元，吃喝玩乐都能砍！
同城特价秒杀+霸王餐，就在味味熊。"
wx78919fb792aab2b7,味美校园,Mini Program,,,集点餐、外卖、配送一体的校园综合服务平台
wx800082100f319ab1,味美美校园外卖,Mini Program,,,外卖平台
wx753fc7791a6178ed,呼伦贝尔12345政务服务便民热线,Mini Program,,,呼伦贝尔市12345政务服务便民热线
wx87eaa968c7833e96,呼和浩特公交,Mini Program,,,为乘客出行提供更精准的“响应式公交”服务。涵盖响应式网约公交、公交乘车码、包车、旅游创新产品等功能。
wx5c7f40d9c68130db,呼波特AI电话数字员工,Mini Program,,,呼波特 · AI电话数字员工。真实场景模拟，按岗位和行业试听效果。AI员工替你打电话，不只是拨号工具，7×24小时在线。
wxd06c5cfa45c68916,和信投研,Mini Program,,,和信证券投资咨询股份有限公司
wx3293d90219fa649d,和卡生活,Mini Program,,,和卡生活，为您提供和卡预约购卡、周边商户及折扣信息查询等服务，为您推送最专业实用生活消费指南，一卡在手，便捷生活。
wxe3d0c088ba39e1dd,和宇办公,Mini Program,,,企业内部管理
wx7d1d2f6f23c45b6f,和巨外卖平台,Mini Program,,,和巨商贸有限公司是专注外卖送餐业务、校园外卖、配送业务、生活服务平台。自2018年成立以来，得到了社会的广泛关注和政府的大力支持！并取得了骄人的业绩，现向全国招加盟合作伙伴，加盟热线：13386498323
wxe17c2316e2e178f4,和平药房会员中心,Mini Program,,,和平药房会员中心
wx0852cdf86925d1ae,和春阅读,Mini Program,,,分享一些故事
wxbcc18307d37a5097,和田地区公共法律服务,Mini Program,,,为社区居民提供方便、快捷、及时的法律服务。
wxdd30532f0c4afc44,和睦家医疗UnitedFamily,Mini Program,,,和睦家医疗客户服务平台，提供门诊预约、在线问诊、报告查询、账单支付等服务，可查询全国医院、科室和医生简介。
wxa088ff29682f6e12,和祐健康服务,Mini Program,,,和祐健康
wx1cc393b1f00272e5,和计划心理,Mini Program,,,深耕心理行业25年
wx521f9910008fdf91,咏印菜谱,Mini Program,,,太原咏印餐饮品牌设计、美食摄影图片展示与搜索，为酒店餐饮行业提供专业服务。
wx315ea48d2036af96,咔咔AI照相机,Mini Program,,,🖨️支持证件照、旅行美拍、生活记录等高清冲印，24小时扫码即取，随时打印回忆，留住美好瞬间～
wx6276287a984c4490,咔嚓拍照菜谱,Mini Program,,,拍照识别冰箱里食材，一键智能生成家常快手菜谱
wxf52aa4581ab3d2fb,咔她摄影,Mini Program,,,咔她摄影
wxd6b96367f4d25086,咕噜滑行课程管理后台,Mini Program,,,咕噜滑行课程管理后台，支持约课、查看剩余课时等功能。
wx88818039ac6921e2,咕鸽运动,Mini Program,,,咕鸽运动健身房/城市体育消费圈/潮玩活动/校园潮跑/市民入校——打造智慧体育生态全场景服务平台。
wxdafc8457b7f03127,咖啡司咖啡厅,Mini Program,,,来咖啡司咖啡厅点餐，更多好品任你选
wx1d40103c9a880aa0,咖啡图图,Mini Program,,,咖啡图图
wx609963532218b3be,咖啡师精选工装,Mini Program,,,智能化服装定制，团体服，班服，广告衫，聚会服，活动服，工作服，订做定做，个性设计，公司企业服饰
wx8408abda09fefec0,咖啡研究院,Mini Program,,,咖啡研究院，分享有趣的咖啡知识，解决大家各种相关咖啡的疑问，带你懂咖啡，懂喝咖啡！同时还可享受到丰富的礼品和积分福利！
wx595214b121c88268,咖啡自由xLink,Mini Program,,,咖啡自由旨在为新一代年轻人提供好喝、好玩、又好用的咖啡机产品。
wxe157bc5ff5628b57,咖德安保 - 专注保安求职招聘,Mini Program,,,咖德安保，是保安领域的专业招聘平台，专注保安招聘，懂行业·更高效；
wxa010b3f6ca70f32d,咩咩美食圈,Mini Program,,,咩咩美食
wxe38deaf50d846547,咪咕咖啡数字咖啡馆,Mini Program,,,中国移动旗下连锁咖啡品牌，应用5G前沿科技，荟聚咪咕优质内容，打造全场景沉浸体验，让今天更有趣。
wx9482e8a5698d9408,咪咕视频,Mini Program,,,看精彩体娱内容尽在咪咕视频
wxe9188e46b544384b,咪咕音乐,Mini Program,,,咪咕音乐提供音乐首发、高品质音乐试听、彩铃订购、歌曲下载、铃音管理、音乐电台、音乐视频等一站式音乐互动体验
wx07f85b27d6987c0d,咪智汇办公助手,Mini Program,,,公司内部办公助手
wx3958624ad27c3d7a,咿呀母婴优选,Mini Program,,,咿呀母婴成立1997年，公司秉承“成长自己，满愿他人”的文化理念，“关爱妈妈呵护宝宝”的服务理念，主要经营婴幼儿奶粉、辅食、宝宝洗护用品、0-12岁儿童服装等
wxe6917c6ff86fa58f,品上生活,Mini Program,,,品上生活是以数字零售为核心，为消费者提供一站式新零售服务
wx79e7cdacad9da91a,品品茶 茶茗丁丁 共享茶室棋牌,Mini Program,,,品品茶共享茶室，更高端的私密空间。棋牌、品茗、会议、派对，24小时营业，全天候尊享品质体验。
wx33ca2f2fedd4d9e9,品得堡美食汇,Mini Program,,,品得堡美食汇
wx16aa90c7ff9bb0d9,品氪营销助手,Mini Program,,,营销助手
wx6f732c70de2d5592,品源出行,Mini Program,,,品源出行
wx6a2b4416d20803b9,品胜云码2企业版,Mini Program,,,品胜云码企业版，用于品胜内部员工管理客户信息、商品信息、报价信息
wx73645ee9c6c110d2,哆来咪鲅鱼圈旅游民宿,Mini Program,,,鲅鱼圈民宿旅游
wxbaf2195214d46960,哆邻国学英语,Mini Program,,,多邻国英语学习小程序，多邻国duolingo，40多种语言免费在线学，闯关记单词，单词听写，单词pk，国际音标，ai科学记忆，发音纠音，词汇语法双提升，学习打卡全场景，零基础入门，轻松坚持趣味化学英语。
wx32474560dcb4ac01,哆邻国英语背单词,Mini Program,,,多邻国app在线点读同步学，1-9年级多邻国英语课本点读跟读，人教版|译林版|沪教版英语电子课本点读、免费听课文，背单词，学发音，练口语，AI评测跟读的外语学习神器
wxde0d3bf84b84f692,哈哈AI零售柜,Mini Program,,,你身边的1㎡ 无人便利店
wx265806c902168c4d,哈哈AI零售柜商户端,Mini Program,,,自助售货机售卖各种商品，如饮料，零食，生鲜等
wx1ac84f239d38e572,哈哈出行专车,Mini Program,,,美好出行，哈哈出行
wxda591e289442a50d,哈啰 I 打车顺风车拼车,Mini Program,,,低价打车、顺风车、拼车，就用哈啰
wxb937e3d0b3ca117e,哈啰丨单车助力车打车顺风车租车,Mini Program,,,哈啰官方小程序，为您提供骑行单车助力车电动车打车顺风车租车火车票等本地出行和旅游服务。
wx5204c8e0c93867b1,哈啰汽车充电,Mini Program,,,新人5折起，顺风车打车接单用余额支付享特价优惠；充电桩覆盖全国，找站便捷更实惠；支持在线查找充电站，扫码充电等功能；
wx44b0d2b6b5006c68,哈基秘音乐盒,Mini Program,,,哈基米音乐盒，趣味音效播放，各种哈基米神曲等你探索！曼波哈基米哦南北绿豆哈压库奶龙！
wxbb1d306893a55cb9,哈士骑旅游租车,Mini Program,,,哈士骑租车是全新的城市代步工具，为您解决中短途出行难题，提供全新的旅游租车体验。
wxd4c1033c29183a2a,哈尔滨交通运输从业资格监管平台,Mini Program,,,哈尔滨交通运输从业资格培训考试监管
wx3c43ce8ee0372298,哈尔滨医科大学附属第二医院,Mini Program,,,哈尔滨医科大学附属第二医院官方就医平台
wx5c3df0484127de60,哈尔滨医科大学附属肿瘤医院,Mini Program,,,哈尔滨医科大学附属肿瘤医院
wxbcc2a5c6353e911b,哈尔滨坤纳蜜柚医疗美容医院,Mini Program,,,每一天，更美一点！
wx21605080764c72e3,哈尔滨珠江医院预约挂号,Mini Program,,,儿科专家张鸿彦主任预约挂号
wx00cecd7fe047a7ff,哈尔滨附一儿童医院,Mini Program,,,【黑龙江哈尔滨附一儿童医院官方挂号】哈尔滨市看治疗儿科儿童发育行为抽动症多动症自闭症语言发育迟缓其他专科医院排名哪家个好
wx45b203db87f01890,哈恰图良国际音乐比赛,Mini Program,,,主要是提供比赛的赛程发布，赛事信息发布以及赛事活动的报名。
wxb80eaa1aa3929ce9,哈曼数字科技,Mini Program,,,浙江哈曼数字科技有限公司
wxe80dd284919386ff,哈神健身,Mini Program,,,哈神健身
wx4f7ac9b319086a09,哈药健康大药房,Mini Program,,,坚持“顾客至上、专业服务、关爱健康”的经营理念，全心全意为用户服务，守护人类健康！
wx22b7d1818cde7097,哈银消费金融,Mini Program,,,提供贷款、借钱、分期消费、现金提现服务，急用钱就找哈哈贷，最高可借20万，在线申请、随借随用、利率普惠、安全合规、灵活还款。
wx3a8c51436361fc27,哪吒出海法律通,Mini Program,,,专注为中国企业提供出海法律咨询服务
wx2f38bce4bdf0a907,哪吒的空间学习库,Mini Program,,,3-12岁学习资源持续更新中
wx462a9bbf12041929,唐山公积金,Mini Program,,,唐山公积金小程序
wx6df22189c57d9aff,唐沫茶兮,Mini Program,,,好茶好奶好心意 TANMORT TEA
wx9d3ab510714d804b,唐钢安全学习,Mini Program,,,唐钢职工安全学习
wxd4fcb5b7f805abf7,唔哩摄影,Mini Program,,,天津少女写真工作室，1000平超大实景拍摄空间，5000+真实客片库，努力记录每个妹妹的发光瞬间～
wx91d624e7d6fcd858,唤燃星健身,Mini Program,,,全国连锁 按次付费 无人推销 无人打扰让训练时间 更自由让训练感受 更快乐
wx1102a5f661103958,唯兴南中餐饮服务,Mini Program,,,为南中职工、病人提供在线预约订餐、饭卡预交费等餐饮服务
wxe9714e742209d35f,唯品会丨品牌正品折扣,Mini Program,,,唯品会官方小程序 品牌特卖，3.3亿人的选择！每天早10点、晚8点好货上新！
wxabae38e4ca5078e0,唯品金融,Mini Program,,,唯品金融为用户提供消费分期和贷款服务。只需线上申请，借款最快1分钟到账，期限灵活，安全合规。
wx6403ae9252fc64d5,唯怡美食之旅商家端,Mini Program,,,唯怡全球美食之旅商家端
wx78854d126ae4f9a2,唯本草大药房,Mini Program,,,唯本草大药房，您身边的健康药房   唯本草大药房，买好药让健康多一点
wx43ff042e513c1c3e,唯特斯经纬相机,Mini Program,,,资产资源拍照工具
wxeaac970bd5ab9445,唯美二次元图片欣赏,Mini Program,,,为您提供随机二次元壁纸图片下载，手机电脑壁纸下载。丰富您的生活。
wx72168fc54d140bca,唱迈娱乐空间,Mini Program,,,给客户预约空间服务
wxab92109a26909973,唱销美食,Mini Program,,,唱销美食是一家点餐平台，为用户提供美味美食精选
wx8e813492912845bf,啄木鸟云健康,Mini Program,,,面向居民提供健康便民服务，包括查询居民健康档案、检查检验报告、体检预约登记等。
wxf44a55b6778bda1a,商丘e招聘,Mini Program,,,商丘e招聘是易商网旗下的商丘本地招聘平台！在商丘，找工作，招人才，就上商丘e招聘！
wx9b891cbc63f892ab,商丘学院应用科技学院财务处,Mini Program,,,商丘学院应用科技学院财务处官方程序
wx40c4f1d6e6918cfc,商业人工智能促进会,Mini Program,,,商业人工智能促进会
wxf1fd2c1722467d8d,商务通AI审核系统,Mini Program,,,桂林市以旧换新AI审核小程序，通过AI智能体和自主学习实现对全市以旧换新台账资料的快速审核。
wx25a378d7218fb9bb,商场定位导航,Mini Program,,,商场定位导航
wx3117cdab4b35fa18,商城县阳光政务,Mini Program,,,商城县阳光政务小程序——让数据多跑路，群众少跑腿。
wxb60f59c1eddb1e27,商户中心管理端,Mini Program,,,让老板们随时随地查看门户数据，时刻掌控门店最新情况，一端在手，运营无忧！
wxd7b8750d3f7fffdc,商聚商城,Mini Program,,,广告设备耗材、印刷设备耗材及礼品的B2B在线信息商城。具备完善的全产业相关商品，拥有大量优质供应商信息。
wxec851f322017caf7,商龙供货商管理平台,Mini Program,,,天财供应商管理平台，作为餐饮企业与供应商协作交流的载体，以订单任务为驱动，实现供应商与餐饮实时高效协同！
wx500b74d2105e8d33,啊陶小苑菜谱,Mini Program,,,内部使用
wx7481f9491480382a,啡柠莫属饮品店,Mini Program,,,啡柠莫属饮品店
wxcfcce828e65ee553,啦啦购电子商务,Mini Program,,,用于本公司的业务开发和库房管理
wx4e88d95e89daf8fa,喀什政务中心,Mini Program,,,提供业务办理预约、预约信息推送、取消预约、叫号提醒推送、查询预约等功能。用户可通过小程序进行服务评价。
wxd5e14de59d9f28ef,善行健身,Mini Program,,,为浦东职工创造健康生活
wxe816152f49b33a33,喜之乐饮品,Mini Program,,,喜之乐饮品
wx896e0a9162d316af,喜乐生活推客电商,Mini Program,,,自购省钱，分享赚钱，让生活更喜乐！
wx869f52088aaab9d8,喜塘普拉提瑜伽,Mini Program,,,小程序预约
wx3c10cb6a349cda03,喜士多人工智能图像识别系统,Mini Program,,,本系统用于查看商品在门市陈列情况、实物照片以及人工智能识别结果与统计数据。
wxbe02b82fa3d3028b,喜天天记账,Mini Program,,,一款用于生活记账的软件
wx5c447ff67e0e72bb,喜扣跑胡子,Mini Program,,,打筒子，字牌、跑胡子合集，好友局免费玩
wxa79236d20d7dc995,喜来工企业版,Mini Program,,,一款全流程数字化云平台，内置人力资源管理功能模块，可管理多个劳务公司及人力公司，降低用工成本，实现高效的灵活用工管理。
wxe84d89c5a25cfc78,喜树民宿,Mini Program,,,天津蓟州民宿喜树，大山里的艺术馆。
wxa78a61328a25ad8c,喜洲列车影像站,Mini Program,,,售票、点餐
wxd1f7b7428faa46a5,喜洲列车影像站a,Mini Program,,,销售、优惠券
wxf47f678c07b224c5,喜米湘餐饮,Mini Program,,,喜米湘欢迎您
wx696a42df4f2456d3,喜茶GO,Mini Program,,,"下单免排队 外卖送上门 / new style tea, by inspiration"
wxdd441026a52b7c80,喜鹊云智慧停车,Mini Program,,,智慧生活更精彩
wxf950697cebf06a1c,喝酒记账,Mini Program,,,喝酒记账，记录酒局参与者应喝/已喝数量，谁喝多少一目了然
wx650b52fd8893e996,喵喵记账zzz,Mini Program,,,喵喵记账zzz是一款敲可爱喵喵主题的记账小账本、快捷记账薄、生活记账小助手
wx0483e23afaf03d1d,喵喵音乐猫,Mini Program,,,音乐猫跳跃跑酷游戏，海量歌曲，场景优美。
wxdafddc88501549f9,喵扎特跑步,Mini Program,,,小小喵扎特专属跑步小程序，跑步打卡、赛事咨询、训练指南、跑团活动
wx3dc85e6661f77642,喵钱记账,Mini Program,,,一款超可爱的记账小程序，助你轻松记账，合理规划好每一笔收支
wx411148cab8b35416,喷泉课程表,Mini Program,,,噜噜来咯
wxf0b6408ffa0cbb88,嗨拼出行,Mini Program,,,嗨拼出行——快乐拼车路，偶遇老朋友！主要提供京津冀地区以及密云拼车，怀柔拼车，平谷拼车，京张、京承、京石等方向的顺风车撮合服务。
wxf673a19c04e8dd8a,嗨熊小火车,Mini Program,,,来我这里坐小火车
wx0a8c4c77f62519a3,嗨玩大鲸娱乐,Mini Program,,,大鲸娱乐一站式潮玩娱乐空间，室内新游乐典范。致力于通过对线下娱乐场景的精细化运营与创新，为积极乐观、热爱生活的消费者提供极致的快乐体验。
wx565b1ac4e1fb7010,嗨瓣智慧娱乐空间,Mini Program,,,嗨瓣智慧娱乐空间致力于通过物联网技术，打造清新、舒适的自助娱乐空间，为客户提供24小时的在线预约服务。
wxc10aad485e6c3ffe,嗨舞帆课程预约系统,Mini Program,,,此小程序为嗨舞帆舞蹈工作室舞蹈课程预约系统
wx3d898462e540340b,嗨购跨境高端母婴馆,Mini Program,,,小程序帮助实体母婴门店开通线上商城渠道，商场主要经营跨境高端品牌奶粉品类。
wxd62ccfbaf873e74e,嗨麦空间娱乐管理有限公司,Mini Program,,,提供智能预约、平价欢唱及正版曲库点歌服务。支持手机一键开门，全程自助体验。
wx7f9416391161a1a0,嘀嗒出行丨顺风车拼车打车,Mini Program,,,嘀嗒顺风车，真低价，不怕比！通勤跨城都顺风，路程越远价越低！
wxcee6d1cec9466b88,嘀嗒打车 - 网约车出租车,Mini Program,,,打车？就选这里！网约车、出租车，一站式聚合，满足您所有出行需求，成为您的第一选择。
wx3f92866a0a376805,嘉佑健身,Mini Program,,,嘉佑健身作为西北地区连锁健身明星品牌，致力于为追求高品质健康生活的运动爱好者提供专业化、个性化、全面化的健康解决方案。
wxb8d83da92b768706,嘉佰达物联云企业端,Mini Program,,,智能锂电池管理平台
wxf80c5b5fb85a7975,嘉免短视频,Mini Program,,,热门短视频大全，热门短剧看不停
wxe775b77cdac33176,嘉兴交通码,Mini Program,,,扫码，丰富出行生活
wx9ee1602a6caaca7b,嘉兴市心理咨询中心,Mini Program,,,嘉兴市心理咨询中心
wx4b18f49e3c984ff0,嘉兴银行商户服务,Mini Program,,,嘉兴银行商户服务平台
wx6583aaa3b0cb9eee,嘉善农商银行善富e生活,Mini Program,,,善向未来，共富致远~
wx3fb7a2162cf7de55,嘉定教育课后服务,Mini Program,,,嘉定区教育学校课后服务管理
wx5370dc4a255b06db,嘉实基金Mindera,Mini Program,,,券商投研服务的数字化平台，入驻上百位券商分析师，让信息精准高效安全触达每一位机构用户，实现全域投研服务的追溯统计与派点结算。
wxb7d2166b4818f22b,嘉实基金投教基地,Mini Program,,,以智会友，慢学投资。普及投资理财知识，传导理性投资理念。
wxddd63d679c26ec70,嘉峪关市住房公积金管理中心,Mini Program,,,为嘉峪关市住房公积金管理中心的缴存职工提供账户信息查询、业务办理服务。
wx3b0a685a4b195d3d,嘉应学工一站式服务大厅,Mini Program,,,嘉应学院“一站式”学生管理服务平台，为同学们提供提供统一的、便捷的学工应用平台。
wx5b7ac24c35225416,嘉彭母婴护理,Mini Program,,,可快速点单，在线支付，领取优惠
wxda0c6f280f1d0621,嘉熠王庭小说,Mini Program,,,热门精品小说免费看
wxf7f27989e46d3e79,嘉膳餐饮公司,Mini Program,,,可快速点单，在线支付，领取优惠
wxe4a5f304ec519bdc,嘉隆供应链母婴商城,Mini Program,,,喜阳阳爱婴线上商城，新疆区更新后商城。
wxf085617fcc503acf,嘉鱼县入学宝义务教育招生平台,Mini Program,,,嘉鱼县“入学宝”义务教育招生平台，共享我市住房、户籍等数据，实现家长掌上报、校区智绘分、户籍自动审、信息数据化等功能。
wxa856d6631da5d60c,嘛咖娱乐,Mini Program,,,安静悠闲舒适的环境，欢迎光临！
wxec45e3c3f7564c40,嘟嘟巴士企业班车,Mini Program,,,嘟嘟巴士班车管理系统服务，为企业班车管理提供班车线路查询、线路优化、实时定位、预约座位、刷卡扫码乘车等班车系统化服务，提升通勤班车效率，助力企业实现降本增效。
wxcd494c04726018d4,嘿鸭24小时共享健身,Mini Program,,,嘿鸭24小时共享健身欢迎您！
wxb53374667edc5297,四个朋友商户管理端,Mini Program,,,四个朋友24H自助智慧棋牌室商户管理中心，提供一站式数据服务，提供清晰便捷的设备管理，门店管理，订单管理，财务数据管理！
wxf478dfcd3ae59d81,四个朋友智慧娱乐共享空间,Mini Program,,,四个朋友·24小时自助棋牌娱乐共享空间，以物联网科技加持，打造舒适的自助娱乐模式。
wx10f1b31629e335ed,四合出行,Mini Program,,,四合代驾
wx88791f6c9f845257,四季鲜智慧农批客户端,Mini Program,,,四季鲜综合批发市场小程序管理小程序
wx3f5437f463c77f65,四川云烁行新能源科技有限公司,Mini Program,,,云烁行出行，绿色出行
wx48af7d74b45bdf49,四川住建安管和特种人员继续教育,Mini Program,,,为四川住建安管和特种人员提供继续教育服务
wx35a9d032155c4766,四川公安政务服务,Mini Program,,,四川公安政务小程序
wx90d8c3b76ceeac5b,四川农商银行信用卡,Mini Program,,,四川农商银行信用卡
wx91e1449c9d484f61,四川发布,Mini Program,,,四川省人民政府新闻办官方政务小程序，方便您一键触达政策、办事、问政等政务服务全场景。
wx6316750d036879ff,四川大学华西医院互联网医院,Mini Program,,,提供四川大学华西医院患者服务功能，包括线上线下挂号、缴费、报告查询、宣教、健康服务等功能
wx7096a4d37e801510,四川天府银行,Mini Program,,,四川天府银行
wxee67a95df327fe56,四川太平洋电影,Mini Program,,,太平洋电影院线旗下部分加盟影城指定系统在线选座购票
wx04672f936b37e805,四川安全生产培训考试验证,Mini Program,,,特种作业人员考试报名；特种作业人员查看考试成绩；查看特种作业证书
wxc8896a39c5957d48,四川川正税务咨询有限公司,Mini Program,,,整合融资服务、税务风险检测、智能尽调、财税政策匹配、经营参谋等服务，为企服机构输出一站式数字化技术服务方案。
wx19bdc7978b16ad7b,四川希望汽车职业学院服务平台,Mini Program,,,四川希望汽车职业学院
wx314c643502331127,四川康贝大药房连锁有限公司,Mini Program,,,经营范围包括许可项目：药品零售；第三类医疗器械经营；食品互联网销售；保健食品（预包装）销售。
wxb5407e0ed8d49b54,四川征信有限公司导航,Mini Program,,,为四川省用户提供征信报告查询网点地图导航，方便用户就近找到征信报告查询网点。
wxad2ccd68a28f8dd1,四川省人工智能学会,Mini Program,,,四川省人工智能学会线上功能承载平台
wxa4a4ee352fd46a94,四川省人民医院居家医疗服务,Mini Program,,,为出院患者、行动不便等患者提供延续性居家医疗、护理服务。
wxe71363243ce921dd,四川省内江医科学校,Mini Program,,,面向广大师生与家长，提供招生报名、学籍查询、在线缴费、课程表、校园通知、教务服务等功能
wx5bed3735a2a5a4a0,四川省教育考试院,Mini Program,,,四川省教育考试院官方小程序，提供招考政策、信息查询等服务。
wxe749152f2727c787,四川省疾控中心门诊挂号系统,Mini Program,,,用于预约挂号
wx1c20a0d65b3e2914,四川省科学城春蕾学校-智慧校园,Mini Program,,,四川省科学城春蕾学校智慧校园小程序
wx8e005df9e82522d2,四川科技馆门票预约,Mini Program,,,四川科技馆官方门票预约通道！各位科友，不要相信任何第三方渠道，谨防上当受骗！
wxd36e293e26fd5e49,四川银行,Mini Program,,,四川银行官方小程序，为您提供多种金融服务，本机构吸收的本外币存款按照《存款保险条例》受到保护。
wxd74c1b1e3ae16ba9,四川锦欣西囡妇女儿童互联网医院,Mini Program,,,四川锦欣西囡妇女儿童医院互联网医院
wxc46ea94e4f859c5b,四川麻将血战到底,Mini Program,,,好玩不上头，恰似二锅头。最好玩的四川麻将
wx82963cbaf9b9817f,四平市中心人民医院医保挂号缴费,Mini Program,,,四平市中心人民医院预约挂号结算平台
wx7e01336b7f635d3f,四月摄影,Mini Program,,,不被定义的女孩
wx2b6d13a42feaf355,四特酒CRM,Mini Program,,,"用于四特酒业务员的渠道信息查询、市场费用活动申请、物码查询等业务,企业内部用户使用，不对外提供服务。"
wx43663df17d99b1b1,四维导航,Mini Program,,,聚焦座舱智能化，让你的爱车更智能！
wxa2681066bd74cba5,四象好停车,Mini Program,,,车场服务
wx39fd1ad45aad8ba1,四鹊咖啡,Mini Program,,,更适合中国人口感的咖啡
wx8d34e653b8c187e8,团团转母婴生活馆,Mini Program,,,所有产品都是经过团主自用，反复挑选，专注于为大家带来最值得的产品，提供最优质的服务。
wx2e89c10d00858ce5,团子出行汽车票定制客运城际,Mini Program,,,团子出行官方平台，提供全国范围汽车票线上查询、订购，及定制客运、城际快车、包租车、火车票、代驾、通勤车等多元化出行服务。
wx84766dd5f971a203,团立方专场直播,Mini Program,,,"-团立方专场直播
-直播时间：9:00-10:30
-陕西人自己的团购平台"
wx10b72d6964123ef2,团风本地通丨招聘求职,Mini Program,,,团风本地招聘求职、房屋租售、生意转让、物品出售、生活服务等便民信息
wxf1995289edf20a61,团餐管理,Mini Program,,,团餐管理系统
wx0cd3bebce9112961,囦茶佰巷咖啡奶茶,Mini Program,,,囦茶佰巷
wxa39b37324ac7419f,园岭外国语学校午餐午休管理,Mini Program,,,欢迎光临园岭外国语学校。
wx1ba5c87160eb6814,固始县公积金中心,Mini Program,,,公积金相关业务及政策发布
wxc6e29f993c07ec82,国任保险,Mini Program,,,国任保险官方小程序
wxc99831c89adeb7fa,国企央企名企招聘丨互联派,Mini Program,,,央国企求职平台，为大学生提供一站式“国企求职”解决方案。国企/央企/银行校招、实习资讯、网申技巧、笔面试指导等都在这里！
wx3a891b89af19f1c0,国信VIP服务,Mini Program,,,国信证券官方出品股票证券小程序，集股票行情、个性化资讯、股票开户、自选股管理、投顾服务、研报为一体
wxd5469130941125f3,国信发票通平台,Mini Program,,,收发票收发票
wx8d2bb99e476ec604,国信证券 股票开户行情交易新股,Mini Program,,,国信证券官方出品证券小程序，国信证券基金服务，提供方便、快捷的行情、资讯、智能工具等服务。
wxfd78e80ec60e206c,国元保险,Mini Program,,,国元保险在线服务小程序
wxb54016a86a2a7ced,国光海客CRM,Mini Program,,,主要用作四川国光公司内部CRM系统使用
wxbebb3cdd9b331046,国务院客户端,Mini Program,,,中国政府网新媒体平台
wx9d9122d3c3794097,国台电商酒友会,Mini Program,,,广东微牛电子商务有限公司官方商城，主售国台酒业相关产品，宗旨是减少中间商环节，让利消费者，做到快捷保真、轻松购酒！
wx56693552d1bbd147,国大荆州便民药房,Mini Program,,,关爱生命 呵护健康
wx169b238e72c43d52,国大药房会员助手,Mini Program,,,向公司会员提供基础会员服务及增值服务
wx5b0ed3b8c0499950,国家企业信用信息公示系统,Mini Program,,,国家企业信用信息公示系统
wx81ce904580cc0ff1,国家医保服务平台,Mini Program,,,国家医保服务平台是由国家医疗保障局开发的国家统一医保服务平台，为百姓提供便捷优质的线上医保服务。
wx81e247e32e6e988d,国家医学考试中心,Mini Program,,,国家医学考试中心关于医师资格考试报名、缴费、资格审核、成绩发布等相关服务
wx7cf96f9a03b209d7,国家地理信息公共服务平台天地图,Mini Program,,,国家地理信息公共服务平台天地图是向社会提供各类在线地理信息公共服务、推动地理信息数据开放共享的政府网站。
wx2eec5fb00157a603,国家政务服务平台,Mini Program,,,全国一体化政务服务平台
wx8cf2cd39f9d8d49f,国家法律法规数据库,Mini Program,,,国家法律法规数据库由全国人大常委会办公厅牵头建设并维护，目前收录的数据有WPS和PDF两种文本格式，其中PDF版本为公报原版。
wx00990d2f2c06fe2a,国家烟草专卖局政务服务大厅,Mini Program,,,让网上办理更方便，提高办事效率。
wxc80130e6ce99483e,国富保险在线,Mini Program,,,国富人寿保险股份有限公司专注研发实惠产品，提供实在服务，为客户朋友提供健康生活新选择。
wxa02b41384f408307,国富智能办公,Mini Program,,,为国富集团数字转型提供信息交互能力
wx5d7c7708ffab0bf4,国开在线照片采集工具,Mini Program,,,中央广播电视中等专业学校学生报名照片采集专用
wxbb9a7bf65a827937,国开照片采集工具,Mini Program,,,国开考试照片、报名照片专项采集工具。
wx41286580331690b2,国投证券,Mini Program,,,国投证券官方小程序服务平台，提供方便、快捷的行情、资讯、理财等证券市场服务。
wxd070a86e8d1ab848,国投证券投资人服务平台,Mini Program,,,安全保管，信心之选，国投证券为投资人提供移动便捷的线上化查询持仓、产品、交易等服务
wxc5bde177d6a27a4b,国投证券新股日历,Mini Program,,,实时新股/新债信息，快来查看吧！
wx9621b04906457b57,国投证券研究,Mini Program,,,国投证券研究掌上投研服务平台，专业赋能，贴心服务，一触即达。
wx6ecf5a75f8cf3d23,国投证券管理人服务平台,Mini Program,,,安全保管，信心之选，国投证券为管理人提供移动便捷的线上化托管综合服务
wxde2c20f570f4052f,国控综合办公平台,Mini Program,,,国控综合办公平台是为满足集团线上办公需求而开发的小程序。
wx27e87ea1e3d24234,国新证券账户通,Mini Program,,,国新证券客户认证及产品宣传
wxc22db4f445e85c35,国泰基金,Mini Program,,,国泰基金网上交易系统，用于查询基金个人资产
wxa1126dd6280e94e8,国泰大搜汽车服务,Mini Program,,,汽服平台专注于为汽车TOB领域提供专业、标准、高效的销售全流程服务，并携手汽车机构为用户提供更高效更便捷的买车、用车服务。
wxe55048c4fbfbc5eb,国泰大搜车相机,Mini Program,,,国泰大搜车水印相机小程序，主要用于公司内部业务流转过程中，所需材料的拍摄，为后台审核人提供原始拍摄影像和拍摄信息。
wxb1a9062613b2357d,国泰海通君弘一证券开户,Mini Program,,,国泰海通证券官方出品的证券开户小程序，无需下载，即可享受7*24小时极速开户服务。
wxc1a59fde4bb8ef25,国泰海通君弘行情一A股证券股票,Mini Program,,,国泰海通证券官方出品的股票行情小程序，深耕股票投资场景，旨在为用户提供便捷的沪深A股实时行情、资讯、证券开户和智能工具服务。
wxda49c621c6751e01,国泰财产保险服务,Mini Program,,,为国泰保险客户提供在线服务的平台，聚焦已购买保险产品的客户，为客户提供专业化的保险服务功能，提升国泰保险客户的满意度。
wxecbd513274e4a3bf,国潮摄影星潮咖,Mini Program,,,源自内心的诚挚服务，用心陪伴孩子的成长
wx8237a2c342017863,国瀚智慧管理系统,Mini Program,,,智慧管理系统是国瀚公司通过“专业服务+智慧平台”相融合的方式研发的智慧云服务平台，全面提升项目智慧化、精细化管理。
wxc27a6f93680d97cb,国瑞云购物,Mini Program,,,国瑞商业——线上商城，精选超值好商品，让您宅家购好物，开启精致云生活！
wxcef7f6371c2d1d35,国瑞新特药药房,Mini Program,,,国瑞新特药智慧服务
wx3eda3f62b08c7478,国缤茶荟,Mini Program,,,华祥苑门店小程序商城
wx0d6d27b74d428f79,国聘丨国资央企招聘,Mini Program,,,聚焦国央企求职需求，实时更新岗位信息，一键检索、便捷投递，为求职者搭建高效求职通道。
wx3a2f6b68a6843b66,国药东风总医院客户电子签名,Mini Program,,,使用此系统解决客户对医疗文书确认的电子签名及其他需要手签的替代等功能。该网上数字签名系统严格遵守国家对电子签名的规定。
wxd7babbab145b679e,国药健康商城丨国大药房 SPS,Mini Program,,,国大药房-你身边的健康卫士国大药房-健康所需，尽在国大
wx11af4b33fe4ef37e,国药控股大药房,Mini Program,,,央企下属专业处方药房，以新特药、慢病用药为特色。批零一体，共享国药集团数万品规。
wx1274edcc41165f4d,国金证券研究服务,Mini Program,,,专业机构投资服务通道，发布最新国金证券研究成果，沟通证券研究信息，组织各类线上研究交流活动。
wxebd8fce4e4db4c5d,国际课程真题宝典,Mini Program,,,国际课程和竞赛学生自发的学习社区、国际课程和竞赛、章节知识点练习题、学习资料分享、权威情报、学习交流
wx4ba3cd2bc80f0c37,图像工具,Mini Program,,,"免费,证件照,照片制作,寸照,换底色背景,一键抠图,AI修图,画质修复,人像美颜精修,文生图,去水印,换脸,换装,老照片修复,图片处理,照片编辑,压缩,格式转换,改尺寸,改像素,改DPI,改分辨率,裁剪,排版,EXIF,排版,海马体,天真蓝"
wx0a595d0d3f66a454,图友丨个性装扮图片互动社区,Mini Program,,,斗图从此不求人！
wx2a79629e1498b937,图片一键处理器,Mini Program,,,图片处理器含有图片透明化、文字提取、文字识别、九宫格切图、图片马赛克、二维码、格式转换、大小调整、制作圆角以及图片水印等
wx0c3ab95adf65f28e,图片修复清晰度,Mini Program,,,免费老照片修复、图片变清晰、图片高清修复、照片变漫画，黑白照片一键变彩色、照片活起来等在线图片编辑图片处理修改工具。
wx28519b9d3670932a,图片修改,Mini Program,,,图片修改.图片修改工具.图片修改软件.图片修改小程序..证件照修改.图片修改底色.图片修改尺寸.照片修改底色.证件照修改底色
wxe1ea6426075fb5df,图片免费去水印,Mini Program,,,一键去除图片水印LOGO，照片Ai修复去除遮挡物，视频去水印，支持本地相册相片去水印，不限次数。
wx93e975e3ee6b4f50,图片分割器,Mini Program,,,图片分割器，支持自定义行列数分割、分图、切图、图片分割、图片切分、图片拆分与图片裁剪，可制作九宫格切图、四宫格、多宫格，也支持长图分割、长图切分、长图拆分、长图裁剪和图片网格化，适合处理长截图、自媒体配图、海报、学习资料、商品图和日常照片。
wxd7842765039acf7a,图片加水印大师,Mini Program,,,图片加水印｜文档加水印｜证件加水印｜身份证加水印，一键加水印。图片去水印｜文档去水印｜一键去水印，加水印去水印方便快捷！
wx6585af8ef5c164e7,图片压缩,Mini Program,,,图片压缩，照片压缩，图片处理，照片处理，证件压缩，支持预览大小，批量压缩，画质清晰，压缩速度快。
wx12684cad4a0e15d6,图片压缩格式转换 随拍,Mini Program,,,图片压缩照片压缩神器，图片压缩kb大小，图片格式转换，图片编辑，照片压缩，照片格式转换jpg，png，图片尺寸修改，照片尺寸修改
wx2a43f0c26b3eb6ea,图片压缩格式转换神器,Mini Program,,,图片压缩小程序，图片压缩神器，照片压缩，压缩图片，图片压缩kb大小，照片修改大小尺寸，图片格式转换jpg，jpg格式转换小程序，jpeg转换为jpg，图片格式转换
wx214a1cd6e64f2697,图片压缩神器,Mini Program,,,图片压缩神器，图片压缩，照片压缩，证件压缩，图片文件压缩，支持预览压缩前后大小。
wxda10c3215dce6695,图片去字图片去水印,Mini Program,,,永久免费一键快速图片去除文字，图片去除水印，去除图片中不需要的遮挡物。
wx33f50e0c6f28cb7d,图片去水印助手鸭,Mini Program,,,免费去水印，图片去水印，视频去水印，照片去水印，图片压缩，视频压缩，人工去水印，图片编辑工具，导出高清图片，修复受损图片，本地图片去水印，本地视频去水印，相册视频去水印。
wxbb33cf4387341503,图片去水印工具鸭,Mini Program,,,原 图片去水印免费工具，永久免费使用，照片去水印，视频去水印，本地相册去水印，一键去水印，图片变高清
wxe1c879c38ac46bff,图片去水印王,Mini Program,,,永久免费去水印，图片去水印，照片去水印，图片修复，照片修复，证件照压缩，图片压缩，图片格式转换，图片旋转，图片拼接等，图片去水印王是一款功能强大的图片处理小程序
wx4121cdf6e60f7dc2,图片去水印程序助手,Mini Program,,,智能图片去除水印，抠图，加水印，清晰度增强，证件照等功能，高效处理，高效创作！一键去除，图片去水印，照片去水印，一键扣图，全屏水印去除，
wx346c5d0cd8c934b3,图片变清晰,Mini Program,,,免费将图片变清晰、支持jpg和png格式，照片变清晰，使图片细节之处更加柔和自然不变形。
wxbb064d7635a8efa9,图片合成,Mini Program,,,照片图片合成，多图合成，多宫格，照片图片叠加，人像抠图，长图合成，gif动图合成，合成图片，横图合成，抠图/截图，画画，热门头像生成，头像合成，多照片图片叠加合成，照片图片diy，头像diy，艺术字，粗体字，拼图，头像照片图片编辑，叠图合图
wx193e6a9fa242dc22,图片唯美欣赏,Mini Program,,,手机高清壁纸、ins美女壁纸下载、动漫、二次元壁纸下载
wx50fdf97dc4e90ad6,图片拼接软件,Mini Program,,,图片拼接，图片拼接小程序，图片拼接长图，拼图神器，长图，拼图软件，照片合成，照片拼图，拼图工具，拼图小程序，照片拼图软件，拼图工具
wxfce88aedd13c64a8,图片提取神器,Mini Program,,,图片提取，图片提取小程序，图片提取文字，视频提取，万能提取，一键视频提取器，图片去水印，视频去水印，简单又好用，欢迎体验！
wx4a2654eee2f5a9ba,图片收集,Mini Program,,,图片照片收集打包，活动照片图片收集小程序，班级作业收集，支持班级作业活动图片照片，截图收集打包，文件收集，班级照片收集小程序。
wxa6dd789a6c347b7d,图片文字提取神器,Mini Program,,,图片转文字小程序，传图识字的图文提取器。一键提取图片中文字，文字提取，图文识字，图文转换文字，文案提取免费小程序
wx3d886e8bd185a6bc,图片文字识别-秉智文档,Mini Program,,,免费高精准图片文字识别OCR，可批量识别。支持PDF/长屏截图/数字号码/手写体/繁体/名片，还可翻译/语音，传图识字翻译一键搞定。
wx99b1c7965f015af5,图片文字识别Pro-秉智文档,Mini Program,,,「升级表格识别」图片文字识别OCR，可批量识别。支持PDF/长屏截图/分栏内容/数字号码/繁体竖排，还可翻译/语音，传图识字翻译一键搞定。
wx8efd2c1e60ca7dde,图片格式转换助手,Mini Program,,,在线图片压缩 | 批量压缩 | 证件照尺寸 | 视频转换 | JPG 、PNG 、JPEG压缩转换
wx7d50bb095bac520d,图片格式转换工具,Mini Program,,,图片格式转换，照片格式转换，转png、jpg、jpeg、gif、webp、yipeg等，即刻下载
wx131972c952b2af37,图片清晰高清修复,Mini Program,,,照片修复，动漫高清修复，照片变清晰，证件照清晰，黑白上色，照片高清，老照片修复，清晰度增强，画质增强，图片修复
wx72c9beb6ae234d6c,图片编辑丨欣界,Mini Program,,,修图，照片编辑，图片拼接、裁剪、换背景，致力于创造最好用的修图软件。
wx8948ff10e0287057,图片转GIF,Mini Program,,,图片转表情包，多张图片合成表情包，图片生成表情包，图片转GIF，图片制作动图，图片转动图，动图制作，表情包制作工具，表情包生成器。
wx85781aedb19ac2fd,图片转pdf全能王,Mini Program,,,免费、好用的 图片转pdf工具
wx20a58f30e1567acd,图片转pdf转word 格式转换云助手,Mini Program,,,在线格式转换小程序，可实现图片转pdf、图片转word，图片转excel，pdf转word等功能，全能转换器，多格式可使用
wx1f17b4ad83b2b0b1,图生视频,Mini Program,,,"图生视频,ai视频生成工具,Ai视频制作,Ai文生视频,ai动画生成器,ai做视频,图片转视频,ai图像生成,老照片动起来 Ai跨时空拥抱视频,文字生成视频,照片一键生成视频"
wx248588c78fe8a8e3,图解数学函数,Mini Program,,,"高中数学公式大全，函数图像生成器，函数绘图，函数画图，几何画板，desmos,geoGebra,三角函数，二次函数,反比例函数,数学小游戏,数学公式大全,高二数学公式大全,几何面积体积计算器，数学学习工具"
wxa22399d0d2b82ced,圆陀角游客中心票务系统,Mini Program,,,启东圆陀角游客的票务中心
wx676cc12b01ca3a3c,圈圈乐享出行,Mini Program,,,圈圈乐享出行志在为区域内客户带来便利的出行方式，手机扫码即可轻松助力生活，为广大人民群众带来便利。
wx93985098f145a8be,圈圈阅读馆,Mini Program,,,🔥热门小说阅读小程序，豪门、校园、宫斗、江湖、快穿、纯爱、悬疑、推理等各个分类千万本正版书陪你度过书荒的每一天💋💋
wxe7a5c956098b842a,圈子办公助手,Mini Program,,,AI办公辅助工具
wx3258b6eb95bee0b7,圈子打卡-阅读运动学习活动打卡,Mini Program,,,🔥推荐！好用无任何广告，一分钟搭建活动。企业、高校、社群多人每日阅读运动打卡及训练营视频课程教学，支持自动提醒、数据导出。可发打卡签到、收集图片截图、收作业、考试、群收集、群接龙、群打卡。接龙管家、秒应、群报数、班级小管家、班小二、鹅打卡。
wxc657d4231f4c79c7,土默特左旗人民医院预约挂号,Mini Program,,,医院线上挂号，缴费，查询
wxafb23c412cffcfdb,圣井镇帆诺母婴店,Mini Program,,,桶装水送水，桶装水订水，附近桶装水送水电话，桶装水价格，瓶装水价格，立即送水，预约送水，一键下单，全市送达。
wxb2e636b64ac4bcb0,圣源CRM,Mini Program,,,圣源运营管理平台
wx5d9481edaeb62eeb,圣瑜伽普拉提,Mini Program,,,圣瑜伽约课小程序
wxf7f663a78cbd6203,圣羽瑜伽,Mini Program,,,圣羽国际瑜伽会所
wx6f781852f140da8a,圣贝拉 小贝拉精选母婴好物,Mini Program,,,“新生代家庭的奢选母婴好物”对市面上不同品牌、不同类型的母婴用品多轮测试。一站式购齐高端母婴好物，美好新生，由此开启。
wx069dc1f343db029c,在线考试问卷助手,Mini Program,,,"线上考试问卷答题工具 (免费版), 在线考试答题小程序, 支持选择题, 填空题, 简答题等题型. 在线阅卷批改, 统计考生答题情况,"
wxff21bbb42c21cbd8,在路上OnTheRoad Map,Mini Program,,,旅行足迹地图，记录去过的城市，回看每一年的旅行轨迹，收藏一路走来的旅行记忆
wx8f578f86cff80499,地图出行,Mini Program,,,地图出行，一个兼备城内打车、城际拼车、带驾租车、自驾租车四项业务模块的出行平台，方便快捷，轻松出行。
wxfaa7fef9b01ea4e2,地图小抄大全,Mini Program,,,超自然小抄助手，怪物图鉴，回收物图鉴，道具图鉴，超自然陪玩，买卖交易怪物道具。超自然营地|超自然小抄|超自然图鉴|超自然工具
wx43292e42e47b3737,地图拼拼乐,Mini Program,,,一个涨知识的拼地图小游戏，中国地理、行政规划等拼图，还有各省车牌号、美食、风景名胜、古代建筑、人物、方言、神话等等各种冷知识，适合爱学习的男生、女生们，是一个益智的、答题的小程序。
wxcd20c93f5dc475d1,地图标记工具,Mini Program,,,为你提供地图标记、路线规划、快捷导航等服务
wx3cda1a2e704757b0,地磁暴助手,Mini Program,,,地磁暴监控、极光预报、舒曼共振、极光预测、查看地磁暴、太阳黑子活动、Kp指数、天文通、月相、太阳风、磁场、射线、集成 NOAA、中科院空间环境预报中心、气象局空间天气监测、Aurora、SpaceWeatherLive等数据源的地磁暴监测
wx8f3c9c583c35ebd5,地铁e站官方,Mini Program,,,欢迎使用地铁e站点餐小程序
wxc50220f8d6a723e8,地铁修勾突围,Mini Program,,,修狗全新模式【苏尔南冲突】【异变危机】，在秘密实验基地中，修勾能否在战斗节奏加速下成功卫护苏尔南？【苏尔南之心】传世手枪，巅峰对决一触即发！带来畅快战斗体验。# 地铁逃生 #地铁逃生摸金搜打撒
wx10b93ba575e6c8a6,地铁修猫逃生,Mini Program,,,地铁修猫逃生​是一款以修猫为主角的休闲射击闯关游戏，在地铁逃生体验摸金快感与萌系战斗的反差乐趣。
wxa50403939570a215,地铁智采,Mini Program,,,以北京地铁数字化商业平台搭建集采模块（地铁智采）为基础，引入供应链集成服务商，面向地铁员工个人采购以及内部集中采购。
wxaef9892ea31abf1f,地铁漫生活江城站,Mini Program,,,武汉吃喝玩乐特惠平台
wxd5f75a513aee9fb8,地铁礼物,Mini Program,,,北京市轨道交通运营管理有限公司官方商城小程序，销售公司文化创意产品。
wx63366134e9aec420,地铁英雄逃生游戏,Mini Program,,,一款休闲小游戏
wxd3969cb2fa71cad4,地铁行-地铁信息查询,Mini Program,,,地铁出行神器，覆盖全国多个城市，2026最新地铁数据。
wx43dead9d2e3e6242,地铁趣领水,Mini Program,,,为地铁乘客提供免费瓶装水服务
wxed7fa5dc736a7eb0,地铁跑兑换码,Mini Program,,,地铁跑酷游戏兑换码 👑 地铁跑酷攻略全套 ✅ 交流社区 🔥 地铁跑酷通关攻略 💯 每日福利礼包码 💥小游戏入口 l T0教学丨数据计算器 l 让你少走弯路不踩坑！
wx6003cd3bbeb50e2a,地铁跑酷,Mini Program,,,官方正版，回忆经典，国民休闲跑酷游戏，地铁跑酷！
wx3c546a8c403dae74,地铁达人优选,Mini Program,,,地铁达人优选智能柜的售卖展示页
wx8c5816e1c66242ea,地铁逃生2,Mini Program,,,地铁逃生之校园摸金，#修狗地铁逃生#校园摸金#修狗三角洲#
wx30fda05970dc80a0,地铁逃生吃鸡精英,Mini Program,,,地铁逃生吃鸡精英，热门好玩的枪战射击吃鸡游戏，与敌人同场和平竞技对决，在绝地战场中求生战斗，成为精英战队中的枪王之王
wx52e5a526b3d5bf45,地铁逃生国际服,Mini Program,,,非常好玩的一款3D跑酷小游戏
wxec19c69963595119,地铁逃生小游戏,Mini Program,,,地铁逃生比赛游戏，跑酷竞赛类游戏！
wxa70126a9a64d85a3,地铁逃生搜打撤,Mini Program,,,修狗地铁求生最新版！哪吒套装更新，传世武器爆率上调，点击进入！# 地铁逃生 #地铁逃生摸金搜打撒
wx21d6a20ea861bb89,地铁逃生摸金行动,Mini Program,,,校园摸金，成功逃离
wx635524a4a045cb91,地铁逃生枪战,Mini Program,,,三角洲枪战游戏，地铁逃生战场。拿上武器，行动起来。
wxfffdb51e0567e15b,地铁逃生游戏2,Mini Program,,,地铁逃生游戏，修狗地铁逃生，狗狗地铁逃生，修猫地铁逃生，三角洲，突围搜打撤！
wxdc142aea6c5f23f8,地铁逃生突围游戏,Mini Program,,,一款超好玩的3D跑酷手游！经典修勾地铁逃生，丰富的游戏画面众多的城市场景，快来挑战修狗成为跑酷闯关之星！
wxf78c1b2ecb947aaf,地铁逃生装备小店,Mini Program,,,"千名战神在线服务,价格便宜,服务超高,服务超越9100电竞 KEG电竞 怪兽电竞 困猫游 沈轩电竞 有亩电竞 臭猫电竞 DO护航 ACE电竞"
wx651cf9d5a2bafe21,地铁逃跑少年游戏,Mini Program,,,跑酷闯关小游戏，3D跑酷小游戏挖掘机里腌萝卜快来一起跑酷冲冲冲！
wxeebecda15ae51e20,圳北餐饮供应链,Mini Program,,,餐饮一站式供应链。
wx41f0ed87defe700e,圳惠生活,Mini Program,,,吃喝玩乐霸王餐一折起
wx59621264198bea6e,坐着火车去旅行,Mini Program,,,以铁路出行为主题，包括国内客运铁路线路地图、车站信息、列车信息，还有线路车次密度、车站通达度、列车运行路径、中转换乘推荐等内容，以及国内各主要民用机场及A级旅游景区信息，是乘火车出行、旅游的好助手。
wx43323559d6b3bb0f,坑否丨求职防坑,Mini Program,,,求职防坑6年公益，提供诚信点评甄别好坏企业，i背调，背景调查，黑企曝光，找工作求职避雷，拒绝PUA，整顿优化职场，劳动仲裁，更真实
wx1fb916135195bef0,块块爱旅行,Mini Program,,,环游世界，空中烹饪！
wx439ae5c90bf9d641,坤坤去水印视频提取下载神器,Mini Program,,,豆包去水印，去水印免费工具，doubao去水印，即梦去水印，jimeng，即梦ai去水印工具，抖包去水印工具，douyin去水印，视频去水印，斗豹去水印，干问去水印，百灵鸟去水印，福气满满去水印，思念去水印，金丝雀去水印，去水印，豆包无水印
wx22f7b2ee376d07a1,坤音商城,Mini Program,,,粉丝专属福利、周边商城
wxbbd5d56e716bf86d,埃里克相机I时间切片,Mini Program,,,主营：相机售卖（CCD、胶卷相机、宝丽来、拍立得）；胶卷冲扫
wxece169ef3e2934da,城发攸出行,Mini Program,,,弥勒城发出行志在为区域内客户带来便利的出行方式，手机扫码即可轻松助力生活，为广大人民群众带来便利。
wx0989edbc89b2bd1b,城市地铁通,Mini Program,,,“城市地铁通”是一个每月一更、纯净简洁为了地铁通勤、轻轨通勤等城市轨道交通出行的小工具。目标是提高地铁通行效率，手机即可查图。城市地铁通小程序为个人绘制的线路示意图分享使用，仅个人使用，非商业用途。爱好者电脑绘图分享~
wxec2b2d5aa83dfd1a,城市小能人,Mini Program,,,城市新能源充电官方小程序，快充充电就用城市小能人。开通城市：绵阳
wxeb99456b3c73fdb6,城市建设运营公司餐饮系统,Mini Program,,,城发餐饮系统
wx0f1da61ed2ee8328,城市英雄PartyHouse泛娱乐体验馆,Mini Program,,,城市英雄PartyHouse集潮品玩物、模拟游戏、即兴互动、精彩赛事于一体的泛娱乐体验馆！
wx003cacabdbf31bad,城邸科技,Mini Program,,,城邸公寓小程序
wx506f70054b3e4e8e,城阳源工招聘网 l城阳招聘找工作,Mini Program,,,青岛城阳本地招聘求职找工作平台，青岛城阳企业直聘，信息真实靠谱!青岛城阳找工作|招聘求职更容易!
wxc10734204080fa54,培养儿童好习惯游戏,Mini Program,,,早睡早起、刷牙洗脸、打扫卫生、垃圾分类、爱护环境、遵守交通规则安全过马路、爱做家务，培养良好卫生习惯，提升儿童行为能力；
wx7e09b01579c8ddfd,培瑞税务,Mini Program,,,我们致力于为客户提供高效、精准、全面的税务、法务及财务解决方案，助力企业在复杂多变的税法环境中稳健前行。
wx1ccda3f8f98b3349,基层心理服务人员技能提升平台,Mini Program,,,为心理专业人员打造的一款学习成长和工作平台。
wx54946e455ff8d7ef,基础数学计算工具,Mini Program,,,"支持几何、汇率等多种计算工具。
支持的计算器包括：勾股定理、任意三角形、四边形、平行四边形、菱形、梯形、多边形、圆弓、圆与扇形/椭圆等平面几何；圆柱、圆台、圆锥、棱柱、棱台、棱锥、球体、球台、球缺、球冠、长方体、正方体等立体几何"
wx92fc98726da2c088,基金决策宝,Mini Program,,,基金决策宝：用数据说话，告别傻买傻卖！专业团队严选牛基，匹配投资风格，一键调仓终身管理，力争收益最大化。是您值得信赖的理财助手
wx6e1353f26283f940,基金理财助手,Mini Program,,,理财魔方基金理财助手，AI智能算法系统、基金专家团队助您买卖择时更科学。
wx84732f48e1b8578f,塔内生活,Mini Program,,,塔内生活是一个校园学生公寓服务平台，为学生提供在线充值、挂失、报修等一站式功能，快速解决学生日常使用热水等一系列问题。
wx6d95ff96e5000ebf,塔罗牌AI测试,Mini Program,,,精准AI塔罗牌解读，涵盖爱情、事业、健康，快速获取详尽解析。免费测测塔罗，仅供娱乐。
wx7f8cc412ffcb79df,塘厦镇社区卫生服务中心移动支付,Mini Program,,,用于医保移动支付项目
wx0f19ed4ac6dd410e,境瑜伽普拉提,Mini Program,,,境瑜伽普拉提课程预约、课程评价、会员中心、积分商城、互动交流及技术分享等。
wxcca6b6aebb8ee83e,增城定制公交,Mini Program,,,新公交新体验，出行更便捷！数据与出行，双安全保障。
wxe4508bc275668914,墨迹40天天气,Mini Program,,,全国未来天气预报查询，包含7天15天30天天气、40天天气、长时间天气、长期天气、升温降温、下雨预测、昼夜温差、日出日落
wxc30ae3bc7fb4cab1,墨迹天气,Mini Program,,,让未知，可先知。为您提供专业精准的气象服务与决策指导。
wx2ec68317b5900cb3,墨香经典阅读,Mini Program,,,墨香经典阅读
wx1a19b0ed940bfb1b,墨鱼跑步节拍器,Mini Program,,,跑步节拍器可以帮助跑者建立更好的跑步姿态以及稳定的步频，提高跑步速度和心肺功能，同时还能提高跑者的注意力，形成肌肉记忆。
wx33f89b31ac3cf641,壮丽瑜伽PILATES,Mini Program,,,在线约课，在线售卡
wx523b8fe0f9997ad4,壮智服务云,Mini Program,,,面向高等教育、职业教育教师和学生，提供教材推广、选用、审核、评价，以及校园文化服务、智慧校园建设方案的综合服务平台。
wxa5852260acf9f4b3,声合邦有声学习,Mini Program,,,针对有声领域由声合邦自主开发。内含：名师课堂、习题练习、听力音频、稿件文库、学习圈子一体的学习平台
wx7b0f4d281c60afcd,壹伽瑜伽健康,Mini Program,,,在线约课，线上售卡
wx321042ca7233bdc3,壹号智慧停车,Mini Program,,,中关村壹号停车小程序
wx7186637ee91fdfa8,壹号潮玩娱乐,Mini Program,,,最潮最好玩的项目集合地。进入有优惠。
wxb3192cdcea6e7805,壹心理-初心咨询,Mini Program,,,壹心理旗下低价心理咨询平台，提供低价、安全、专业的心理咨询服务，助你宣泄情绪、疏解困惑、工作压力，回归美好生活。
wx737f1eae56f27a02,壹心理倾听师,Mini Program,,,成为心理倾听师、心理咨询师，壹心理为您免费提供职业规划。
wxbc1b6dc1b9a0899f,壹心理即时倾诉,Mini Program,,,壹心理即时倾诉，由15年专业心理品牌壹心理打造，7×24小时提供专业的线上心理倾诉与疏导服务。严选1000+名具备心理学受训背景的倾听师，满足情感、家庭、情绪及个人成长等议题的匿名倾诉与心理支持，全程采用国家专利加密技术保障隐私安全。
wx4e6fe1e52210d6e4,壹心理咨询,Mini Program,,,心理咨询预约，找壹心理咨询。遵照国际心理咨询标准，严选认证心理咨询师，12年来专注解决抑郁、焦虑、失眠、亲密关系、个人成长等问题。
wx8cfcd6812169c9a4,壹校园生活,Mini Program,,,打造智慧校园生活全场景一脸通行
wxcea029bc3c88d3d7,壹校园视频电话,Mini Program,,,为校园提供家校通信
wx4ed1e458295d7b96,壹点灵心理咨询,Mini Program,,,心理医生咨询预约，选择壹点灵心理咨询。提供亲密关系、家庭教育、婚姻情感咨询、亲子、夫妻、婆媳、人际关系、失恋等心理咨询服务
wxffa487190e522904,壹点灵心理情感咨询热线,Mini Program,,,提供心理咨询热线服务，专注心理咨询、情绪解压疏导、情感陪伴与心理疏导，由资深咨询师1对1在线支持。提供电话语音、文字匿名方式，7×24小时全天候守护，为您解决恋爱困扰、婚姻家庭关系等问题，带来专业、安全的心理咨询体验。
wx7935d64d5f9b4560,壹码星程青少年编程,Mini Program,,,以编程培养逻辑思维，问题解决与创新能力，专注CSP-J/S， NOIP竞赛和GESP考级培养，成就惠州编程教育新标杆。
wx8e6fcffbf991d121,壹站式餐饮,Mini Program,,,佛山市壹站式餐饮有限公司
wx481206c27925303e,壹米出行,Mini Program,,,一米出行志在为区域内客户带来便利的出行方式，手机扫码即可轻松助力生活，为广大人民群众带来便利。
wxadc49b684a2183ac,壹行天下汽车票船票,Mini Program,,,壹行天下是全国道路客运联网售票系统的官方平台，提供全国的汽车票的查询、预订、购买等服务
wxca3bc5169aea2c62,壹购外卖,Mini Program,,,一站式校园点餐平台，搭建专业配送团队，含智能自提外卖柜错峰取餐，避开食堂高峰，干饭更高效，是美好校园生活小帮手
wx4d4d3060fd04dd1b,壽比南山人工智能,Mini Program,,,壽比南山人工智能
wx50d52dbb0e920fe7,复旦中山厦门医院智能陪诊导航,Mini Program,,,复旦中山厦门医院智能陪诊导航系统
wx8d97b0b8ce3c6f8d,复旦大学附属中山医院,Mini Program,,,复旦大学附属中山医院互联网医院，面向复诊患者，提供在线问诊、处方开具、药品配送、在线支付等服务。
wx8d63ca14ac09a2cb,复星联合健康保险展业助手,Mini Program,,,复星联合健康保险公司自主打造的一款销售支持工具，能更好地为业务管理部门、销售管理人员提供便捷高效全面的销售管理服务。
wxfa8667b206a50e39,复联课程备忘录,Mini Program,,,一款个人开发的校园学习辅助工具。主要用于数字化记录课程资料信息与教学风格备忘，协助个人用户参考并科学规划学业路径。
wx8ca8e45874edca39,夏塔旅游景区,Mini Program,,,为游客提供“线上预约、智能导览、实时资讯、便捷服务”的全流程体验。
wx0647f77fcf909c05,夏葳夷健身,Mini Program,,,Hawaii 健身
wx1a5612a0d07d6d4a,夏葵阅读,Mini Program,,,用户可以在小程序中签到打卡，记录自己的签到时间和地点。
wxff75ebb1938e6e81,夏鹰心理,Mini Program,,,夏鹰心理 为您服务
wx82c08c90818c9dff,夕梦阅读,Mini Program,,,热门网络小说，任你挑选阅读~
wxd8733aa718215227,夕阳阅读屋,Mini Program,,,小程序提供在线阅读服务
wx24c8fb8705dce565,外卖领券丨星火同风惠省助手,Mini Program,,,聚合全平台券包资源，每日更新各大平台专属外卖券、团购、超市券、大额神券及各类福利信息。外卖红包每日可领取，吃喝玩乐省心又便捷。
wx3f7c26255e526c58,外研新标准英语点读,Mini Program,,,外研社出品，新标准、新交际、Join In、新启航/新起航等正版外研版教材配套的同步学习平台，小学、初中、高中一站式学习，含教材点读、电子课本、听课文、看动画、练跟读、趣配音、练发音、单词、语法等英语学习功能及名师课程讲解，随时提升英语
wx44ab3fd5a51fe9d4,外研社英语阅读,Mini Program,,,外研社丽声英语阅读官方平台。
wx946a85e727b7b159,多乐够级,Mini Program,,,多乐游戏精品打造，山东人的经典手机够级。
wxfacdb45a4e507a53,多健康药店微会员,Mini Program,,,茂名市多健康连锁药业有限公司微会员小程序
wxd32192ff90a29f02,多哆宝母婴用品,Mini Program,,,【多哆宝母婴连锁】成立于2005年 旗下拥有十几家实体母婴门店连锁  以专业的知识，周到的服务  为您孩子的成长保驾护航
wx24273debf51ea366,多多TXT本地阅读器,Mini Program,,,【小说迷专属】多多TXT免费阅读器，专注本地小说阅读！智能解析TXT编码格式，自动分章排版，支持字体/背景自定义，护眼模式昼夜无扰。秒开超大文件，无广告零延迟。沉浸式阅读体验，纸质质感仿真翻页，让每一本小说都如临其境！
wx6a6a6a4632580d30,多多数学王者赛,Mini Program,,,数学王者赛通过趣味问答的闯关形式激发小朋友的求知兴趣，让孩子在娱乐过程中进行思维拓展，培养宝宝的逻辑思维及解决问题能力。
wxcab56e3a5ca2c5d6,多多电商ROI计算器,Mini Program,,,多多电商ROI计算器是针对电商运营们去开发的一款便利小工具，使用这款ROI计算器，可以让你方便的计算出产品的保本ROI、产品利润、产品利润率等数据。
wx8670cd3b33946696,多彩停车,Mini Program,,,多彩云停，专注于为城市提供智能停车解决方案，融合物联网、大数据、云计算等前沿技术，实现停车资源的智能化管理与服务。
wxc61945d98e493808,多彩实践数字地图,Mini Program,,,长沙理工大学土木与环境工程学院多彩实践数字地图
wxcba3f7802fdf2698,夜听小睡眠,Mini Program,,,夜听小睡眠自上线以来受到众多朋友的喜爱与收藏，是您失眠催眠，哄娃睡觉的好帮手，超人气睡眠辅助小程序，白噪音大悲咒催眠曲助眠曲
wx5023eb8f7d5bce77,夜灯小说,Mini Program,,,微小的故事，大千的世界，细腻阅读体验。汇集各类优秀网文作者，全最新网络故事。
wxbc45ea698b90df69,夜莺酒吧管理系统,Mini Program,,,夜莺酒吧管理系统
wx6f46e23fd183c7b9,够力工具,Mini Program,,,海南湛江够力信息服务，够力奖表app小程序，提供七星彩、排列五开奖号码查询
wx2f84b6be3b9ff939,大三元休闲娱乐,Mini Program,,,提供棋牌室在线预约功能，支持线上支付，支持线上控制线下设备，支持卡券购买和余额充值，为您提供良好的棋牌环境。
wx75890833e4eb4b37,大丰收餐饮,Mini Program,,,大丰收餐饮
wx88677af26af2401c,大临夏招聘,Mini Program,,,临夏州权威的人才招聘网站，致力于为临夏州各企业吸引人才，提供企业招聘，个人求职，兼职等服务， 为求职者提供就业岗位。
wxa6a19c78f3b6977d,大为办公助手,Mini Program,,,大为智能内部办公助手，提供企业日常管理工具
wx1355eabc510f6a85,大举民宿一站式服务商,Mini Program,,,聚焦民宿全域需求！大举民宿一站式服务为您赋能，找合适民宿、解运营难题、省时间成本，省心省力更安心，选对不踩坑！
wx49bb625f295d2329,大众智慧餐厅,Mini Program,,,山东新闻传媒大众智慧餐厅-高效、智能的餐饮新体验！
wx0d3b544e07f86038,大众汽车金融,Mini Program,,,大众汽车金融（中国）有限公司致力于为您提供全面的线上汽车金融服务。
wx734c1ad7b3562129,大众点评美食电影运动旅游门票,Mini Program,,,大众点评是全球最早的消费点评网络产品，并致力于提升消费者的生活品质，为消费者提供值得信赖的本地商家、消费评价和优惠信息，覆盖美食、电影、旅游、酒店、KTV、丽人、结婚、亲子、家装等几乎所有本地生活服务行业。
wxb169996636f801e2,大信税务集团,Mini Program,,,大信税务财税合规智能管理平台
wxac342478ef327eaf,大健康美食工坊,Mini Program,,,大健康美食工坊
wx3ed4854ac3bd51d3,大医一院互联网服务,Mini Program,,,为患者提供在线挂号、在线缴费、门诊报告查询等服务
wx16ed9a8bbb188228,大参林健康,Mini Program,,,大参林医药集团官方网上商城，全国22省10000+门店，提供在线购药、会员权益等多项专业健康服务；买药上“大参林健康”，30分钟送药速达
wxc7a08cdb94df0737,大叔与茶 饮品炸物融合店,Mini Program,,,大叔与茶 饮品炸物融合店
wx716d4893bda93883,大同公交官方乘车码,Mini Program,,,为城市提供公交服务
wxc204754a31d3f831,大同市公共法律服务网,Mini Program,,,老百姓身边的免费法律顾问，法治领域为人民群众提供法律服务权威、全面的综合性网络平台。
wx878f28709698f510,大同旅游景区直通车,Mini Program,,,大同旅游景区直通车提供云冈石窟、悬空寺、恒山、应县木塔、五台山、雁门关等热门景区直通车服务，支持在线购票、实时班次查询、电子验票及导航指引！
wx806a4cd69651c0a6,大同证券官方账号,Mini Program,,,大同证券官方账号
wx7316f460304d5234,大地微支付,Mini Program,,,用于生产环境
wx7cf8540acf687fad,大城县诚信购物商厦,Mini Program,,,大城县诚信购物大厦，线上平台强势登陆，引领大城人民衣食住行！
wx3815e2cd49512b74,大声发共享娱乐空间,Mini Program,,,提供24h无人自助棋牌室服务，欢迎预约下单
wx4acc7cce2e25b59d,大学小帮手,Mini Program,,,大学小帮手
wx4f696a60297e795b,大学掌,Mini Program,,,大学生的掌上云服务平台，传播青春校园文化正能量。
wxc04525023d96e313,大学生体测成绩计算器,Mini Program,,,依据最新大学生体测标准，轻松计算体测成绩！
wx8df0c890844bdc43,大学生求职神器,Mini Program,,,数字化人岗匹配系统，为求职者提供精准岗位匹配服务。根据个人专业、意向地域、薪资等条件，快速筛选央国企岗位，提高求职效率。
wxcf26737e9f1cc0a2,大宁音乐广场,Mini Program,,,大宁音乐广场官方小程序，欢迎参与互动。
wxadec5ff753125fe8,大家人寿客户自助,Mini Program,,,大家人寿保险官方在线服务平台。为客户提供专业、全面的线上服务。
wx13a701115a4acae8,大展教育考试通,Mini Program,,,大展教育考试通为北京大展教育科技有限公司所有，主要服务于建筑从业人员考前在线练题及在线模拟考试。投诉举报：010-85987996
wxea7b16f3b6664b35,大工宁波研究院发票扫描核验,Mini Program,,,大连理工大学宁波研究院发票扫描核验系统
wxe51129e09bb46147,大希室内外一体化智能导航,Mini Program,,,室内外一体化智能导航定位系统
wx68dd48148502d905,大希室内导航,Mini Program,,,大希室内导航可以帮助用户在室内方便的找到要去的地方。
wx15717a4b4ca67327,大庆市政务服务中心,Mini Program,,,网上办事、政务公开
wx4d7b7370701848db,大庆炼化餐饮E站,Mini Program,,,在线选餐、订餐、配餐
wx53cb22875052fdf4,大德药房会员中心,Mini Program,,,大德药房连锁有限公司会员中心
wx0f155ff0bf93d126,大成基金,Mini Program,,,大成基金成立于1999年4月12日，注册资本金人民币2亿元，是中国首批获准成立的老十家基金管理公司之一。
wx82fe8e808b790166,大掼蛋记分器&直播,Mini Program,,,掼蛋、转蛋计分工具
wx2f60a7b40f3828a9,大掼蛋（腾讯）,Mini Program,,,经典江苏、淮安掼蛋，不洗牌掼蛋、疯狂翻倍掼蛋、双人组队惯蛋，玩法丰富。免费好友同玩、随时自建赛事，过A、复试、进贡、复盘，功能齐全。登陆领豆、装扮抽奖、全国赛事，福利拉满。
wxd8d2759d95160a10,大方奢香微帮招聘网,Mini Program,,,大方县专业的人才招聘、求职平台!免费求职!轻轻松松一键发布!更专业!更专注!更高效!
wxbe28fc9329e036a6,大族激光电子商务平台,Mini Program,,,大族的配件商城
wx44324161e7b0b476,大春AI,Mini Program,,,大春AI，把张大春老师“带在”身边。
wx766ebd92fe14b461,大昱丰科技,Mini Program,,,农业信息化监控物联网平台，为用户提供实时有效的科技浏览平台
wx8171f21e8869fb8a,大沥直播电商协会,Mini Program,,,大沥直播电商协会位于佛山，致力于推动直播电商发展，提供培训、资源整合和市场推广，促进会员合作与行业规范化，提升竞争力。
wxfcc34aca5861ea94,大河源招聘网,Mini Program,,,河源招聘网（www.fuqinhr.com）提供河源求职、河源找工作、河源招聘会、河源兼职、河源普工、河源厂工等求职招聘工作。
wxd89a3868a3d7a5cd,大河票务I演唱会音乐节音乐会,Mini Program,,,作为领先的演出票务服务平台，包括演唱会、音乐节、音乐会、话剧、体育赛事等门票购票服务，为您提供便捷、安全的门票体验。
wx236f4c75e1ef0c46,大湾区大学校园卡,Mini Program,,,大湾区大学校园卡
wxec39cad33fa967f3,大潘探房地图,Mini Program,,,本地图为大潘探房房产专用地图，内容覆盖常州（主城区，金坛，溧阳），涉及小区航拍，楼盘分析，价格指导等等。欢迎咨询大潘
wxbd7aa7cefebbfcbb,大熊貓相機,Mini Program,,,主要售賣各種相機周邊產品如菲林，即影即有相紙等，以及二手菲林相機。提供寄賣相機或鏡頭服務，希望能夠方便各位愛攝影的朋友。
wx14997ac569aa63bb,大状师法律咨询,Mini Program,,,大状师测试
wx1cc767e7542b7c0f,大狗叫音乐盒,Mini Program,,,哈基米南北路多，叮咚鸡、大狗叫，享受纯粹的音乐
wx8267341f0be37ebc,大玩怪家庭娱乐中心,Mini Program,,,大玩怪家庭娱乐中心
wxb4c95606b94c2a94,大理公交乘车码,Mini Program,,,大理公交乘车码
wxc15ab46d63c9871a,大理喜辰摄影,Mini Program,,,去拍不被定义的婚前影像~有品 有爱 有温度 所以高级
wxdb71024a795cef73,大理白族自治州财贸学校食堂,Mini Program,,,财校食堂：舌尖上的青春补给站，是师生日常就餐的核心场所，更是校园生活里温暖的烟火聚集地，承包着三餐的味蕾满足与能量供给。
wx6bcc1c3a574e72c2,大番茄电影票,Mini Program,,,特价电影票全国院线低至3折。全国影城，在线选座，多家院线渠道，优惠购票，竞价购买。
wx369f597829ffcbfc,大眼睛票务,Mini Program,,,"大眼睛打造国内专业的票务网和演出订票平台,为您提供各种演唱会、流行音乐会、古典音乐、舞台剧、儿童剧演出官方在线购票服务"
wx699d068ad0b85591,大经CRM,Mini Program,,,大经集团CRM软件是一款专为大经集团打造的客户关系管理软件。它能够帮助企业更好地管理客户信息，提高客户满意度和忠诚度。
wxa3697389d8ed298e,大维饮品茶饮,Mini Program,,,为顾客不断创新、量身定做，提供天然的、健康的、可以喝一辈子的全民饮料。
wx9e409c2a66f01ba1,大美上饶&三清山智慧旅游,Mini Program,,,三清山风景名胜区智慧旅游官方服务平台。
wx0986708c091c2a21,大美共享出行,Mini Program,,,大美出行专注电单车服务，解决用户最后5公里绿色出行问题，为市民提供便捷出行体验
wxc354aea4810b3ea3,大苗执考课程,Mini Program,,,为医考生提供帮助
wx2c2457c8f26b8dbd,大荣出行,Mini Program,,,大荣出行主要致力于为用户提供绿色便捷的交通出行方式
wx1f387cb180985a03,大表哥手作烘培与咖啡,Mini Program,,,可快速点单，在线支付，领取优惠
wx594c9ad9585a3dd4,大豪云办公,Mini Program,,,大豪云办公是大豪公司为内部员工提供的移动办公平台，包括有HR、行政办公和IT等多项服务，方便员工通过手机完成日常工作事务处理。
wx5b96dcc25c939880,大财课程表,Mini Program,,,大财课程表，一个专为大财学子服务的专属课程表管理工具。支持教务系统一键导入，成绩查询、情侣课表等功能。
wxc1a585aef03c0386,大车奔腾客户端,Mini Program,,,基于我公司长期为大宗物资生产企业服务的经验，服务客户，提高效率
wxa794c2a4fcfeb7f4,大连妇儿医疗中心集团,Mini Program,,,预约挂号、交费及远程问诊
wx8d00d47ba42933b5,大连阳光教育,Mini Program,,,“阳光教育”项目让学校的决策过程和管理信息对校内师生和家长等各方透明公开，提高学校的公信力和透明度。
wxe17a4808170f5af7,大都会人寿微保险,Mini Program,,,官方保险商城，精品保险在线购。
wxe26ce54ca7b59eb0,大阳智投宝,Mini Program,,,i阳阳作为大阳智投宝产品体验官，带领各位炒股人读懂财经资讯、巧用智投工具、学习系统课程、了解防骗知识，助您在投资路上稳健前行。
wx2ba287acd90e8d9a,大陈岛旅游官方票务平台,Mini Program,,,本平台为浙江大陈岛开发建设集团有限公司官方票务小程序
wx11a93ae37aba864e,大风外卖,Mini Program,,,大风霸王餐提供福州，昆明，济南，潍坊，郑州，贵阳，上海，北京，天津，南宁，厦门，泉州、莆田等城市大风外卖霸王餐。福建大风霸王餐plus
wx9bbe4ee80826cb24,大鱼英语点读机,Mini Program,,,初中小学英语电子课本跟读 | 英语单词学习 | 英语单词听写 | 英语单词默写 | 英语电子课本点读
wx938b41d0d7e8def0,大麦l演唱会话剧脱口秀体育电影,Mini Program,,,买票上大麦！为你提供演唱会、话剧、脱口秀、体育比赛、电竞比赛、儿童亲子、电影、展览等品类的购票选座服务，满足亿万观众走入演出现场的梦想。
wxa1aa1d76a4be6e46,天一城购物中心,Mini Program,,,天一城购物中心是集购物、餐饮、休闲娱乐于一体的主题购物中心
wx475350ae6ed152b1,天伦之乐娱乐,Mini Program,,,电子游艺中心
wxa6e2256edf83b732,天使办公医排班,Mini Program,,,天使办公旗下医院智能排班系统
wx5e07175b7d7158bb,天使号小火车,Mini Program,,,天使号小火车
wx574b2d38d2f6e04f,天元数学国际交流中心管理系统,Mini Program,,,天元数学国际交流中心管理系统，服务于研讨会和访问学者项目，提供参会意愿收集、行程管理、用车申请及调度等功能。
wxe619d018dee5a284,天全县数字阅读云平台,Mini Program,,,图书馆的自建数字阅读平台，整合本馆移动端在线阅读资源，为读者提供电子书，音频听书，特色馆藏视频等，推广全民阅读。
wx076755f56f61ae39,天勤餐饮服务,Mini Program,,,天勤餐饮服务
wx10581566c224cb41,天友官方商城,Mini Program,,,天友乳业电商官方服务平台，鲜活乳品、现烤烘焙、现制茶饮，新鲜统统都在这里；外卖速达、周期订购、全国直邮，更省心、更健康！
wx22b55a23bd1d8119,天台县房税一键算,Mini Program,,,天台县税务局开发的能用于计算个人房屋交易税费测算的小工具
wx7c33bb3de4c672ea,天和商业购物广场,Mini Program,,,"天和广场作为航空城核心生活区内独有的一站式大型商业综合体,为消费者配套服务,提供全新的生活方式和消费体验"
wx8e22741043dd95a1,天天基金 基金投资理财平台,Mini Program,,,天天基金是上市公司东方财富全资子公司，证监会批准的首批独立基金销售机构。致力向投资者提供权威专业、及时全面的理财服务。
wxc5cff4541d883d8b,天天好大药房会员助手,Mini Program,,,天天好大药房小程序主要用于会员维护
wx296c300e92336565,天天富餐饮臻享,Mini Program,,,银联商务，餐饮行业小程序解决方案
wx409d3cba689246cd,天天数学练,Mini Program,,,数学天天练数学口算练习小程序，数学天天练教材同步自动出题批改，每日巩固和提升数学口算心算能力！
wxa17f8dc6e94b975b,天天母婴优选,Mini Program,,,天天母婴优选
wxe0325a87bc5f0291,天天考勤打卡相机,Mini Program,,,简洁纯净的水印相机，支持自定义水印，可用于现场实时拍照、考勤记录打卡、工程巡检照相、每日水印记录等。
wx22169ce9f6254acb,天天英语练,Mini Program,,,口语天天练|英语口语天天练|天天练单词|天天学英语口语|英语口语天天练磨耳朵|免费英语口语天天练|英语点读|英语单词点读|英语语法|英语句子电子|英语发音测评|口语天天练|英语天天练家长端|英语天天练家长小助手|abc英语天天练家长端
wx928ee2e51b0fd335,天天记工记账,Mini Program,,,记工记账、移动考勤、围栏打卡、工人管理、人员实名制、工效分析的工地神器，为施工企业/班组长/工人提供移动端便捷的小工具，免费使用，无广告，云端备份数据永不丢，项目管理超省心！
wxb322df016ab54bca,天天记账-原万能账本,Mini Program,,,认真记录生活（原万能记账本）！
wxed9cdd0dab0a7be2,天天课程预约,Mini Program,,,课程预约与会员管理
wxb62ce95f9ddc4896,天天课程预约PRO,Mini Program,,,天天 课程预约 会员管理 高级版 PRO
wx42abf1d003159468,天宇食品商城,Mini Program,,,天宇食品专注健康好食材，提供一站式全品类精选食材采购服务，新鲜蔬菜瓜果，休闲小吃，可口饮品，烘焙糕点等应有尽有
wxe91638010acaee77,天工&天软外卖,Mini Program,,,覆盖校园商家服务，打造线上线下一体化的校园服务平台！
wx80d4e420d0651539,天工音乐AI写歌2.0,Mini Program,,,最新 AI写歌，免费 AI音乐，超越海绵 AI写歌，气泡AI音乐，豆包AI作曲，AI翻唱，AI伴奏分离，Minimax AI 歌曲生成、AI作曲，视频配乐，诗词英语儿歌、AI演唱，轻音乐BGM等
wxde91957c6149c02f,天总健康,Mini Program,,,天津医科大学总医院提供的基于互联网诊疗的专病慢病全病程健康管理服务
wx96d27c54c4640658,天方校园足迹,Mini Program,,,为学校老师、学生家长提供校园消费、考勤、门禁等功能的全方位服务
wx0cfe85a0bdb04c92,天气15天精确预报,Mini Program,,,全国天气预报查询，7天15天精确天气预报。24小时每小时降雨预报，数据权威精准，全国可查询。
wx3976df76d739437c,天气15天预报,Mini Program,,,提供15天的天气预报，数据权威，准确，全国所有省市县都可以查到，自动定位用户位置，比使用软件更便捷。
wxe1f8e6eba5977ea4,天气公园商店,Mini Program,,,点单平台
wxaa61a6e9964f5eb7,天气后报,Mini Program,,,天天后报【天气后报】历史天气预报查询，空气质量历史数据查询，专业天气图表分析🌤️。精准查过往气温记录、最高/最低温度、风力风向、湿度、气压、 空气质量PM2.5/PM10，天气晴雨状况，天气后报专属，查历史天气预报就用天天后报！
wx1f5209469b45ddcc,天气实况与预报预警,Mini Program,,,发布气象预报预警信息与天气实况
wxf3e407b158f60b72,天气家,Mini Program,,,天气家，专注气象信息服务，提供精准的全国天气实况与天气预报，让您对天气了如指掌，出行无忧
wx2b422f6350795907,天气星语,Mini Program,,,"精准天气预报，支持实时查询全国天气、小时级降水预报、天气预警提醒、空气质量监测、生活指数建议；
星座运势每日更新，还有每月，今年星座情况介绍；
你的贴心生活小助手，让每一天都有备而来！"
wxb6aefa7703016eae,天气晴自习室,Mini Program,,,天气晴自习室
wx56799943d8e6b4e6,天气服务,Mini Program,,,精准天气预报。天气预报24小时每小时降雨预报，天气预报7天15天30天天气查询，未来30天、40天天气查询。提供降雨提醒和台风路径查询哦
wx156682e64b5415cb,天气生活站,Mini Program,,,实用工具，科技赋能，您的全能天气小助手。实时天气获取，精准定位天气预报，每日天气预报，实况天气播报，老家天气，天气预警，台风预警，台风实施路径，美文祝福。您的智能天气伴侣。
wx9d42d5e21b7c84ab,天气知阴晴,Mini Program,,,天气预报。知阴晴，关心天气和气象，更关心您! 内容包含：天气实况、空气质量、预警等。每日天气推送。天气知阴晴。 city weather
wx919ae17dec205bce,天气说服务,Mini Program,,,知道几分钟后下雨，天气实况播报，出行天气，关心的人天气
wxc8c90fea070e2111,天气过敏指数提示,Mini Program,,,这款小程序能够根据公开的天气状况数据中的PM指数以及植物生长情况，以及其他与过敏有关公开因素的数据，综合评估过敏指数
wxe1de1233f007e27e,天气通,Mini Program,,,天气通采用权威数据源授权的天气信息，拥有国内外多个城市的天气预报和实时天气预警；可查看大城市的逐小时预报及空气质量指数。
wxd4d3033109c9e976,天气随行,Mini Program,,,实时天气预报、24小时天气、未来90日天气、2小时降水预报、台风查询、空气质量、灾害预警、历史天气、钓鱼天气、万年历、星座运势
wx5473403c95dd7d06,天气非常准,Mini Program,,,预报天气预报，提供全国城市实时天气预报、空气质量预报服务。
wx27cf2dc6f6b5de37,天气面包商店,Mini Program,,,售卖面包，售卖甜品，售卖咖啡。售卖好天气，售卖好心情
wxd6b73525286d8c01,天气预报15天版,Mini Program,,,数据来自中央气象局，权威，准确。全国所有省市县都可以查到，提供一个星期的预报，出行更加方便。提供AQI，PM2.5和生活建议。
wxf6d1fb11612a7b31,天气预报管家,Mini Program,,,天气预报，包含天气实况、15天天气预报、空气质量预报、各种天气预警预报、生活助手、农历节气、精美天气预报海报。
wxbcade35bc5ba3004,天气预警快报员,Mini Program,,,为交通、农业、运输、电力等从业人员提供天气预警信息查询和订阅的渠道。预警信息来自国家预警信息发布中心。
wx1b47227d1a01e904,天津三鱼大药房,Mini Program,,,天津三鱼大药房会员商城
wx8a9b3a36395d201a,天津中医药大学校门出入管理,Mini Program,,,天津中医药大学校门出入
wxd2027ba6607f7b62,天津住房公积金,Mini Program,,,该小程序为天津的公积金缴存职工提供线上查询和业务办理服务
wxc04613b424189d63,天津公务员考试,Mini Program,,,天津公考小程序，用于发布各项天津市公务员考试通知公告，为考生提供在线报名、在线缴费、成绩查询等相关服务。
wxda73cfcc032a8f69,天津农商银行,Mini Program,,,天津农商银行官方小程序，为您提供账户信息查询、在线业务办理、预约服务、网点定位等便捷、轻量、安全的一站式金融服务。
wx507bc40e78a97d6c,天津安全生产举报小程序,Mini Program,,,受理天津市生产经营单位重大事故隐患，安全生产非法违法行为，以及涉嫌瞒报谎报生产安全事故举报，依据举报查实按规定给予奖励。
wx3da7531268f5064f,天津左岸摄影,Mini Program,,,1.左岸摄影天津人气写真；2.千百种风格样片；3.海量真实客照；4.在线预约联系拍摄哦！
wx14998cca74c0bb5a,天津市旅游巴士,Mini Program,,,天津交通客运有限公司旗下，客运巴士门户小程序
wx49d8d7dc0bdf49f8,天津市民宿旅客扫码入住登记,Mini Program,,,民宿旅客扫码入住登记入口，通过扫取二维码，自主登记住宿信息，履行住宿人员义务，提升民宿入住办理效率。
wx2d2eb9c6bdc01913,天津市网球运动管理中心,Mini Program,,,天津网球中心场地预定，场馆状态查询
wxa82771f872197525,天津晨驰汽车销售服务有限公司,Mini Program,,,天津晨驰汽车秉承透明车况透明价格一口最低价的经营模式，让客户不在买到高价车丶事故车丶火烧水泡车及暗病瑕疵车。
wx12e08615b315e107,天津贵和购物中心,Mini Program,,,天津贵和购物中心，东临天塔，西接水上，面积为12万平方米。定位都市家庭时尚休闲体验中心，引进具有影响力的人气品牌，打造电力主体街区，带来全新的休闲体验。
wx05bb12eeafa8f2fd,天涯教育,Mini Program,,,天有界，心无涯！
wx48eea1ea40d67ab0,天猫校园 Tmall Campus,Mini Program,,,提供更便捷的校园生活服务让校园学习生活更美好
wx81c4465c0c60074f,天眼Ai校园,Mini Program,,,天眼AI智慧体育通过AI视觉与数据追踪，为学校、家庭与学生提供个性化运动方案，助力科学锻炼、家校协同与健康成长。
wx57cba17e4471d608,天眼三维地图,Mini Program,,,基于直角坐标量算平面地图及三维地图的作业程序
wx9f2867fc22873452,天眼查企业工商查询,Mini Program,,,提供专业的企业信息查询，包括：工商、涉诉、商标、专利、软著、失信、招投标、企业变更与年报等关键信息，保障您的商业安全。
wx7e8d69a6399f5860,天福办公小助手,Mini Program,,,内部辅助办公
wx8e8ebb373c3813a8,天能锂电-交通出行,Mini Program,,,天能锂电
wx2d5895ca002d205d,天蟾票务中心,Mini Program,,,上海天蟾逸夫舞台票务中心
wxc72177a913ae9c9c,天街停车,Mini Program,,,龙湖天街车场快速缴费
wx56e5bbb45a6f2c87,天诚药房,Mini Program,,,天诚药房成立于2005年9月，主要经营范围为中成药、中药饮片、化学药制剂、抗生素、生化药品、生物制品、保健食品、医疗器械。
wxb7c4cfc895ce9df1,天长网招聘,Mini Program,,,找工作，招人才，上天长网招聘！
wx916af304c58aeb12,天门住房公积金,Mini Program,,,天门公积金缴存职工业务办理
wx8dec4c13883dc0f3,天顺网点导航,Mini Program,,,全国10000+征信网点导航，全国征信中心网点一键导航，附近的银行网点导航，贷款计算器，二维码生成器，今日黄金价格，今日热搜热榜
wxbdd38e3713938dd3,天驰绿能出行,Mini Program,,,电动车租电、换电，维修电动车，电动车+电池租赁，共享电池充电、换电、租电的服务提供商
wxd030fe7d9da44dc1,天鼎策略,Mini Program,,,天鼎客户服务
wx13fc3f3c08be166d,天鼎财汇赢,Mini Program,,,天鼎投资证券咨询有限公司，是首批获得中国证监会颁发认证的专业证券投资咨询机构
wxf892018cdfb55227,太仓农村商业银行太商蓝知,Mini Program,,,太仓农村商业银行太商蓝知
wxd4c8c8279dd4c6af,太仓教育数字平台,Mini Program,,,太仓教育数字化平台包括：泛在管理、智慧教学、活力学习、精准测试、智能评价五个模块，打造成全市教育相关的应用软件的总入口。
wx79b57f522976a69b,太原地铁,Mini Program,,,太原地铁乘车码为太原地铁的官方乘车码，通过扫码可以乘坐太原市范围内的地铁。使用太原地铁官方乘车码在太原出行更便捷。
wx6d5fa6fbda62df6e,太平产业办公助手,Mini Program,,,专为内勤及外包用户打造，集成巡更打卡、报事报修、流程审批等功能。随时随地处理任务，简化流程，提升协同效率。
wx225c748bd8d8fc4f,太平洋保险企安芯,Mini Program,,,为企业员工提供弹福自选、保单查询、自助理赔、直付服务、健康管理等一站式综合服务。好福利，有温度，更灵活。
wxb1462814f03ee239,太平洋保险健康险,Mini Program,,,太平洋保险集团旗下健康险公司，太平洋寿险同集团。蓝医保长期医疗险，蓝医保好医好药，医享无忧，百万医疗险，保证续保20年。
wx1ce6f06b5bbc4cf7,太平洋健康险,Mini Program,,,太平洋保险集团健康险公司，蓝医保长期医疗险|好医好药|医享无忧|e享护百万医疗险|保证续保20年；惠民保|终身防癌|税优健康险|普惠医疗险|少儿门诊|锦鲤|重疾险|中高端医疗险产品。提供保单查询|理赔|保险规划服务。太平洋寿险产险同集团。
wx610dff72ea83a011,太平洋电影城,Mini Program,,,线上电影购票，商品及周边购买。
wxc62da17526f8b4d0,太平洋财产保险碳普惠,Mini Program,,,中国太平洋财产保险股份有限公司碳普惠平台
wxea5771d8d24d3a8b,央广购物精选,Mini Program,,,央广购物精选，打造极致性价比的商品特卖直播平台，正品、低价、优质。
wx61e94e498b17577d,央心心理咨询,Mini Program,,,心理咨询cctv央视展播企业，24小时在线一对一专业心理导师倾诉心理咨询平台，帮助您尽快摆脱困扰
wx45c904ef27c6ea8c,头雁项目线上学习,Mini Program,,,为更好推进头雁项目，满足线上学习需求，强化项目指导和管理，针对性地开发课程，提高项目满足度，监控学员学习情况和项目进度。
wx9a1d82a0e399420a,夸克扫描王丨OCR图片转WordExcel,Mini Program,,,扫描全能大师，图片免费生成高清扫描件，导出各种格式。OCR智能识别图片中的文字，图片转PDF、Word、Excel，扫描文件轻松备份分享。
wx186602a5d6bc1b6c,夸父追太阳日日跑步模拟器,Mini Program,,,夸父追日，愚公移山，和自己的影子跑，水下和章鱼跑
wx90eaf665d2cdf2de,奇奇母婴优选商城,Mini Program,,,奇士达：传统大牌熟门熟路，27年筛品无数，家家门店放心入；泊域：高端小众掘先机，细分需求摸得细，品质尖货放心进！
wx1c42233c8c8a8e6e,奇妙编程信奥,Mini Program,,,面向大学生、C++初学者、信竞生和算法爱好者，提供知识点学习、算法题库练习、错题收藏及学习记录等功能
wx7229701296e64047,奇牛编程,Mini Program,,,专注C/C++学习和培训，覆盖C++后端、嵌入式、物联网、工业软件设计、机器视觉、金融开发、军工仿真
wxd01b6f09b86e8678,奈曼旗通兴公交运输有限责任公司,Mini Program,,,城乡公交
wxe661fc988847c2d2,奈绪摄影,Mini Program,,,𝑅𝑒𝑐𝑜𝑟𝑑 𝑡𝘩𝑖𝑠 𝑚𝑜𝑚𝑒𝑛𝑡. 拍摄证件照，登记照，形象照，个人写真等等.
wx462f5796eb44bbaa,奔奔外卖校园服务,Mini Program,,,为用户提供外卖配送订单信息咨询和查询的服务平台
wx2b5ea846807655cd,奕境汽车,Mini Program,,,奕境X9  搭载华为乾崑首款旗舰SUV
wx362eb6b9aa96e875,奕时代大码潮童装,Mini Program,,,10年原创大码童装潮牌每一种身材都值得被关注，每一位孩子都值得被看到。致力开创童装胖工体学设计理念，让孩子成长更无限！
wxa31227f178163c2c,奥嘉科技,Mini Program,,,智慧校园 校园信息化集成 全品类业务汇聚 欢迎咨询创赢奥嘉网络科技知了课表
wx0e8a3341dd622822,奥思兔编程,Mini Program,,,分享编程和信息技术
wx47ea79b8c1f5c210,奥斯汀北京酒店管理有限公司,Mini Program,,,北京泛太平洋酒店拥有220间客房以及近1000平米的会议空间，除3家别具特色的餐厅外，酒店顶层配有琥珀酒廊，站在露台上将故宫壮美景观尽收眼底。除此之外酒店4层还配有先进器材的健身中心及自然采光、可开合玻璃穹顶的恒温泳池，让您放松身心尽情畅游
wx5dc5170a2e31c431,奥本运动,Mini Program,,,奥本运动
wxdfa5bacbe455458d,奥际电影票,Mini Program,,,奥际团体票。
wxb42acd495b2bc9b2,奶叔健康,Mini Program,,,母婴服务、母婴商城
wx34562cac158ec7f9,奶茶日历丨奶茶记录工具,Mini Program,,,奶茶记录，标记不同品牌爱喝的冰度甜度，把奶茶数量可视化！记录每月的吨吨吨奶茶时光~
wx3ec48ea64ad512e8,好与天气,Mini Program,,,简餐甜食饮品
wx256da99552af8b6d,好久不健餐饮店,Mini Program,,,好久不健餐饮服务
wx5fadebcb15a50406,好乐无荒Music官方,Mini Program,,,好乐无荒，一家集音乐制作、唱片营销发行、艺人经纪、综艺IP运营等为一体的综合型娱乐公司。
wxfe81e0aab92b1366,好买基金,Mini Program,,,好买基金销售小程序
wxfa5c12eb4251fdc5,好品盈工具,Mini Program,,,本小程序为益智答题工具，涵盖古诗词、历史文史、生活科普、日常常识、趣味冷知识、文学常识六大合规题库。答错 / 超时题目自动存入错题本，支持题目收藏反复练习。无社交互动、无用户评论，仅提供知识答题休闲功能，帮助用户积累传统文化与生活科普知识
wxc296a1884e38d294,好哒AI收银助手,Mini Program,,,服务商家
wx8a27294e52f7137f,好啡好茶饮品,Mini Program,,,HAOCHA(始于)2019。
wx5d314d668439d533,好多多优选商城,Mini Program,,,好多多联盟
wxda642352ffd5e19b,好天气禅生活,Mini Program,,,组织文化艺术交流活动，食品销售，日用品销售，传统香料制品经营，农副产品销售；
wx2ebf99802a0e2746,好好吃家庭菜谱,Mini Program,,,记录每次下厨的食材、步骤和照片，收藏并分享家常菜谱，随时找回家的味道。
wxd1484059dd0dfef3,好好运动爱生活,Mini Program,,,好生活平台，服务宝武集团
wxa444564fb64cac84,好店生活AI,Mini Program,,,靠谱真选
wx1fe69e518b7b662b,好心情健康,Mini Program,,,好心情是心理医疗和健康的数字服务平台，为用户提供专业的互联网精神心理健康服务。
wx2131aeaf5047602e,好朋友电影票,Mini Program,,,电影票优惠购买平台，每张优惠5-30元。
wx7da0335d3e9abdb9,好未来直播云,Mini Program,,,在线会议小程序
wxc67a26e13f25f8d5,好柿手作饮品,Mini Program,,,用于扫码排队
wx3dfe569e720f8781,好用旅行记账本,Mini Program,,,🌿 多人共享记账，自动 AA 分账，简洁无广告，支持 30+ 外币类型，多种图表统计支出。适用于旅行、团建、情侣、家庭、班费、百事AA、打牌记账等场景。
wx9863330662eca510,好睡派睡眠咨询管理,Mini Program,,,心理健康自评工具，提供量表填写、数据存储、结果查看，不提供医疗诊断，建议有困扰者寻求专业帮助。
wx26aa62191e90655e,好睡眠365畅享版,Mini Program,,,基于CBT-I治疗
wx68689f3d097a7811,好茶饮品店,Mini Program,,,怀集登云大厦好茶饮品店线上小程序，欢迎各位粉丝下单
wxd99442057fb58ee9,好萌猛24小时共享健身,Mini Program,,,用于24h无人健身房的硬件管理和后台数据的统计，还有线上的宣传和销售
wx0f151068fa4270d5,好衣做梦心理测验,Mini Program,,,🔥🔥爆火~  做梦心理，做梦心理人格阴影测试 ，做梦心理性偏好测试，做梦心理性偏好，做梦心理测试
wx811fe1a2ccc3384c,好课万能AI工具,Mini Program,,,AI 聊天能陪聊互动，AI 写作可帮你写文案 / 文章，AI 绘画、图生图能快速生成创意图像
wx417325280465319e,好课程系统,Mini Program,,,好课程系统为专业选课系统，实现高效选课、精准数据，助力素质类课程工作顺利开展。
wx9f60c5b05f73d0d1,好课课程,Mini Program,,,好课课程旗下小程序，用户直播服务
wx773235c2896c68e0,好赞直播,Mini Program,,,超炫酷的直播短视频社交平台
wxc08a171fdfc0ac2c,好郎中大药房,Mini Program,,,好郎中大药房以“儿童之心经营”为核心价值观，提供自选的平价药店模式，同时提供“防，治，养”一体化医药服务。
wxef8f1f122a879cce,好采购餐饮文化食材,Mini Program,,,好采购（湖南好采购食品贸易有限公司）于2016年成立，总部位于湖南长沙，是湖南首家精准定位于湘菜、川菜食材采购的综合性平台。
wx59f08b1fbc0dc8ab,好骑行出行,Mini Program,,,好骑行共享出行
wx805d5b8a1ba2190b,如一咖啡 Ruyi Coffee喜居民宿,Mini Program,,,如一咖啡  Ruyi Coffee
wxc4598d2f57939529,如家华驿酒店预订,Mini Program,,,驿逛汇·华驿全品牌酒店预订
wx03c31360e9628d57,如意潮汐表赶海天气助手,Mini Program,,,赶海、海钓、冲浪必备的潮汐查询工具。覆盖全国潮汐站点，实时查看潮汐、涨潮退潮、满潮干潮、浪高浪周期、风向风速和日出日落；提供赶海时间、赶海指数、潮点收藏、离线查询与到点提醒，助你安全规划赶海、钓鱼和海边出行。
wx7d2461f62d3fa7c9,如新支付,Mini Program,,,星享城尊享支付通道
wx32980085f5b7c09d,如新直播,Mini Program,,,如新 （中国）日用保健品有限公司官方直播小程序
wxbd18831b9da2707f,如梦次元-AI模拟恋爱,Mini Program,,,"情书评分系统,情书分析,情书优化建议,二次元恋人,二次元男友,二次元女友,二次元CP,模拟恋人,恋爱模拟器,模拟男友,模拟女友,模拟伴侣,情侣模拟器,恋人养成模拟,AI伴侣,AI聊天,AI女友,AI男友,AI智能体"
wx5f425ddc091b42ac,如瑜伽约课,Mini Program,,,黄石本土健康运动品牌，致力于打造一个积极向上的女性健康运动空间，让你变瘦变美，科学蜕变。
wx61bf8438d9f3ec6d,如画美甲美睫后台管理,Mini Program,,,如画美甲美睫小程序管理后台
wxa195aeef6ef44762,如盒商城,Mini Program,,,首旅如家旗下官方商城
wx89942138ddbd3094,如祺车辆管理工作台,Mini Program,,,支持车辆租赁业务，收发车等场景一线工作者工作流程数字化系统。
wxe3757ab3f35147fc,如约交通,Mini Program,,,提供广州市公共交通乘车码、实时公交、定制巴士、出租车、充电、加油、汽车救援等全场景出行服务
wx865b182ded3250db,如释瑜伽塑形馆,Mini Program,,,瑜伽课程、形体塑形、瑜伽普拉提
wx10a2af411a48d62c,妇儿睡眠筛查,Mini Program,,,昆山妇幼保健院妇幼睡眠筛查小程序
wx9b98808d91e446da,妈妈壹选关爱健康,Mini Program,,,妈妈壹选会员中心
wxe128af994d2a4328,妈美恩母婴仓库,Mini Program,,,妈美恩母婴仓库
wx6a6528a6a1f65c7a,妍丽丨线上商城,Mini Program,,,妍丽线上商城
wx9fb7b871d273b971,妙手电商存图,Mini Program,,,电商存图，商品图片下载保存，电商主图，详情页图提取保存，商品图保存到手机相册，拿图助手，电商素材提取，取图
wxeb23d54178b9455f,妙用相机,Mini Program,,,中小企业首选saas工具、企业级水印相机、集考勤打卡、防伪、防作弊、开放采集、内部采集、数据统计、电商分销等功能！
wx73163c7bace1750b,妙选商城,Mini Program,,,工厂源头好货 让购物更简单！
wx18e1c0fce70533ba,姐姐视频精选,Mini Program,,,💋💋点这里，进入姐姐视频精选：欣赏各种美女视频~
wxdbca604b03918e1b,姜太公钓鱼天气指数,Mini Program,,,野钓必备，全网最全钓鱼天气、钓鱼指数预测，含夜钓指数、实时指数等，气压、气温、湿度前后7天变化趋势。
wx60237b87c48ce572,威企通,Mini Program,,,威县企业服务中心
wx5b3822bd8a8a8289,威士达医疗,Mini Program,,,威士达CRM小程序
wx083d3928b27356c1,威廉海尼曼分级阅读,Mini Program,,,Time for kids 分级阅读
wx7f6acb48c1f59d93,威豹押运客户服务,Mini Program,,,威豹押运客户服务
wxeb693ad731c96e03,威迪斯运动,Mini Program,,,来威迪斯遇见更好的自己
wxfe04d303c657cb72,娄底公交,Mini Program,,,由娄底市公共交通公司推出，旨在为娄底市民提供便捷的公交出行服务。
wx8bdf6cafb8530986,娱乐数独,Mini Program,,,本游戏是一款休闲益智类游戏
wxa52f90f462d26070,娱乐系统打卡,Mini Program,,,用于人员打卡
wx9c0332090b2aa40f,娱乐至上PLAY FOR FUN,Mini Program,,,休闲娱乐中心
wx306557e6ea448aee,娱乐至上会员,Mini Program,,,向疯狂娃娃的用户提供福利领取、活动预告及展示等信息。
wx12b8a1b750ce8202,娱乐营销素材库,Mini Program,,,娱乐营销素材库每天更新夜场文案素材、KTV订房文案、酒吧订台文案、节日图片海报、高情商聊天话术、朋友圈娱乐素材、有趣搞笑视频。
wx5fa6949406b6476e,婉君瑜伽,Mini Program,,,在线约课
wx61508e6f577a86c5,婚纱管理助手,Mini Program,,,婚纱礼服ERP管理，以及客户预约管理
wx8491da7441f3c84b,婴儿哄睡白噪音助睡眠,Mini Program,,,婴儿白噪音哄睡神器|宝宝哄睡神曲大全，精选胎儿羊水声、长嘘嘘声、吹风机、口哨、海浪、溪水、雨声等多种哄娃白噪音睡眠音乐，30分钟60分钟完整版，可自动播放，能有效安抚宝宝情绪，帮助宝宝进入深度睡眠的好工具。午睡晚睡，都是爸妈必备的哄睡肋手
wx850a4572da00a4b8,婴氏母婴预约,Mini Program,,,为用户提供便捷的预约服务
wxdad01f5cf07ea7ae,婵诚瑜伽普拉提,Mini Program,,,婵诚瑜伽普拉提成立于2015年，是阿汤二级授权导师场馆，Merrithew™客座培训中心，提供专业的瑜伽、普拉提团课、精品小班课和私教服务。
wx6e6d7b09ba078c50,媒匠营销云,Mini Program,,,媒匠营销云
wx6c43344025b5a9fb,嫣然天使基金,Mini Program,,,累积点滴爱意，共同帮助唇腭裂患者改善生命质量。让我们一起，把爱传出去！Let's love！
wxa1ac5c18c71249fb,嬿瑜伽致臻店,Mini Program,,,嬿瑜伽致臻店预约系统~
wx58e3aab8b50a057a,子卿外卖,Mini Program,,,生活用品，外卖平台，送餐服务
wx6be9c37047d38f41,孕婴世界会员俱乐部,Mini Program,,,孕婴世界连锁官方小程序 | 门店覆盖川、渝、黔、云、皖、鄂六省，服务门店数量超1400家。买品质奶粉，就到孕婴世界连锁。
wxb1f6cbd69bd0a49f,存健康药助手,Mini Program,,,【存健康药助手】为“药店从业者”提供效率工具、技能提升、内容互动等各种服务。致力于创造药店会员新价值。
wxc5b47f8ba1482a24,孝感市政务服务数字地图,Mini Program,,,为办事企业和群众提供移动端政务服务业务咨询、事项查询、帮办申请、地图导航等相关服务
wxc7837745b14f48c5,孝昌县政务服务数字地图,Mini Program,,,提供政务服务、在线预约、进度查询等功能
wx21dab0f72efc42c9,季町咖啡点餐,Mini Program,,,扫码点餐小程序
wxda259058ddfaf0d0,学习AI编程SPACE,Mini Program,,,学习AI编程
wxcdb8ee4ca68e6447,学习中心助手,Mini Program,,,好课程，好老师，在线学习，题库练习，在线督学，通关无忧！
wx499b6ac83246ec9f,学习强企,Mini Program,,,为企业的培训、学习、考试等提供软件支撑平台
wxf696d960fc8d7802,学习强矿,Mini Program,,,企业内部员工安全培训，在线学习平台系统
wx10456260aac4c19e,学习站丨专注编程设计教育,Mini Program,,,每年帮助数万学子实现职业梦想，专注前端/Java/Python/设计/软件测试/云计算/大数据/物联网/网络安全/Unity等IT技能培训！
wx54e803b51e80a722,学习计划Plus,Mini Program,,,学生提交学习计划专属工具！老师布置学习计划后，学生即可在线提交。学习计划提交的内容，支持文字、图片、语音和视频。
wxc82ba30b32e47265,学习课程表,Mini Program,,,学生用的课程表。
wx15a2e21af83650b7,学习资料大宝藏,Mini Program,,,小程序提供在线家庭育儿知识在线学习，提高家长自身的育儿知识。
wx1270d65528396351,学习进步大课堂,Mini Program,,,你学习，我送礼。大课堂里有知识，学习还可领好礼
wxd4d88ba11dd56483,学习进步课堂,Mini Program,,,好友一起学习进步和分享的平台~体验过好才会推荐哦~快来一起学习进步吧~
wxa67f3e4771367055,学信网小程序,Mini Program,,,可查询2001年以来国家承认的各类高等教育学历证书电子注册信息（含学历证明书）。
wxa92a7f3d12e85569,学吾优教育,Mini Program,,,学吾优 专注银行招聘考试培训
wx5b480af3c73f466f,学府e生活,Mini Program,,,外卖送得快，就用学府e生活！
wx201c8b4060043236,学摄影好,Mini Program,,,摄影会情报衍生服务
wxe852b2d7008f4f59,学无限电商科技,Mini Program,,,学无限电商科技专注电商行业九年免费教大家直播带货  免费提供货源
wxeb1b59f5d1187d22,学科网学校助手,Mini Program,,,学科网服务开通、账号管理、报表查看、邀请开通等。用于学校管理员自助进行账号和产品管理。
wx72afe1836f30e290,学而思国际在线-原考满分课程,Mini Program,,,考研、留学免费公开课，精品课。
wx53560cbe2f7ad64c,学而思网校活动圈,Mini Program,,,学而思网校名师课程持续开班中~快来领取[邀好友得好礼]限时任务，精选好礼包邮到家!
wx380bf7447c94f66e,学苑美食汇,Mini Program,,,学院美食汇，品质、实惠、地道。一日三餐：充满爱与元气，价格实惠味道好。商务接待：从地方特色到环球美食均可承办。
wxfd8070807003752e,学达云教育,Mini Program,,,专注建筑行业继续教育学习，考前培训，企业内训
wx4c9873aa72bda5f8,学食外卖快送,Mini Program,,,为学校食堂及社会餐饮、商超、便利店等提供线上销售渠道，为学生提供便捷的点餐服务和快速的配送服务。
wx2f03986db55aa9bf,学鲤生活,Mini Program,,,一站式生活服务类平台
wx38c03f55ea0ab651,孩子王l母婴童商品和服务精选,Mini Program,,,专业从事准妈妈及0-14岁儿童商品一站式购物及提供全方位增值服务的母婴童行业零售领军品牌；100%正品，安全放心。
wx15c69c9607a9c845,宁乡市跑步协会,Mini Program,,,全民健身 全民健康
wx1a6dd2ddea03d258,宁化县青少年宫学员课程报名系统,Mini Program,,,宁化县青少年宫兴趣班招生报名系统，里面包括名师介绍、课程介绍、砍价课程等。
wx07f17de221abf18e,宁夏住房公积金,Mini Program,,,宁夏住房公积金
wx9975242d9af117bc,宁夏公共法律服务云平台,Mini Program,,,宁夏公共法律服务云平台是一站式法律服务网络平台，为群众提供优质、高效、普惠的公共法律服务。
wx007a6e444287aa33,宁夏心理健康,Mini Program,,,开展儿童青少年、老年人、孕产妇等人群的抑郁、焦虑、老年痴呆等常见精神障碍筛查和全区居民心理健康促进行动主要指标调查。
wx95c967b2aa8d3894,宁夏招聘APP,Mini Program,,,40万宁夏人都在用的本地平台！
wxf835adebae0b1629,宁夏法律明白人,Mini Program,,,宁夏法律“明白人”小程序
wx85d66854d26f4d0d,宁夏金凤凰电影城,Mini Program,,,各位电影迷的福利来咯，影院不定期举办限时购票等优惠活动，想关注影院动态进入小程序即可。
wxe495a7eaa3b5ea2c,宁夏银行宁e付,Mini Program,,,宁夏银行宁e付线上支付
wx34dccb165750be67,宁夏高速公路发票服务,Mini Program,,,宁夏高速公路通行费用查询
wx9912e1b8f70ca831,宁大康宁医院心理咨询云中心,Mini Program,,,宁波市康宁医院心理诊疗云中心用户端
wx546dbaaf1d317e27,宁大附属妇儿医院心理健康服务,Mini Program,,,宁波大学附属妇女儿童医院心理健康服务
wx4564178ee7665957,宁德市住房公积金管理中心,Mini Program,,,为宁德市缴存职工提供住房公积金各项服务。
wx4283a372375361ed,宁波博润银屑病官方挂号,Mini Program,,,宁波博润银屑病/医院官方挂号平台上线！宁波博润银屑病专科小程序支持银屑病/牛皮癣医生预约、在线咨询等，24小时提供优质银屑病/牛皮癣/白癜风在线问诊服务！
wx22499d6bbc3f1249,宁波市医疗中心李惠利医院,Mini Program,,,提供医院院内导航
wx82beabf2e53ec097,宁波市第二医院院内导航,Mini Program,,,宁波二院室内导航小程序
wx5145461cea43d010,宁波税务社保缴费e点通,Mini Program,,,该小程序覆盖宁波市所有缴费群体，集成操作指南、常见问答、线上缴费渠道、缴费咨询、服务地图等，一站式满足社保缴费服务需求。
wx65bf471a2fdf8260,宁波银行宁来花,Mini Program,,,本月新客首借专享3%起年化利率（单利），最高额度30万，纯线上个人信用贷款，点击即可申请（活动规则以申请页面展示为准）
wxaad37e863eeaa43c,宁波银行易收宝,Mini Program,,,宁波银行易收宝为您提供全渠道收款、高效率清算、多维度对账及多场景开票服务
wxb72c3ce1707855b2,宁湘四喜美食,Mini Program,,,宁湘四喜美食点单小程序
wx3c9143e7e6f01c1c,宁行美好生活服务平台,Mini Program,,,宁波银行面向机构、企业客户专门打造的一站式服务平台。
wx59a7f58c37590cc4,宅東民宿,Mini Program,,,宅東围绕东京核心区打造独栋民宿与酒店，为全球旅居者提供高性价比旅住综合服务。
wx14403342cfa9c46b,宅猫民宿,Mini Program,,,我们的民宿位于常州市中心三堡街片区，坐落于古运河畔。
wxf48e7d925307a39d,宇宙治茶 Go,Mini Program,,,宇宙治茶点单系统
wx71437d9fb30b990e,守兔特价电影票,Mini Program,,,特价优惠电影票
wxbd1cf2cc1241e5f5,守兔票务,Mini Program,,,守兔票务平台
wxb50c552f5a988a57,安云课程,Mini Program,,,内容待定
wxeda486c41f1e1d29,安佑CRM,Mini Program,,,安佑CRM是安佑自主研发的销售业务协同系统，旨在提高集团销售业务能力、提升工作效率、提升客户服务水平
wxff1dd7ba87136ca7,安克商城,Mini Program,,,Anker创新科技产品优选
wx984c8b4c2598e50e,安全员考试宝典,Mini Program,,,安全员考试宝典—建筑三类人员ABC本考试题库！安全员c证、安全员b证、安全员a证、交安三类人员题库 、水安、二建、特种设备等海量习题！全国各省份三类人员最新考题覆盖，通过率高达95%！模拟卷、错题集、视频讲解、一对一答疑，为建安考试保驾护航
wx141972705d3dc842,安全员考试精准题库,Mini Program,,,安全员A证，安全员B证，安全员C，C1，C2证，建筑施工企业三类人员考试考证精准题库免费题库，安管人员考试题库。安全员机考题库
wx20713eae4cb7c02a,安全生产模拟考试一点通,Mini Program,,,安全生产从业人员模拟考试远程资格培训平台一点通。低压电工，高压电工，熔化焊接与热切割焊工作业，叉车司机，起重机械指挥，危险化学品安全管理人员，高出作业制冷与空调，美容师面点师，建筑八大员职业技能鉴定等免费在线理论实操考试操作证书查询报考题库
wx5434c877ab19ff64,安全生产考试学习平台,Mini Program,,,安全生产考试题库，特种作业人员、安全员ABC、八大员、电工证、焊工证、一建二建、道路运输、通信安全、煤矿安全、特种设备作业、建筑施工特种作业、技能等级鉴定、监理咨询消防环境造价工程师操作证报考模拟考试题库刷题练习。
wx8ac0911a75a90375,安医大一附院院内导航,Mini Program,,,安徽医科大学第一附属医院院内导航
wxfbd911046adb41ed,安吉租赁客户版,Mini Program,,,安吉租赁官方小程序
wx43fd8a6b7c8cce79,安培学习系统,Mini Program,,,该小程序是一款集在线学习、课程学习、题库练习、每日一学于一体的综合性学习平台，旨在助力用户系统化提升知识水平与专业技能。
wxc1321f859eb72934,安培网线上学习,Mini Program,,,吉林省安考网
wx04ab75aca259403f,安宝安全学习,Mini Program,,,企业安全培训！
wx50b1441a11349e69,安岚摄影,Mini Program,,,安岚摄影
wx5918780800266ad5,安庆思所民宿KSME,Mini Program,,,思所向 心所往以空间盛放时间褶皱，用光影雕琢生活棱角屋檐下流淌着诗人的月光弧线一半美在自己  一半美在生活
wxb1a660b16a8cb55a,安康在线招聘网,Mini Program,,,找工作，招人才，上安康在线招聘网
wx48367c3c37d1fac0,安徽医科大学第一附属医院,Mini Program,,,安徽医科大学第一附属医院官方小程序
wx82c9073320a51365,安徽省淮北市人民医院智慧导航,Mini Program,,,智慧导视，一键识别目的地，让看诊之路更轻便。
wx43114eb0159250b1,安徽省统一公共支付平台,Mini Program,,,安徽省统一公共支付平台是安徽省“互联网+政务服务”体系之一。实现广大人民群众自主、便利地办理政务服务缴费和非税收入缴款，实现“让数据多跑路，群众少跑腿”。
wx63a0dd7464098156,安徽省菜小皖餐饮管理有限公司,Mini Program,,,中国小碗菜，安徽菜小皖
wx295bad9190c87408,安徽省针灸医院智慧医疗服务平台,Mini Program,,,安徽省针灸医院智慧医疗服务平台
wx34426e6b54edc9ef,安徽税务,Mini Program,,,由国家税务总局安徽省税务局提供的官方预约办税、在线取号、查询办税服务厅信息、办事进度推送等智能化服务。
wx4759a6929119c4d5,安徽税务社保缴费,Mini Program,,,该小程序主体功能为城乡居民和灵活就业人员办理养老保险和医疗保险缴费业务。包含缴费支付，订单查询等功能。
wxfc3144c8c4b68413,安心支付,Mini Program,,,安捷信商会通小程序向协会会员提供了会员申请，会费缴纳及协会活动查询、活动报名等相关功能，并可查询及了解协会最新资讯信息。
wx6e02b3cb761e3b96,安易通AI智能学习平台,Mini Program,,,社区企业三类人员培训平台。聚焦安全员、安全负责人，定制标准化课程、实战化演练、便捷化考核。
wx750de8a6738056a8,安然居装饰企业,Mini Program,,,安然居装饰企业内部SAAS管理系统
wxa6a29a1fdd964eeb,安然臻享商城,Mini Program,,,快手樱花定制高端服饰旗下小程序商城，自有女装品牌“俐莹”，安然的秘密基地，直播间有的、没有的好物都在这里，倾情真心严选高端好物~
wx6fccd678201a3996,安理工微服务,Mini Program,,,安徽理工大学微服务平台
wxacfc39fb00e88377,安监学习题库,Mini Program,,,安监学习题库，广东、新疆省厅指定的特种作业线上学习平台‌。
wx9709cb917075be48,安盛保险丨安盛安美,Mini Program,,,安盛保险，全球卓越保险品牌。拥有全球化丰富资源和10余年本土服务经验。安盛集团位列2022年《财富》世界500强第48位。
wx3d16a22be05d6035,安盟保险易保通,Mini Program,,,安盟财险一站式保险服务平台
wxfefced07ab1799ab,安睡智选睡眠系统,Mini Program,,,用于控制选床系统
wx09913c6574e0a058,安福交通出行,Mini Program,,,安福县汽车站
wx632f62ead7a22c83,安考汇学习,Mini Program,,,安考星【官方】安全生产模拟考试综合性在线学习平台
wx816f25672687094d,安耐糖健康监护,Mini Program,,,亲友共享，温暖守护
wx21aadcb82f6adf6c,安肯心理咨询,Mini Program,,,安肯心理咨询是专业提供心理咨询服务的机构，为您提供家庭情感、亲子教育、抑郁焦虑、睡眠、职场人际等困扰的心理咨询服务及管理服务。
wx6a98d5706803b9fb,安贞医院室内智能导航,Mini Program,,,安贞医院室内导航小程序
wx50e3bc4f3e9e3a1e,安踏儿童会员,Mini Program,,,安踏儿童会员中心小程序
wxdf1ae06c9d80b092,安踏儿童官方商城,Mini Program,,,安踏儿童官方旗舰店，正品保证，退换无忧。
wx4c1c526046105286,安达公交,Mini Program,,,漳州开发区安达公交，数字出行。
wx561ffd1ebb2dfac3,安阳公交,Mini Program,,,安阳公交官方新版小程序，为您提供全方位公共出行服务
wxdf8b1376104c2c2c,安阳地区医院 智慧医疗,Mini Program,,,医疗服务
wx1fb2746b1c61c18b,安阳市文峰区政务服务中心,Mini Program,,,线上预约 少跑多办 到点即办
wx2e912c96bb7d801f,安阳面业厂区导航软件,Mini Program,,,二维、三维展示厂区地图、在厂区内能够实现导航、目的地搜索、导航语音提示等       再增加点咱的功能描述就行了
wx2f3cec4eb30263e5,安顺开发区萨哈民宿,Mini Program,,,安顺开发区萨哈民宿
wx701d4e7cb56ff5ca,安驿科技,Mini Program,,,安驿科技是四川好安驿科技有限公司旗下专属停车充电的品牌，专注专业，我们一直在努力！
wx4b0f4569a3d98851,宋城旅游,Mini Program,,,独木桥旅行社为宋城集团官方售票平台|可在线预定：杭州、上海、西安、三亚、丽江、桂林、张家界、宁乡、宜春、郑州等各大宋城旅游区门票。
wx4f38c167bf05d80b,宋慈睡眠管理,Mini Program,,,宋慈医疗管理有限公司面向老年人提供的睡眠监护小程序
wx469bc4f113930823,完整儿童,Mini Program,,,完整儿童在线是一个专业研发团队，以服务家长、孩子为宗旨的综合网站。
wx081d27880a575cb3,完美校园,Mini Program,,,智慧校园一卡通，学习就业好应用
wx32c397c73e3aa187,宏图导航外业,Mini Program,,,主要功能：针对在工作人员在工作时，对相关人员进行监督管理；上下班打卡、休息打卡、；行车轨迹回显；对相应作业员信息进行监督。
wx9a00051801cd2774,宏安保险销售,Mini Program,,,一家具有独立法人资格的创新型专业保险代理公司，服务体系完善，人员服务经验丰富
wxf21f48c133f04342,宏运公交,Mini Program,,,公司始建于1974年，是一家从事市内包车客运、市内班车客运、城市公共交通客运的公交客运企业，2010年10月由仟坤集团全资收购。
wx2cb31b07d7669e47,宗亿食品科技,Mini Program,,,宗亿食品科技，团购超市
wxfaae7172940c556a,定位水印相机,Mini Program,,,定位水印相机，水印相机，今日水印相机，时间水印，位置水印，经纬度相机，让照片显示位置信息，时间信息，方便工作，记录生活！
wx39cbcbbe57a191b1,定兴直聘丨招聘求职找工作,Mini Program,,,定兴直聘丨定兴本地招聘求职平台-定兴招聘网、定兴人才网
wx31fdd7f5914f2cc3,定西市人民医院医疗服务,Mini Program,,,提供预约挂号，门诊、住院自费结算，医保结算，查阅报告，上门护理等线上医疗服务。
wx9c4e394b15e21434,定边直聘丨招聘求职找工作,Mini Program,,,招人才找工作，定边求职找工作招聘！内容有定边人才网、定边招聘会、定边兼职、定边校园招聘，定边人力资源信息等，求职招聘就上定边直聘！
wxcee8f52950386228,宛美交通政务服务,Mini Program,,,宛美交通政务服务小程序是南阳市交通运输局异地办理事项的办事窗口，在线提供无感审批服务
wx6671797776f030f4,宛美停车,Mini Program,,,南阳投资集团城投停车公司依法取得公共停车资源特许经营权。经营停车场、充电桩、广告等服务内容。
wxf363d10297b4c563,宜兴智慧文旅地图,Mini Program,,,本小程序为宜兴文化旅游地图，展示宜兴文化旅游各旅游点位分布信息
wxb0b96a0b5a7ec412,宜品奶粉VIP客户,Mini Program,,,宜品奶粉VIP客户用于宜品奶粉VIP客户的积分、查询、互动、礼品兑换等各种服务项目
wx70888bdd51ad4522,宜家会员停车,Mini Program,,,宜家会员停车
wxdb7989bf9e9148b5,宜宾医药健康职业学院,Mini Program,,,宜宾医药健康职业学院
wxe3da1357c9063c78,宜当生活,Mini Program,,,本地生活服务平台，打折优惠，福利多多。生活，就是这么宜当。
wxbe69087a2bbfd93a,宜才招聘,Mini Program,,,宜昌招聘网最新招聘，宜昌招聘，宜昌市招聘，宜昌找工作，宜昌人才网，宜昌事业招聘，宜昌招聘信息。每天更新宜昌招聘信息，欢迎关注！
wxc9c611ce5b8a478c,宜护康 母婴助手,Mini Program,,,宜护康助力伙伴
wxf443015799df5596,宜春公交,Mini Program,,,公交乘车码
wxdcd8fbd1b9ebf434,宝可梦卡牌活动管理,Mini Program,,,宝可梦集换式卡牌游戏活动管理系统
wx7eaad8a15767890f,宝坻e聘丨招聘求职找工作,Mini Program,,,招聘求职找工作
wxf1928a3aa85ea588,宝妈库母婴,Mini Program,,,家庭优选尽在宝妈库
wxf9957b83cf7c3085,宝妈库母婴顾问,Mini Program,,,每一罐奶粉都有质检报告
wxf7b42fa146818c9c,宝安中学集团第二外国语学校订餐,Mini Program,,,深圳市宝安中学（集团）第二外国语学校学生订餐系统
wxbfaa7ee6bef80fa1,宝宝喂养睡眠助手-安睡记,Mini Program,,,安睡记，轻松记录宝宝喂养、睡眠、排便等日常照护信息，方便查看宝宝一天的吃睡节奏，智能推测下一次入睡时机，带娃更轻松。
wxc79c35e05487a00f,宝宝巴士奇妙数学冒险,Mini Program,,,奇妙数学冒险
wx53a4ac70709299ee,宝宝数学,Mini Program,,,幼儿学数学，认数字，学数数，数学口算计算练习，宝宝数感启蒙，带语音点读数学简单学习。
wxd3b36ea692bba18e,宝护健康,Mini Program,,,宝护美丽 宝护健康（前一品嘉选）
wx235e7ffd89a3bf92,宝玉来了美食集合店,Mini Program,,,食品销售
wx06f687e92fca6ba4,宝登源茶生活,Mini Program,,,宝登源茶具官方小程序
wx37acde65ea0db559,宝福来儿童,Mini Program,,,宝福来儿童微商城、会员中心
wx8a82500f6f348f74,宝线招聘求职找工作,Mini Program,,,宝坻招聘，宝坻求职找工作、就上宝坻在线招聘网，宝坻全职兼职、工厂招工，本地平台安全靠谱！
wx8579fc9e082680f2,宝臻母婴生活馆,Mini Program,,,宝臻母婴生活馆
wx3e4ecaa836bf4647,宝葫芦茶食铺,Mini Program,,,喝甜胚子，到宝葫芦
wxd796aacc80c00348,宝贝壹选优客户系统,Mini Program,,,优客户，有客户，帮您掌握好自己的客户。
wx102787679e5e0fce,宝贝天下母婴,Mini Program,,,母婴家庭的成长伙伴！严选全球优质好物，会员积分可兑礼品，从孕期到育儿全程贴心陪伴～
wx7b1fc186bf2e8226,宝贝百分百全家营养母婴生活馆,Mini Program,,,宁夏母婴一站式服务连锁机构
wxe9bc31763c55724d,宝贝走天下儿童户外活动,Mini Program,,,我们的定位：儿童户外活动专家。我们的使命：影响中国亿万儿童走出父母溺爱，探索属于自己的世界！
wx733cccb777ce0031,宝马保险助手,Mini Program,,,宝马经销商保险助手
wx8793b8fe353bcf51,宝马汽车金融,Mini Program,,,宝马汽车金融（中国）有限公司致力于为您提供完善全面的贷款服务。
wx58774bbe5cd15ebb,宝骏汽车,Mini Program,,,宝骏汽车
wxf9179a35a9b0142d,宝鸡公交,Mini Program,,,宝鸡市公共交通有限责任公司
wxb1e9c102671ecfb6,实习僧一大学生实习校招求职平台,Mini Program,,,实习僧是专注实习、校园招聘的垂直招聘平台，致力于为大学生提供最全的实习、校招等工作信息！
wx9bacb0398de6205a,实时公交道行龙城,Mini Program,,,响应用户的需求，更方便了解公交的实时位置，提前做好出行选择，提供更好的便民措施。
wx26324a997c2e2db8,实时天气预报pro,Mini Program,,,天气预报，实时天气查询，全国15天天气预报实时精准查询，可查看实时天气、温度、空气质量、生活指数等，是您最贴心的天气查询小助手
wx1941778b13354786,实时经纬度相机,Mini Program,,,"免费经纬度水印相机，元道经纬相机/马克水印相机/拍刻水印相机，今日水印相机时间地点定位考勤拍照打卡,真实水印相机,现场拍照工程记录水印相机，水印大师"
wx05fc86643009f6b2,宠爱娱乐中心,Mini Program,,,宠爱娱乐会员系统，可报名参加活动。
wxb629ea496e86b8df,宠物心肺复苏认证考试,Mini Program,,,日本宠物基础生命防灾学会
wx4ed6565627b41e0c,审批OA宝 OA办公系统 小裙科技,Mini Program,,,请假审批、报销审批、用章审批，OA办公系统。
wx5b5a8efde65a74c1,审核员考试助手,Mini Program,,,CCAA审核员，系统化学习及备考助手；知识点图谱、考试智能缺陷分析、精选题库、真实考场模拟、科学预测备考通过率。
wx0cd3efba10a74b50,客如云服务,Mini Program,,,客如云服务
wxf99a255ba9d9055f,客如云服务cd,Mini Program,,,客如云餐饮收银系统点餐支付使用
wx1772b580e487771d,客如云点餐服务,Mini Program,,,客如云平台点餐服务
wxefbb37d2dac89620,客户登录,Mini Program,,,租客登录
wxbc2902d1a5d94f44,客户通CRM,Mini Program,,,客户管理利器，跟进、销售、回款、提醒、团队协作。
wx01a175ff8a8071fb,客易家具电商ERP,Mini Program,,,客易家具电商ERP供应商端协同小程序
wxa56f19099a4c0667,宣力电商客户端,Mini Program,,,新疆宣力环保能源股份有限公司电商平台客户端小程序
wx3298c24f59aaaf62,宣武医院营养订餐,Mini Program,,,宣武医院营养膳食部以提供优质膳食服务为宗旨，负责住院患者的营养订餐及配餐，满足病人的膳食需求让大家吃的舒心、放心、可心。
wx590ba94079d5a839,室内3D地图导航,Mini Program,,,室内3D地图导航
wxdce9eff5aa12cd8c,宫神星盘丨星座塔罗心理疗愈,Mini Program,,,性格测试，心理测试，冥想疗愈、树洞、解忧娃娃、行星日历等很多好玩的，还有精美周边用品商城，大家都来测测吧。
wx2277f123ddd1a463,宫诺健康商城,Mini Program,,,宫诺是长沙恩邦生物科技有限公司旗下品牌，源于古代宫廷养生理念。
wx1a49e377b265cee5,宫鼎茶GOOD IN CHA,Mini Program,,,清新茶香，印象安顺。
wx1457723990988350,家乐菜谱库,Mini Program,,,家乐菜谱库 - 联合利华饮食策划专业菜谱库 5000+ 道专业厨师菜谱免费使用，涵盖八大菜系、家常菜、宴客菜、外卖爆款。✅ 专业配方 ✅ 步骤详解 ✅ 成本计算 ✅ 爆款菜品 ✅ 时令推荐 ✅ 方便收藏  帮主厨选好菜，帮餐厅算好账！
wxc1856779d5c975b3,家乡通招聘 本地找工作招人才,Mini Program,,,家乡本地找工作、招工、找人才，就上家乡通招聘！本地真实靠谱的招聘求职平台，提供本地全职招聘、兼职零工、企事业单位招聘及招聘会信息服务。信息将同步城市通APP平台展示。
wxc7d2378799c78b63,家加宝母婴用品连锁,Mini Program,,,家加宝---您身边的母婴综合服务专家。
wxf00e97786483653c,家味菜谱-家庭餐食规划,Mini Program,,,"为家庭设计的菜谱工具，记录拿手菜、AI快速生成完整配方、全家共同规划餐食，让菜谱不会丢，让""今天吃什么""不再是个难题。"
wx28e71cfa1db67d60,家味魔方家常菜谱-今天吃什么,Mini Program,,,帮助用户自动生成菜谱
wx503b6d686c219a45,家常菜下厨菜谱大全,Mini Program,,,家常菜菜谱大全，食谱大全，菜谱大全，做菜大全，菜谱家常菜做法，食谱家常菜谱，精选家常菜，美食菜谱大全，含菜谱随机选择小游戏；快来一起下厨烹饪学习做菜大全，掌握美味佳肴吧
wx995a50e57e6a0057,家庭菜谱点单,Mini Program,,,今天吃什么、美食不纠结、随机点菜、吃饭不纠结、不知道吃啥、随便点个菜、家庭吃什么、家庭菜谱、一日三餐吃什么、简单快手家常菜、懒人菜谱、随机推荐菜品、全家爱吃家常菜、新手零失败菜谱、不知道做什么饭、家常小炒、随机选菜神器、家常晚餐推荐。
wx6d15138747d88d03,家庭记账本I随手记,Mini Program,,,超便捷账本记账小程序|家庭开支记账/日常记账/攒钱记账/共享记账。2亿人信赖，是日常必备的专业账本记账工具
wx2c6844ec9d20d089,家庭餐食菜谱助手,Mini Program,,,功能包括：上传菜谱，制定餐食周计划，管理待采购食材，菜谱管理，是家庭饮食规划的得力助手。
wx065894729b9ee7c0,家的小菜谱,Mini Program,,,记录库存食材，匹配可做菜谱，家庭内部点餐。今天吃什么？输入家里现有食材，自动匹配能做的家常菜谱。全家共享冰箱库存、家人点菜
wxc2656ec77e6552b7,家账本-家庭记账,Mini Program,,,家账本：免费家庭记账理财工具，适合夫妻记账、亲子财商培养等家庭共同记账场景。支持个人记账、家庭共享账本、账单一键导入导出、家庭财务分析、自动同步，云端加密不丢账。搜索关键词：家庭记账、夫妻记账、免费记账、预算管理、家庭财务、多人记账、财商
wx47ed2a5f460c06a2,家银数字金融平台,Mini Program,,,家银数字金融平台是张家口银行推出的数字化金融平台，致力于为用户提供优质的贷款服务，方便快捷、安全合规！
wx69a398aeb57aafe0,家银易支付,Mini Program,,,张家口银行收款产品“家银易支付”。
wxdcf24dd1acd6c132,家长小孩数学小助手,Mini Program,,,数学速查、口算与应用题练习、错题自动归集、每日任务，附家长参考提示。孩子自主学，家长看得懂、能陪练。
wxd8a79383a44703ae,家音顺达视频通讯,Mini Program,,,家音顺达视频通话是家音顺达数据科技有限公司为解决校园无手机通讯而研发的一款小程序。
wx9f476cac3a955108,宿州市税收法治主题公园,Mini Program,,,春风税韵·宿州市税收法治主题公园是安徽省首家税收法治主题公园，位于宿州市埇桥区人民路与沱河路交叉口东北侧沱河景观带南岸。
wxb40b3468755b9dbd,宿州掌上云公交,Mini Program,,,公交实时查询
wx99e154abf731c060,寄件费用,Mini Program,,,聚合快递平台
wx97438aa5ed566b4b,寄远舟联赛工具,Mini Program,,,比赛报名，排表工具
wx61666a72eb8d5252,富国基金,Mini Program,,,富国基金小程序，为用户提供基金资产查询、账户查询、客服咨询、会员权益领取的便捷服务。
wx99ebc36d387522d1,富多多餐饮食材网店,Mini Program,,,富多多餐饮食材
wx26f17c751bb221c1,富德生命客户管家,Mini Program,,,富德生命管家
wx708df3a99af687f5,富德生命营销员服务,Mini Program,,,富德生命人寿营销员绑定业务员工号后能够进行薪资预警数据查询、考核预警数据查询以及名下保单数据查询
wx7486b2f193c911da,富来喜饮品汇,Mini Program,,,本公司是上海市桶装饮用水生产厂家，同时经销农夫山泉，雀巢，娃哈哈，景田，正广和饮用水服务，欢迎选购。
wxfc438f4477ef74e3,富民微金融,Mini Program,,,富民微金融
wx5c50204202792f14,富民银行个人金融,Mini Program,,,富民银行成立于2016年8月，是中西部地区首家获批开业的民营银行。
wxd7d75ba51f35b004,富民银行小微金融,Mini Program,,,富民银行成立于2016年8月，是中西部地区首家获批开业的民营银行。
wxd2fe82c1415c8d02,富海客户服务,Mini Program,,,富海客户服务中心，提供自助排队、排队查询、信息录入等功能。
wx127f4993f7a0e83e,寝安睡眠助手,Mini Program,,,睡眠小助手，守护解决你的睡眠小难题
wx7a88b2c73a9ba4b7,寝室外卖,Mini Program,,,寝室外卖
wxbc480bcf28f34c2f,对接名人名人直播,Mini Program,,,对接名人提高资源精准对接领域的生产力
wx2b98b6ac33dac91f,寻找孙十万抽卡数学模拟计算器,Mini Program,,,孙十万是著名三国游戏抽卡爆率最低的卡牌的代表。本小程序是基于抽卡模型数学预期管理和分析的小程序。便于用户建立正确的期望值。
wxdc098375ba4d1782,导师端CRM,Mini Program,,,公司内部员工管理使用
wx34326385f0449aec,导航道安,Mini Program,,,道路安全学习
wx28b5e421cb0ac3e3,导购员管理系统,Mini Program,,,导购员管理使用
wx984d3f0d91246946,将记就记账本,Mini Program,,,"个人开发者制作的数据记录和查询工具,用于个人日常收支记录的数据统计及可视话展示"
wx5583b814e0790834,尊享健身,Mini Program,,,ENJOY尊享健身
wx8185b67287a33cde,小7运动,Mini Program,,,小7运动
wx704b536bb3a73123,小AI绘画,Mini Program,,,"ai绘画,手搓p,画画,绘画教程,p值,免费体验"
wx776864f574d93e7c,小K生活,Mini Program,,,佳兆业K生活，做生活的king！
wx29af3dcf5c2708c2,小Q跑步配速器,Mini Program,,,分享经验
wx7a88915026b0e4c8,小万出行ETC,Mini Program,,,ETC相关业务办理
wxf99277a39e3b4e35,小主母婴,Mini Program,,,会员服务
wxe1cb037d2ec9704d,小乐川,Mini Program,,,小程序点餐
wx627b53e1a133c507,小书包网盘,Mini Program,,,小书包搜索网络共享资源
wx3ba5a6c1a363f388,小书桌阅读打卡,Mini Program,,,小书桌阅读打卡是一款培养定期阅读习惯的工具平台。 为个人，老师，家长，出版社，等提供了阅读交流，自我监督的解决方案。
wxc913eabf9cdb7cbe,小云睡眠智能监测,Mini Program,,,专注睡眠场景下的人体生命体征监测与健康管理
wxb2aceaa6f2f11cf0,小云课程表,Mini Program,,,课表、调课、签到、作业、课件、提醒，一站式搞定校园学习。
wx91b84158db290576,小伊仔母婴零辅食,Mini Program,,,宝宝的贪吃小站
wxbda08be0233841ff,小伴课外阅读打卡助手,Mini Program,,,学校班级阅读打卡小程序，儿童阅读习惯养成帮手，可文字、图片、语音打卡，更有勋章、排名、积分等工具，助力提升兴趣养成良好阅读习惯。
wxe1dd52002366d225,小兔校园外卖,Mini Program,,,我们是提供送餐到寝服务的小兔子～
wx8a1885ee2b582108,小兜记账,Mini Program,,,日常记账本小程序，多人共享记账、木鱼AA记账、家庭记账、公司生意记账助手、班费记账、旅游记账。
wx9ec93257ac2c2076,小初的菜谱,Mini Program,,,菜谱随手导入、随手查阅，支持快速筛选，边做边看，让你做饭更顺手。
wx3d579b28c290b436,小包公法律AI,Mini Program,,,您的随身法律专家，基于法律大模型结合亿级司法数据，提供即问即答的法律疑难解析、合同审查、合规风控、法规案例检索，为法律从业者、企业与个人提供高效、精准的法律支持。
wxb5ed850b47bcfa6b,小区楼号分布地图,Mini Program,,,小区楼号分布图  无广告更清新。帮助骑手查询附近楼号、卫生间、骑手驿站，更有海量换电优惠、权益保障、现金任务可领取！！
wx97eb52a8f7ab4631,小厨房家常菜谱,Mini Program,,,精选下厨房菜谱，香哈，美食杰众多菜谱，最简洁的家常菜谱，没有重复的菜，简单易做
wx837b6611bf464996,小厨神菜谱,Mini Program,,,今天想吃啥，看看菜谱吧。
wxda71abf277bb6c3d,小咖咖啡,Mini Program,,,您身边的精品咖啡馆，五年深耕咖啡行业，现磨萃取更好喝，私人定制口味，纵享优惠价格，让你每一天，随时随地，小咖一下！
wx5c4c6d20e1652c69,小唯娱乐空间,Mini Program,,,小唯（小V）娱乐，全新AI智慧KTV，歌曲超百万，JBL音响超大牌，酒水可自带，AI潮流玩法震撼来袭!
wxe9249adc341fb55f,小唱娱乐乐享版,Mini Program,,,K歌娱乐嗨不停！
wx8e5a4adb3bd91f56,小唱娱乐快享版,Mini Program,,,K歌娱乐嗨不停！
wxfd18331fed2fcd31,小商AI导航,Mini Program,,,义乌国际商贸城实体市场找商找品找服务，智慧导航导购极速抵达店铺，面对面谈生意。
wx2537e0445d693e83,小塔停车,Mini Program,,,小塔智慧车库为业主提供人车识别智能系统，24小时监控系统。为您带来更安全，更便捷的人脸识别无感进出非机动车库解决方案！
wx278283883c249e3e,小塔出行TowerGo,Mini Program,,,铁塔能源公司为用户提供共享电单车出行服务
wxc71400b78a793dde,小天新能源,Mini Program,,,该小程序专为俩轮电动自行车充电服务
wx9faed6caa77320cb,小天钠锂,Mini Program,,,"小天钠锂是一款智能微信小程序，通过蓝牙连接，实时查看电池状态数据，包括电量、温度等信息,提供电池健康报告和预警提示。"
wxd56eb1b3b99e5cf0,小奔运动,Mini Program,,,智慧体育、智能跳绳、智慧跳绳、智慧跑步、跳绳跑步、AI锻炼、体育作业、赛事活动、天天跳绳帮助学生培养良好运动习惯，有效提升体质健康！
wxb38616a41b9a910a,小学数学出题器,Mini Program,,,小学1-6年级数学题出题器，可自动生成A4纸方便打印，含10以内加减法，两位数加减乘数发，数混合运算，分数计算，三位数加减法等
wx48069055c68ed1e2,小学数学口算宝,Mini Program,,,小学口算出题，实时生成口算题目，在线练习，在线PDF生成和打印
wxe40b1a6caa13aa4b,小学生数学报快乐思维营在线闯关,Mini Program,,,“小学生数学报快乐思维营在线闯关”将进一步激发广大小学生的数学学习兴趣，促进数学思维发展，培养良好的学习习惯和意志品质。
wx29b6e4cf6836d88d,小学英语教材点读同步,Mini Program,,,小学英语同步教材点读，同步2025年新英语教材，提供中小学英语同步教材电子课本点读、单词听写、课文跟读等功能，支持主流教材版本，如人教版、外研版、译林版等。通过智能语音评测和趣味互动，助力孩子轻松学习英语，提高应以学习成绩！
wx6674587480bba8c4,小学英语点读,Mini Program,,,小学英语点读，中小学教材课本点读机，帮助孩子同步学英语、同步学语文。涵盖人教版、沪教版、译林版、教科版、鲁科版、北京版等正版英语教材课本点读。更有自然拼读、国际音标、趣味配音、单词PK、语文生字等相关内容。
wxe8bc28a08f22a09c,小学英语点读金太阳,Mini Program,,,🏆🏆🏆小学英语点读小程序，正版教材同步学英语，听说读写演练一体化，助力孩子100%掌握课本内容！涵盖人教版、沪教版、译林版、教科版、鲁科版、北京版等正版英语教材课本点读。更有听课文、背单词、趣味游戏等多个辅助英语学习功能，家长辅导更轻松!
wxa8f37c8506f08f7b,小家菜谱,Mini Program,,,个人生活记录
wxbd5c9bd0e45e046b,小小包麻麻商城,Mini Program,,,一起做中国最会买的妈妈
wx8d1333ec064c702e,小尚服装生产助手,Mini Program,,,本小程序是服装加工计件的小程序
wx43dab5233fa2a706,小强停车,Mini Program,,,小强停车（杭州甲虎科技有限公司）是中国网约停车旗舰品牌，已覆盖200＋机场、高铁站、医院等场景，累计为用户节省停车费达15亿元。
wxc10e41ea3f753dd4,小彼恩阅读推广,Mini Program,,,以热爱联结阅读，用分享共创事业，零库存零风险推广儿童阅读产品，通过内容与信任推动品牌传播，用阅读点亮家庭！
wx93da7fa557c2dbda,小怪物母婴团,Mini Program,,,感谢宝妈们的关注小怪物母婴团，只做日本正品
wx884f9c1cc80b247f,小悟生心理,Mini Program,,,悟生科技旗下心理咨询、心理咨询师培训的小程序。
wx1d7566b557bd28e8,小抄地图,Mini Program,,,超自然行动组小抄！最新最好用的小抄地图工具，赶紧来试试吧
wx0fa86f3411ad81da,小拉出行,Mini Program,,,打车不用比，小拉真便宜
wxc6637333d6d8ad8f,小摊天气通,Mini Program,,,"为摆摊、出摊、地摊、夜市摊主打造：分钟级降雨预报、48小时天气趋势、风力与官方预警，自动给出""适合/谨慎/不建议出摊""判断，少白跑一趟、不淋货。还有今日方位、出摊日历和摊友早报。"
wxb73b7016ade80195,小时工记账本,Mini Program,,,小时工记账本是一款适用于小时工、临时工、兼职等人群记加班工资的小程序，用户只需输入小时工资、并选择工资时长，即可算出当日工资。
wxbe24001704c4509f,小明的打卡相机,Mini Program,,,打卡相机；水印相机；工作相机；时间地点水印相机；工程水印相机；真实时间，真实定位，防篡改时间，防篡改定位，真实定位打卡信息。
wx330adb0dcac0e94a,小明课程表,Mini Program,,,独立教师课程管理系统
wx0bce205dabc1b66b,小昜工具箱,Mini Program,,,小昜工具箱，Yang昜工具箱（曾用名：木易工具箱、木昜工具箱）旧版小程序，功能迁移备份。
wxf1f830f10d2dbbdc,小智用水,Mini Program,,,智慧用水，节约用水
wxed7eef0a2f8ade95,小智相机助手,Mini Program,,,小智相机助手是由深圳前海华夏智信数据科技有限公司精心打造的用于车牌识别相机的参数调试工具
wx31798a69629e381a,小柚外卖,Mini Program,,,为同学们提供更好的校园外卖平台。
wx90cf398bd92df218,小柚工具箱,Mini Program,,,视频转mp3，无水印视频图片下载，去水印，视频音频提取，有声动图视频下载，视频压缩，视频高清，视频镜像旋转，视频动态图GIF转换，视频格式转换，音频格式转换，上下分屏视频，图片压缩，图片高清，图片改尺寸，图片格式转换，图片拼接合成
wx256f2e4248bcb051,小查生活,Mini Program,,,美好生活、吃喝玩乐，休闲娱乐！
wx924b74de61f8c976,小树分级-时文分级阅读,Mini Program,,,小树分级阅读(儿童英语新闻) Leveled News for Kids。精选儿童科普、外语外刊、raz、ssp、news、阅读营、广播听力。改写为分级科普绘本、英文新闻、日报报纸、少儿时文。ket、pet备考。为孩子打开认识世界的窗口
wx22fd4ba1870645ba,小桔企业充,Mini Program,,,小桔企业充为小桔充电企业版，为企业车队司机提供充电业务
wx28363819130a0014,小欧AI编程机器人,Mini Program,,,通过AI编程实现功能
wx7997249c04edb3a1,小步运动丨健康步数,Mini Program,,,开启运动步数，跑步打卡和排名，企业步数统计，下载运动步数排行榜（Excel表）
wx9aef156ec0c14f7f,小汇发票夹,Mini Program,,,通过扫描发票二维码、拍照识别发票、导入发票，将发票添加至发票夹。并可查验发票，以及将发票数据推送到下游系统，进行后续业务处理。
wxdeeb89f43e8ee88d,小润智慧出行,Mini Program,,,小润出行是一款无桩共享智能电单车租赁APP，为用户带来便捷的出行方案。
wx85ab51b7823abe33,小火车同城,Mini Program,,,用于本地同城生活中设备的维修报修和预约维修，以及紧急救援
wx2f6445a437d1f8df,小火车和你,Mini Program,,,上海市域铁路金山小火车金山铁路时刻表查询。
wxc11160e0e0b11f0c,小火车打僵尸,Mini Program,,,一款好玩的休闲小游戏
wx9c9443c8095f7886,小火车时刻表,Mini Program,,,金山铁路时刻表，金山线时刻表，小火车时刻表，专为市域金山铁路提供车次时刻表信息查询。金山铁路（金山卫—上海南）俗称小火车，共设9站：金山卫、金山园区、亭林、叶榭、车墩、新桥、春申、莘庄、上海南。连接上海中心城区与金山区的上海首条市域铁路。
wxd83d8c1038e1e6ee,小火车时刻表Pro,Mini Program,,,金山铁路时刻表，金山线时刻表，小火车时刻表，专为市域金山铁路提供车次时刻表信息查询。金山铁路（金山卫—上海南）俗称小火车，共设9站：金山卫、金山园区、亭林、叶榭、车墩、新桥、春申、莘庄、上海南。连接上海中心城区与金山区的上海首条市域铁路。
wxc3636aa20bcf75d3,小火车查尔斯游戏,Mini Program,,,查尔斯小火车游戏，是一款火车大逃亡冒险游戏！
wxfb828469ac641c9a,小灶菜谱,Mini Program,,,每天推荐家常菜谱，快速做饭，好好吃饭
wxaef7b4069cfeb888,小熊校园丨外卖美食跑腿校园圈,Mini Program,,,小熊校园生活圈专注打造智慧校园生活圈。
wx6f1d020a1edb9c86,小熠停车,Mini Program,,,同城停车，快捷停车。
wx586d7b59107df99b,小燕子饮品咖啡店,Mini Program,,,点单平台
wx6d7b010411320963,小爱智能签到,Mini Program,,,商k人力资源管理标准的创导者，☎服务热线：18907080399
wx25f0702656b99511,小狄学苑,Mini Program,,,小狄学苑——让每个孩子的成长被看见。
wx61276d19ce976c42,小狐记账,Mini Program,,,专业的服装工厂扫码记账小程序，支持整件/流水，扫码领包、扫码收包、一键打菲，生产进度实时跟踪，计件工资自动统计，提供外加工管理、送货管理等功能，操作简单、扫码即用！
wx8ffd1264dd9ae53e,小狗饮品铺,Mini Program,,,hello  hello  欢迎来到小狗饮品铺    希望所有的宝贝都可以喝到满意的饮品  口味不合适均可以联系门店重做哦！爱你们
wx5995584862fcf3be,小狸出行,Mini Program,,,小狸出行志在为区域内客户带来便利的出行方式，手机扫码即可轻松助力生活，为广大人民群众带来便利。
wx2aad75253d80f302,小猪民宿,Mini Program,,,住得更好，花得更少。
wx9fcc1dc9a67749f2,小猿AI-原小猿口算,Mini Program,,,1秒拍照检查作业，家长老师作业辅导好帮手
wxc954adb5a879bd3f,小猿学习训练营,Mini Program,,,为大家提供更好的学习资源
wx532e0217fc48b19d,小玉米工具箱,Mini Program,,,奇迹农场流星雨通知 包含游戏内实时天气 历史天气 ，商店通知等
wx648d9141c2f66411,小王记账簿,Mini Program,,,消费记录
wx2f9cb2cca4c7a7f8,小瑞跑步节拍器,Mini Program,,,体验超慢跑，开始健康生活，帮助跑步者稳定核心，掌握跑步节奏。
wx0361c562c15a25ca,小甜橙票查验,Mini Program,,,发票查验，扫描发票二维码极速查验发票真伪，支持:增值税发票查验、区块链发票查验、通用电子发票查验、数电发票查验、火车票查验、飞机票查验、财政票据查验，支持发票明细数据获取，即扫即查，简单快捷，会计好帮手，企业提效神葥。
wx326612a0e19cc895,小电商家,Mini Program,,,小电官方商户平台，为合作商家提供优质服务，账单一目了然，增值门店推广营销服务，帮助商家做好生意。
wx68d437aeefeddc6a,小番茄图片混淆解混淆,Mini Program,,,小番茄图片混淆解混淆工具小程序版，图片加密解密解码，本地处理保护您的隐私，在线混淆还原网站
wxaae86bbad2f74df7,小白学习打印,Mini Program,,,更智能更方便的打印APP，适配爱普生/惠普/佳能/等主流WIFI打印机，更有海量学习资源！
wxf77a4936bc733b50,小盒AI学,Mini Program,,,小盒学习专为7-12岁孩子精选同步校内外的语数英内容。制定学习计划提升成绩，游戏化打卡增加趣味，打造适合小学生的ai自学产品！
wxf9e01cdca4779ccb,小睡眠,Mini Program,,,超人气睡眠辅助小程序，千万用户选择，权威媒体力荐。海量原创的白噪音、催眠曲、asmr、脑波和专业人声，营造舒适入睡氛围。助眠外，小睡眠亦是你提高工作、学习、生活效率好帮手，也是你冥想静心、灵感碰撞、专注阅读的小伴侣。
wx6e047d00a67f8dbd,小禾人工智能,Mini Program,,,小禾人工智能
wx816d9e6fb29fab9b,小程序开发制作丨星辉,Mini Program,,,"小程序制作,小程序开发制作公司,商城餐饮打车外卖点餐点菜点单分销家政跑腿租赁租车预约护航小程序制作开发费用平台免费教程工具"
wx97537671f13cd770,小程序推广员,Mini Program,,,为小程序的推广员提供授权管理等服务。
wxe289a13c3fbfaf2a,小程序服务商助手,Mini Program,,,服务商可方便及时的查看业务经营状况及运营内容，成为业务状态晴雨表，服务内容百宝箱。
wxe5f52902cf4de896,小程序示例,Mini Program,,,小程序官方示例Demo，就当前已支持的接口能力及组件进行展示。
wx448e0c91dce730b9,小童家常菜谱指南,Mini Program,,,各式各样的厨房食谱分享
wx80e0d8e5fd459148,小策AI人工智能,Mini Program,,,小策AI人工智能
wxc557c6ab24ded957,小管家课程领取,Mini Program,,,同步教材自学、英语课程点读、课文听读、单次听写、单词跟读、电子课本、生词听写、口算、口算检测。
wx9963f4baec72953b,小米服务,Mini Program,,,为广大米粉提供常见问题查询、售后政策咨询、服务网点查询、零售网点查询、维修进度查询等服务，为米粉提供方便、快捷的服务体验
wx183d85f5e5e273c6,小米汽车,Mini Program,,,xiaomiev 小程序
wxf16b1457298ba9b3,小米汽车活动,Mini Program,,,小米汽车活动小程序
wx6e18c5c45387efa2,小红书招聘,Mini Program,,,小红书招聘
wxc73a2b185843debb,小红去水印快速工具,Mini Program,,,小红薯去水印快速工具是一款专为小红薯用户设计的去水印神器，支持快速去除小红薯视频和图片中的水印，保持高清画质。无论是保存、编辑还是分享内容，小红薯去水印让操作更简单、更高效。
wxc241f11862b26b73,小红帽票务,Mini Program,,,"小红帽票务-中国专业的票务平台,您提供国家大剧院、梨园剧场,长安大戏院,梅兰芳大剧院等演唱会门票、音乐会门票、杂技门票。"
wx4a113fa347687c95,小红无水印视频下载,Mini Program,,,下载无水印图片和视频
wx99fe41e810bd74fa,小纸团求职,Mini Program,,,All Data One You
wxf23ae0d9bd56ff91,小维爱学+,Mini Program,,,创智AI助教是基于人工智能大数据的教育产品，包含学生设备端、教师工作台和家长小程序，提升学生成绩，帮助老师教学，减轻家长负担。
wx9134ecbadca45bfa,小绿鲸英文文献阅读器,Mini Program,,,小绿鲸英文文献阅读器，科研直播课预约
wx8d2db6a4b7580eeb,小罐茶官方店,Mini Program,,,现代派中国茶，一罐茶惯你一辈子。
wxa4ac5638b0a03481,小羊上山儿童汉语分级读物,Mini Program,,,《小羊上山儿童汉语分级读物》，帮助更多孩子轻松学会自主阅读！
wxf4299d62a67a0bb3,小羊咖啡CoffeeYoung,Mini Program,,,咖啡小羊
wx349007d1b9bc0bee,小羽团队的菜谱,Mini Program,,,Hi，未来的研究生，欢迎你关注小羽师兄聊考研，我们的方法论都会分享给你～
wx4fda8b6f6921e65f,小航智控,Mini Program,,,该小程序是用来让物业对小区内的用电设备，通过物联网，进行远程控制
wxbe195d31cbfae5a4,小艾办公室,Mini Program,,,艾多美会员的事业管家
wxc9d96e00844c0489,小芒电商,Mini Program,,,小芒APP是湖南广电旗下内容电商平台，上小芒，买IP同款！
wxe9cb24978be417c5,小芳茶卖部点单,Mini Program,,,好茶，为国民服务！
wx5cf818907b2e746c,小蓝智聘 I 找工作求职招聘,Mini Program,,,小蓝智聘提供附近店长直聘全职兼职求职、找工作，服务员、奶茶店员招聘，厨师招聘，餐饮招聘，临时工，小时工，日结，周结，月结附近餐饮招聘群聊等，提供大量上海本地餐饮工作每天更新大量招工找活岗位信息，上小蓝智聘直接面找工作更快！
wx52ae177248081591,小蚕丨外卖到店霸王餐0元探店,Mini Program,,,认准小蚕霸王餐官方账号，五元吃外卖秒提现
wx5e719bfd698f4b79,小蜻蜓外卖,Mini Program,,,小蜻蜓外卖
wxabd6448a40289c10,小记账本 轻松记账,Mini Program,,,所有功能一切免费！简化记账，记录个人日常开销、快速导出明细、动态管理权限等
wx4432ac41bfb2d47c,小说抄书兼职侨影,Mini Program,,,小说抄书兼职，接单入口，线上抄书兼职，线上兼职一单一结，日结兼职，兼职日结招聘网，番茄小说抄书兼职，番茄审核员线上兼职，番茄小说打字录入员，小说推广兼职，视频剪辑兼职，受气包接单赚钱
wxdbc465fa4f4ca4d6,小说抄写兼职录入易达,Mini Program,,,小说抄书兼职录入、一单一结，赚钱小游戏真实提现，挣钱小游戏，赚钱小游戏1分钟10元，赚钱副业，日结兼职一单一结，真实红包提现游戏，十大良心赚钱游戏，挣钱游戏一元一提现，手机赚钱，学生党赚钱，答题赚钱，陪人聊天，小说抄写打字录入兼职
wx8f0ae81498fd9f51,小说脑洞梗生成器,Mini Program,,,长篇短篇小说灵感脑洞生成器。可随机组合生成世界观、人设、核心梗、人物冲突、钩子、金手指、伏笔等元素。
wx543b1c372161fcab,小象编程训练营,Mini Program,,,《小象编程》是为7岁及以上儿童量身打造的零基础编程学习课程。边玩边学中分析解决问题，感受编程的魅力。
wxcf41321619973866,小贝云票夹,Mini Program,,,提供员工自助发票采集，多渠道发票识别，发票查验管理等票据管理的工具
wx8ea370e38e0c38ee,小超去水印live实况图片去水印,Mini Program,,,秘趣去水印，永久免费，一键无损去除图片/短视频/live 实况图水印，去水印取live图，去水印保存live图，一键免费去水印live图，live实况图去水印，live图去水印免费工具。
wxb5e214719b231c61,小超自然地图,Mini Program,,,我是小超，这是我收集的大自然的地图。
wxf99ce257834d1702,小达智慧停车,Mini Program,,,提供临停缴费，月卡续费，缴费开票，车位查询，反向寻车等功能。
wx42eef9134726faba,小迪导航圈,Mini Program,,,迪凯尔5G动态种植导航社区，用户话题圈，培训资料，病例排行榜，一触即达。
wx96604038058b3b63,小迪轻办公,Mini Program,,,日常数据管理
wx9bc5db178b4c0dc1,小迹记账,Mini Program,,,"你的随身智能记账管家! 完全免费, 支持多人共用、预算提醒、导出账单、AI 理财分析，搭配可视化数据图表，轻松查看近两年收支对比与统计，让每一笔消费都清晰可溯，理财规划更简单！"
wx56cad0f8c539daae,小遛打车,Mini Program,,,一键叫车，出行更便捷，安全直达目的地。
wx1d447709a7057d0d,小野猪编程,Mini Program,,,MeEdu 系统演示。
wx1865eb2062ce1c33,小铁无忧存丨行李寄存寄送地图,Mini Program,,,全国头部线上行李寄存物品寄存平台，查询身边行李寄存点，自助寄存，预订寄存无忧出行，首单优惠。
wxf2cbce9781d76e34,小铁桌球门店管理系统,Mini Program,,,小铁24小时自助桌球，利用互联网思维，实现无人自助桌球室，远程管理、全时段营业
wxdc19e25dedc5bb11,小镇外卖,Mini Program,,,小镇外卖专注于乡镇外卖市场的网络订餐平台，主要配送:餐饮美食，商超生鲜，跑腿等致力于服务乡镇商户，让乡镇顾客更省时，更放心！
wx873e3e8904b37b99,小阿菜谱,Mini Program,,,当你不知道吃什么饭时，可以使用本程序随机出美食。另外本程序还提供了美团、饿了么等外卖平台的跳转。随机完饭时即可跳转至美团等。
wx25406e152b09ab3d,小雨伞保险经纪,Mini Program,,,小雨伞保险经纪以“明白买、放心赔”为主张，通过“定制+严选”理念提供优质保险产品及协助理赔、售后支持等全流程服务。依托港交所上市母公司手回集团（股票代码：2621.HK）资源与科技实力，持续为用户创造价值。
wx88e1df1907a44b0d,小雨竹保险商城,Mini Program,,,小雨竹保险商城是北京富邦保险代理有限公司的互联网保险自营平台，主要用于为客户购买保险产品提供销售平台。
wx9846582bedd7dbe9,小飞带你学跑步,Mini Program,,,小飞带你学跑步晨跑打卡
wx608f791a91132dea,小飞象商城,Mini Program,,,小飞象为您提供奶粉、尿裤、用品、服饰等数千款商品，涵盖孕婴童周期每个阶段，满足更多妈妈及宝宝购物需求！
wx1c8ddd3891cb75be,小鱼编程题库模拟测,Mini Program,,,收集等级编程真题进行模拟测试，包含C++历年真题及答案解析，支持在线模考自动记录错题生成错题本，帮助编程爱好者熟悉题型、提升数学思维，方便日常练习和相关学习，g e s p考级备考必备工具。
wxf4f3efd0ea7c9cd4,小鲸向海 保险专家,Mini Program,,,小鲸向海，您身边的保险专家
wx9add5680b208b939,小鹏汽车 在线看车,Mini Program,,,小鹏汽车官方小程序。带你了解智能电动汽车，提供试乘试驾、购车、充电等服务。
wx162bbe5651d91cc5,小鹿AI编程赛考规划,Mini Program,,,小鹿编程，助力孩子科技特长升学
wxe6931cb815211998,小鹿教育培训,Mini Program,,,专注6~15岁少儿学科素质教育培训，把科技与教育相结合，立志做成全国教育的模式和品质的先驱
wx4d3b90ad55380657,小鹿食谱,Mini Program,,,汇集各类家常菜、烘焙、快手菜等美食菜谱，提供详细的食材清单与步骤图文，让用户轻松学会做菜，享受下厨乐趣。
wxab2dc5336347ef77,小麻友娱乐,Mini Program,,,小麻友预定小程序
wx0afec7909ce7386f,小黄橘相机,Mini Program,,,水印相机，集拍照、相册导入、水印模板、图片滤镜于一体
wx27bec5f0720a8104,少儿AI编程分享,Mini Program,,,少儿AI编程领课平台
wx5b13b842cd55abc0,少儿英语口语学习课程,Mini Program,,,少儿英语启蒙、少儿英语口语学习课程 hellokid提供4-16岁青少儿欧美外教一对一英语直播课，少儿英语启蒙口语课程。
wxe3faf6a2d1cb4b26,少吾好睡眠,Mini Program,,,少吾堂好睡眠，轻松获取睡眠质量数据
wxb27b60c42c2903c2,尕尔峪迦民宿,Mini Program,,,峪迦民宿官方服务平台。支持按桌点餐、客房送餐与在线预订房间。提前订餐功能即将推出，让您的藏地假期更便捷惬意。
wx7627e1630485288d,尖挑商城,Mini Program,,,只做工厂源头好货，一对一专属服务，全程购物无忧。
wx5ee8a921b1b6ec08,尘醉小说,Mini Program,,,本小程序拥有海量独家高质内容，为用户提供优质的小说阅读服务。
wxdb883f059c7bca67,尚诚消费金融,Mini Program,,,尚诚消费金融官方消费贷款服务平台，为您提供优质贷款、借钱服务，循环额度，一键申请，最高可借20万。
wx0296dedf9e2f2671,尝点甜头饮品店,Mini Program,,,欢迎扫码下单
wxae71c081a2202f11,尽可健身,Mini Program,,,尽可运动生活管家，你随时随地的运动管理专家。
wxe95a2c5c8231875b,尾王工具,Mini Program,,,查询工具
wx7a2e95f0d2dd2394,居家菜谱,Mini Program,,,精选家常菜，菜谱大全，美食做法。烘培煲汤做法大全
wx95cd4813a3e5838f,屏山之语酒店管理有限公司,Mini Program,,,食堂小程序
wx6c5e3f30517c6ecd,山东中医药大学校园卡,Mini Program,,,山东中医药大学校园一卡通
wxa3ba1fcf3e9deafa,山东交通法律学习考试平台,Mini Program,,,交通运输法律知识学习与考试
wx30212e4db89e0a65,山东全民阅读在线,Mini Program,,,山东省委宣传部推出的宣传思想文化工作、打造全民阅读空间建设、推动全民阅读工作健康有序发展的全民阅读管理信息化水平的平台。
wx21faf50fe29d7128,山东全省农商银行,Mini Program,,,山东农商银行官方小程序。在线业务办理，优惠信息、促销活动一手掌握！更多精彩，敬请期待！
wx1db91d252a9a911a,山东国信税务师事务所,Mini Program,,,山东国信税务师事务所
wxda788c35552a0b77,山东大学齐鲁医院德州医院,Mini Program,,,山东大学齐鲁医院德州医院的互联网医院，可以为患者提供线上开单、线上支付、线上报销（慢病）、云义诊、药物配送到家等服务。
wxc6265dd1a537197f,山东大学齐鲁医院移动支付,Mini Program,,,建设符合国家医保政策要求的移动支付2.0版小程序，实现移动端的医保结算。
wx40cdb6b10a0ec375,山东新世纪电影院线,Mini Program,,,山东新世纪影城以新世纪电影城为基础，坚持以服务为宗旨，以市场为导向，为丰富山东人民的精神文化生活，繁荣山东文化市场。
wx3e9c55a9727bf131,山东泰山足球俱乐部票务,Mini Program,,,山东泰山足球俱乐部官方购票平台
wxc06f559bf313097f,山东省汽车置换更新,Mini Program,,,山东省用于为个人消费者提供汽车置换更新申请材料上传入口
wx16e2e91610c48402,山东省科技馆,Mini Program,,,山东省科技馆
wxa01b19bbd873716e,山东省立医院就医服务,Mini Program,,,线上线下功能一体化，患者使用更方便快捷
wxc12baa701e232de4,山东省第26届运动会,Mini Program,,,山东省第26届运动会信息发布平台
wx76d0496be023e660,山东省综合金融服务平台融资端,Mini Program,,,山东省综合金融服务平台融资服务端
wx028dc00a68b8f5ca,山东省阳谷县电影院,Mini Program,,,购票，卖品。
wx20d442342f4ed636,山东税务社保费缴纳,Mini Program,,,为个人提供社保费缴纳服务
wxf2682293f83e67e6,山东管理学院校园一卡通,Mini Program,,,山东管理学院校内支付
wxed6c5471b99f2998,山东药玻办公平台,Mini Program,,,山东药玻移动办公平台
wxcc342dd1cdb25380,山乡购物,Mini Program,,,广西凌云县山乡农产品有限公司
wxf097f4f475304266,山外山CRM,Mini Program,,,供山外山公司内部使用的CRM系统手机端
wxfb4971175235b9bc,山姆电商培训系统,Mini Program,,,山姆会员店电商三方人员培训小程序
wx0b28e81aac2f3c27,山山茶茶,Mini Program,,,来自云南的一杯好茶
wx0d33d4c3d86af0a1,山庄营销助手,Mini Program,,,山庄业务员营销助手
wx1872a435c1bc53ed,山水CRM,Mini Program,,,山水CRM
wx14acdbee138f0b2e,山水旅游&南电,Mini Program,,,旅游产品展示
wx8ec895c418805e8e,山池咖啡SAANCI,Mini Program,,,感知自然Stay tuned with nature
wxd8bd240f65ef594d,山海关景区官方旅游,Mini Program,,,为游客提供景区咨询攻略，优惠门票购买等服务
wx3199ed26215a5dd9,山科安全学习平台,Mini Program,,,山东科技大学安全知识宣传学习平台
wx2260345adc017732,山西广誉远挂号服务,Mini Program,,,山西广誉远中医连锁，汇集三晋名医，服务三晋百姓。
wx78d0b222923fcb9f,山西文旅行,Mini Program,,,平台提供完善的车辆管理体系：租赁管理、租赁对账、查看和操作⻋辆应有的保养、年检、退⻋、合同履约等内容。
wx242cd5b303a343d1,山西省12345政务服务便民热线,Mini Program,,,山西省12345政务服务便民热线，为您提供咨询、求助、建议、投诉等政民互动服务，是政府联系群众，听取人民群众意见、批评的途径
wx84798f73d97d76ed,山西省儿童医院妇幼保健院,Mini Program,,,医疗服务、服务项目、专家介绍、健康宣教、出诊信息等。
wx608c46f41100d4ec,山西省执业药师继续教育培训平台,Mini Program,,,普法、自律、维权、教育、协调、服务一站式培训平台
wx40558104ae6e8dbb,山西省法律援助中心,Mini Program,,,组织实施、受理审查法律援助工作，指派人员提供法律咨询，保障经济困难公民和符合法定条件的当事人合法权益，维护社会公平正义。
wx2e937e1f92a9c661,山西省肿瘤医院医保移动支付,Mini Program,,,山西省肿瘤医院、中国医学科学院肿瘤医院山西医院、山西省癌症中心，传递医院动态，提供便民医疗服务，普及医保政策。
wxe82c98956b10b65d,山西财专校友通,Mini Program,,,山西省财政税务专科学校校友交流服务平台
wx3114c3e20261ea52,山钾健康,Mini Program,,,本小程序致力于为药品零售企业提供线上电子处方开具业务，架起医院和药店互通的桥梁，为大众提供在线医生问诊开方服务。
wx8f8f2662544afe49,山青天气,Mini Program,,,提供精细化、网格化的天气预报，支持分钟级降水预报、朝霞晚霞预报和星空预报。
wx3fa154017a2d6afd,山香课程工具,Mini Program,,,山香教育图书服务工具，为广大图书用户提供一站式及时全面快捷的图书服务。山香教育，中国教师一站式服务平台。
wx642453507291fe07,屾山摄影,Mini Program,,,一套就能表达爱
wxd1af5690eed0fa5c,岁月情怀旅游,Mini Program,,,岁月情怀旅游是一家专业为退休群体提供旅游服务的正规旅行社，理念高度重视服务，致力于提供更美好的旅行体验。
wxb4474b5dec1c7a42,岚图汽车,Mini Program,,,智慧岚图，成就幸福
wx3729fbe8bf063c36,岚时云办公端,Mini Program,,,岚精灵，随时获取客户预约信息；运营过申请实时审批，快速决策。同时快速获取机构经营数据、客户数据、人员数据等关键运营数据。
wx235fc3673119d168,岚湖基金,Mini Program,,,岚湖基金线上签约平台
wxdac83577dcc4031b,岫远工具10,Mini Program,,,提供在线购买食品、保健品、配送到家等服务，还有海量产品知识内容可供随时查阅。
wx9204ce9dcd5ecb3c,岭南国防教育基地,Mini Program,,,岭南国防教育基地是集国防教育主题、学生军训、研学、生态旅游等于一体的综合文旅项目，并致力于打造全民国防教育基地标杆。
wx2fba264ab7ffb64b,岭学校服,Mini Program,,,用于销售合规校服
wx5c66b0fca4bf2968,岭小朵饮品点单,Mini Program,,,本小程序为岭小朵官方线上点单平台，提供在线点单、到店自提、会员储值、优惠券核销等服务，便捷下单无需排队。
wxe809cce3e481d3ed,岭捷娱乐,Mini Program,,,小捷管家让你的酒店添加一名懂你的语音助手，让您的酒店更加智能
wx0e49fce1ec75b0eb,岳阳公交,Mini Program,,,手机支付乘车、公交查询、线路查询、在线包车的生活便民应用，解决白领们等车难的问题，是出行必备的好助手。
wx02854aa7fa640d78,岳阳公积金,Mini Program,,,岳阳市住房公积金有奖竞答
wx61bb4a2e93f5c91c,岿音瑜伽,Mini Program,,,在线约课，线上售卡
wxe18b1bb9178ddb9a,峨眉山旅游官方平台,Mini Program,,,峨眉山旅游官方平台是峨眉山景区官方指定电子商务平台，主要以整合峨眉山景区内资源，为游客提供旅游产品在线预定。
wx09fb2b8db918e685,峰泰体育课程预约,Mini Program,,,课程预约服务系统
wx971582277ee7b041,崂山票务通,Mini Program,,,崂山风景区线上实名制分时预约售检票平台
wx6071c24144f4ed04,崆崆商城,Mini Program,,,崆崆幸福美学
wxbe21ded7a28b48ef,崇州停车,Mini Program,,,崇州市停车收费系统
wx69cc05ac6ba866d5,崇德大药房,Mini Program,,,崇德大药房连锁有限公司成立于2003年08月，经营药品、器械、保健食品等
wxaa56aef9fac31345,崇文门药店,Mini Program,,,关注我们，关爱健康！
wx57a2e34a398b9cfa,崇阳交通码,Mini Program,,,扫码，丰富出行生活
wxca9f1c71aa7013f3,崇阳县入学宝义务教育招生平台,Mini Program,,,崇阳县“入学宝”义务教育招生平台，共享我市住房、户籍等数据，实现家长学上报、校区智绘分、户籍自动审、信息数据化等功能。
wx3930f7f7a6216cb3,嵊哥小笼,Mini Program,,,嵊哥老面红油牛肉包会员小程序
wx441f6463ee214729,嵊州市新闻传媒有限公司食堂,Mini Program,,,嵊州市文化传媒中心食堂
wx8b565980e4c1e47d,嵩远瑜伽,Mini Program,,,沈阳大学四年瑜伽本科专项院校派健身瑜伽体系教学
wxb72d887be8d196eb,巍山县南街旅拍民宿店,Mini Program,,,\u4e3a\u5927\u5bb6\u670d\u52a1
wx9ca854bf3c3808ee,川文艺校园,Mini Program,,,四川文化艺术学院官方校园应用，用于校内学生缴纳学费、学生学习、教职工日常工作，教学服务。
wxfaf58760ea90866f,川汇法律咨询,Mini Program,,,提供常见法律领域的条文查询、维权指引及文书模板，覆盖劳动、婚姻、合同等场景，帮助您初步了解法律风险与应对方式。
wx12ce800fb12bb244,川电客户经理云,Mini Program,,,川电客户经理云全面支撑客户经理现场服务工作，全方位掌控管辖片区指标情况、异常预警情况，以客户为中心，快速响应客户诉求。
wx2961fbe49387cdc0,巡茶,Mini Program,,,巡茶点单小程序，预约点单到店自取。享受快捷服务美好时光。
wx8bdc57adf1ebf219,工业和信息化部政务服务平台,Mini Program,,,工业和信息化部一体化在线政务服务平台。
wxf41669d8152b57ce,工人劳务管理系统,Mini Program,,,工人管理系统
wx71b36e7770d113ad,工人管理系统,Mini Program,,,工人安全管理；打卡签到；信息查询
wx90a57a61f3b040dd,工具全Plus,Mini Program,,,去水印，情侣头像等等免费工具箱
wx07114e4198778861,工大智慧交通,Mini Program,,,广东工业大学大学城校区车辆预约业务
wx89aa3f06d080e798,工检教育,Mini Program,,,公路水运检测考试服务商：提供考试资讯、真题解析、大屏高清课程等课程服务及咨询。
wx0421558674c156c4,工程人相机,Mini Program,,,专业工程工作水印相机，自带实时时间、精准地点、天气水印；满足日常记录、上班打卡、外勤签到、施工留痕全场景；水印模板自由切换，工程人贴心实用工具，可按需编辑修改水印数据，拍照存档更灵活。
wxefa92525139dbc91,工程跑步,Mini Program,,,包括体能测试和在线跑步功能
wx5be1f7bc8884694d,工程邦企业版,Mini Program,,,企业级建筑服务平台
wxf5a9a9384a6f8820,工程邦电商,Mini Program,,,工程邦电子商务平台
wxa03923abd37f2b99,工蚁外卖,Mini Program,,,有需要点餐或者叫跑腿的欢迎上工蚁外卖
wx6f17e7e23765ca30,工行e生活plus,Mini Program,,,e生活plus是中国工商银行个人客户生活服务平台官方小程序，为客户提供丰富的身边生活优惠与精简的金融服务，让美好生活触手可及！
wxc575845fbd5bac33,工行服务,Mini Program,,,提供中国工商银行网点、自助银行LBS信息查询和定位、业务预约办理、账户信息查询等功能
wx48d7d6608bf777e3,工邦邦丨低价正品的工业用品电商,Mini Program,,,找工业用品、省钱就上工邦邦！主营产品覆盖胶黏剂、润滑油、五金工具、低压电气、劳保安防、办公清洁等行业，工业品一站式采购，送货更快！
wxf6a552da86c0754f,工银微金融,Mini Program,,,中国工商银行官方小程序。提供银行卡余额明细查询，转账汇款等基础金融服务。
wxf74c5bf73761f456,左中政务线上预约,Mini Program,,,左中政务线上预约
wx2fff4f31f1e4ed3e,左舍拉斐尔瑜伽普拉提,Mini Program,,,拉斐尔瑜伽·普拉提
wx6f2549e97864f6a8,左邻右舍健身工厂,Mini Program,,,左邻右舍健身工厂线上平台
wx65f53c1a0ec182ce,巧儿说法智慧云公共法律服务平台,Mini Program,,,庆阳市巧儿说法智慧云公共法律服务平台
wx6f2bff8ecdc7f1eb,巨鲸校园生活圈,Mini Program,,,为高校师生提供贴心服务，促进大学生交流，增添大学生活乐趣。校园订餐、校园跑腿、校园兼职就到鲸校圈。
wxa89d86e7c5c947f4,巩义市人民医院院内导航,Mini Program,,,院内导航系统帮助患者在院内获得位置指引，提供移动的、一对一的、精准的智能导航服务。
wxf1c81b26cc88fc81,己美刻女子轻体运动馆,Mini Program,,,服务学员预约健身
wx76c0c6952eb73a2f,巴乐外卖,Mini Program,,,"巴乐外卖,外卖,baray,新疆美食,巴徕乐外卖,送餐,送鲜花,送蛋糕,巴乐外卖又香又快,tawarim,新疆特色,便利店,餐饮,快餐,送啥都快"
wx56912671842461fd,巴士管家订汽车票火车机票拼包车,Mini Program,,,长途汽车票|火车票|机票预订|便民快巴|城际拼车快线|接机送机包车|机场巴士|旅游大巴|演出赛事拼团|高铁动车抢票|网约车|客运站时刻表查询|酒店预订|地铁公交等一站式出行服务平台，覆盖全国交通网络，提供实时查询、便捷预订与智能出行规划。
wx454f4e729fd06713,巴巴快巴汽车票,Mini Program,,,巴巴快巴，原96520浙江省道路运输公众信息服务网。旅客可通过该小程序进行车次查询、余票查询、购票等服务
wxfd309ca3a4c2ac91,巴彦淖尔国大药房,Mini Program,,,国营药店，放心品质，健康所需，尽在国大！
wx0a0ffc1d401506d0,巴德富客户门户,Mini Program,,,巴德富客户门户测试版
wx9c1975715349b648,巴楚县数字政务门牌,Mini Program,,,巴楚县数字政务门牌系统，可帮助用户线上查询或办理业务
wx9fa349f265fa3eef,巴渝停车,Mini Program,,,巴渝停车整合巴南区域停车资源，为市民提供优质停车服务，支持快速缴费、余位查询、优惠停车等便捷功能。
wx9802168ed33d7db6,市直机关党性教育体验馆,Mini Program,,,场馆内共建设3层，学员需按流程逐步打卡学习。
wx7ca7ec9b7c6ba16d,布童凡想 studio 政务区店,Mini Program,,,合肥首家花园别墅儿童摄影美学馆———从事0-10岁宝宝照、亲子照、全家福、家庭纪实拍摄、全球旅拍等。#高级小众、忠于品质#
wx954d01c4e94c61a7,布谷记账小助手,Mini Program,,,布谷记账，花钱省钱一目了然。美食购物、旅游娱乐，随手记录生活点点滴滴
wxb51dc7dec6d8a7c2,布达拉宫官方票务预订系统,Mini Program,,,旅游服务推广、门票预定、信息发布、公益宣传、旅游工艺品、品牌宣传、布达拉宫文创产品、移动商城、互联网信息服务等
wx2d405ff2328216dc,布鲁格家庭娱乐中心合乐城店,Mini Program,,,布鲁格家庭娱乐中心
wx0013bbf6e35419a7,师圆教育题库,Mini Program,,,广西高校教资刷题小程序
wx3b39d8b4bc7ac62a,师说AI丨数字人修图特效,Mini Program,,,AIGC真人口播，赋能知识类主播，打造个人IP，随时随地，想说就说
wxb9a76c5f2625cfc9,希尔顿欢朋酒店预订,Mini Program,,,支持中国大陆地区所有希尔顿欢朋酒店的客房预订及酒店信息查询。
wx0127ea77338011da,希望保保险,Mini Program,,,一个为企业降低风险的平台
wx59fbdd2c2a52b384,希望餐饮,Mini Program,,,东方希望集团点餐应用
wx5c6cc3d809c04c5d,希森美康服务CRM,Mini Program,,,希森美康移动CRM经销商模块
wx87d830cb9dabf345,希沃校园设备运维管理系统,Mini Program,,,实现校园终端智安全、智服务、智管控，实现人与终端、终端与终端之间的互联、互通、互动、互用，使终端管理更高效，决策更精准。
wx5ca3e6a13cb7b496,希罗科技智能出纸机,Mini Program,,,千纸盒免费出纸机
wxe1726700441491a8,希赛基金从业资格题库,Mini Program,,,提供基金从业资格考试备考视频教程历年真题模拟试卷等题库资源，帮助考生备考
wxcbc57185d84eeeb2,希赛证券从业资格题库,Mini Program,,,证券从业资格考试题库
wx82627bc5e9dfc519,帝豪斯健身+,Mini Program,,,帝豪斯健身俱乐部成立于2009年，是集休闲集专业健身于一体的大型连锁品牌。
wxc620f82a44c8d0aa,帮帮369视频通话,Mini Program,,,提供了一个面向校园的家校视频电话平台
wx52373ebde5efe82d,帮帮学习成长,Mini Program,,,为用户提供线上学习服务
wxe27c3c04b31c1792,常州人才招聘官方号,Mini Program,,,常州人才招聘，不收取任何中介费
wx6174c849a2b5df85,常州市体育医院智慧医疗,Mini Program,,,江苏省首家体育特色公立非营利性专科医疗机构，专注于运动损伤诊疗、运动康复及运动防治慢性病，为市民提供科学、专业健康服务。
wxbd5d1037531d08ca,常州市口腔医院医疗服务,Mini Program,,,提供常州市口腔医院预约挂号缴费等服务
wx338c65b4e24a2330,常州智慧地铁,Mini Program,,,常州地铁APP，更方便快捷的乘车。
wx63cb5457e4aed91b,常州购物中心微商城,Mini Program,,,常州购物中心微商城
wx055017d11e3a2c5e,常德市第四人民医院医保支付,Mini Program,,,常德市第四人民医院移动医保支付小程序
wxff3f589c3cdbf1f1,常熟公交,Mini Program,,,提供常熟行小程序功能，热点公交功能便捷化功能。
wx7f0aa46ec0a6ca47,常熟农商银行FreeStar小微金融,Mini Program,,,常熟农商银行自由星小微金融总部为您提供全方位个人贷款金融服务！
wx6884dfc475efa461,常熟市百好家餐饮管理有限公司,Mini Program,,,专业团餐服务公司
wxae6f576ac1a7f014,常熟银行+,Mini Program,,,常熟银行+小程序，为您提供便捷的金融服务及金融工具。
wx36c0b6b5e2c0cbf7,平乐县麦茶翁饮品店,Mini Program,,,会员点餐
wxe035c558a727ab24,平凉公交,Mini Program,,,平凉市崆通公交服务集团有限责任公司
wx221027984d81c58c,平凉公积金中心移动办公,Mini Program,,,供平凉公积金中心移动办公使用。
wxf748a30b85c1cf19,平凉市住房公积金管理中心,Mini Program,,,为缴存职工提供公积金账户信息查询、提取业务、贷款业务的办理。
wx55aa02cf7a5abbb1,平原求职网,Mini Program,,,找工作/招人才就上平原求职网
wxead85734c006de54,平台支付安全工具,Mini Program,,,广电猫猫在南京平台支付安全工具
wx18792702155c772e,平安乐健康-平安健康保险,Mini Program,,,平安健康保险官方小程序，集专业健康管理、品质医疗、乐健康保障于一体，一站式守护家庭健康，秉承【有乐健康，才够“保险”】的理念，开启健康资产增值的全新体验。
wxaad5fbec486a2940,平安企业宝,Mini Program,,,平安产险官方提供的一站式企业服务平台，为企业提供专业保险、风控服务及严选法律咨询、人事招聘、财税申报等常用服务。
wx2e37236ce74c77a8,平安保险,Mini Program,,,平安保险是中国平安保险（集团）旗下的官方保险平台，为用户提供专业、全面、优质的一站式保险服务。
wx15cd5d7964bcf326,平安保险好生活,Mini Program,,,平安保险好生活为平安集团官方在线服务平台，集保险购买，生活服务于一体。致力让保险更简单，让生活更美好！
wx3ac04b63322baae8,平安健康检测中心,Mini Program,,,平安健康（检测）中心依托前沿设备、主委级医生团队、五星级客户体验，为客户提供更便捷、更精准、更安全的创新型健康检测服务。
wxcfde4985b508bd20,平安列车志愿服务,Mini Program,,,致力打造平安和谐的乘车环境
wxc66c12736dcf04ad,平安创展保险微店,Mini Program,,,平安创展保险代理人的专属微店，为客户提供专业、全面的保险产品及服务。
wxecd9567d0d09fb10,平安地铁志愿者,Mini Program,,,小程序为上海地铁官方发布，志愿者借此上报在列车上发现乞讨卖艺行为等违规行为，助力轨道交通安全。
wx96b402354b6b08de,平安宝安视频门禁,Mini Program,,,用于宝安视频门禁项目，市民开门使用小程序
wxe6b3547935baf2cb,平安消费金融,Mini Program,,,平安消费金融有限公司经中国银保监会批准成立，致力于为个人/年轻消费群体提供全方位消费金融服务。
wx29840b55329bc93e,平安证券,Mini Program,,,世界500强top10平安集团旗下平安证券出品，助您分分钟锁定股市热点动态，财经大事，更有平安证券金牌投顾独家权威观点诊股论市
wx890fd980cbc8b037,平安证券研究所,Mini Program,,,平安证券研究所聚焦地产、电子信息、交通物流、医健文旅、金融同业、大消费和大宗周期七大领域，出品高质量研究产品
wxbd3a1fd6f9430874,平安金川小程序,Mini Program,,,本小程序由“平安金川”APP和“净土阿坝.平安微治理随手拍”整合而成，稿件来源由金川县政法各单位信息和随手拍事件组成。
wxce81573db370c43d,平安银行,Mini Program,,,平安银行致力于为客户提供全方位的银行服务。您可以直接在小程序上进行投资理财、贷款、存款、银行缴费、申请信用卡、查看账单、本地优惠服务等业务，方便您的财富管理
wxa00159365f1439bd,平安银行信用卡,Mini Program,,,平安银行信用卡官方小程序为您提供最优的信用卡服务：账单查询、额度服务、账单分期。 热门信用卡申请、新卡申请进度查询、卡片激活等功能。 同时也提供信用卡商城爆款商品推荐、热门活动、本地优惠及附近美食。 平安信用卡，就是不一样。
wxe0a0f471ad43ce49,平昌招聘网,Mini Program,,,关注平昌招聘网，查看所有平昌工作，找客服15884496352进平昌工作群。
wxa7fc2c06615bcff3,平谷区机管中心餐饮服务系统,Mini Program,,,食堂餐饮菜品投票、评价，个人账户充值，查询消费记录和余额。
wxc61adcd865395a20,平遥招聘网,Mini Program,,,在平遥找工作，就上平遥招聘网！
wx3c29842088888aa9,平邑同城直聘网丨求职招聘找工作,Mini Program,,,平邑本地人才求职招聘平台
wxfe2fdfbc161a4e86,平顶山市市场监督管理局安全监管,Mini Program,,,平顶山市市场监督管理局小程序
wxe7f7481b258c8a8c,平顶山市政务服务,Mini Program,,,提供平顶山惠民惠企资金发放、办事指南、通知公告查询、在线咨询等服务。
wx808da8a98ffb7c2b,年糕妈妈商城,Mini Program,,,母婴商城，帮妈妈严选母婴好物：严选奶粉/湿巾/尿不湿/玩具/平衡车等婴儿用品
wx0b62754258494878,幸福看电影,Mini Program,,,“幸福看电影”是由江苏幸福蓝海影院发展有限责任公司倾力打造的一款购票小程序。
wxee16a21f3ce5a342,幸福西饼 生日蛋糕 下午茶甜品,Mini Program,,,海清老师代言:新用户首单福利低至59元，最快59分钟配送到家，包含生日蛋糕和下午茶等，覆盖全国300城市，累计服务超1亿人次
wx060ecb4f74eac0da,幸运咖LuckyCup,Mini Program,,,幸运咖 (LuckyCup）专注于呈现来自世界各地的优质咖啡豆，坚持“平价现磨好咖啡”的企业口号，秉承“越咖啡，越幸运”的生活信念
wxdeb35255c330cdc4,幸运心理测评,Mini Program,,,生成关于你依恋人格的专属报告
wxecb970b398875755,幸运日摄影,Mini Program,,,为女生造梦
wx5168fab9c5d21a6c,幺九自助娱乐,Mini Program,,,幺九24小时自助娱乐棋牌室
wx9dbffcbdd128596c,幼儿带量食谱,Mini Program,,,幼儿园带量食谱制作工具！10分钟搞定1周带量食谱！自动生成各类营养素分析表！幼儿园带量食谱，幼儿园膳食调查营养分析小助手！
wx425f78b8242ddecb,幼儿数学练习,Mini Program,,,幼儿学认数字，学数学，学加减法计算，数学益智学习，数学练习，儿童学数学，早教数学启蒙。
wxdb885a55dcb94e86,幼儿童装,Mini Program,,,良工璞玉·匠心制作
wx16084e852d86cdd6,幼小衔接数学一日一练,Mini Program,,,口算天天练出题打印为每个孩子定制专属的数学口算题，让学习变得简单有趣
wxcfa45851ee75aeb5,幼小衔接数学练习,Mini Program,,,数感启蒙，数学练习，平十法，凑十法，破十法，十的分解，20以内加减法口算练习。
wxe422b1307204c33d,幽光ai,Mini Program,,,幽光AI——长期记忆AI伴侣情感陪伴软件：AI陪伴、AI男友、AI女友、AI聊天、虚拟恋爱、养成系陪伴、养成男友、AI情侣、AI角色、模拟恋爱、AI恋爱、灵魂伴侣、剧情、走剧情、男友、女友；星野、筑梦岛、猫箱、造梦次元、shine、灵动次元
wxdcb7506a1f6d47fc,广东交通学习,Mini Program,,,广东公路科教中心有限公司在线教育学习平台
wxfbbaf3bd81a4e983,广东住房公积金,Mini Program,,,广东住房公积金服务
wx5b1ebd96e9832132,广东医科大学顺德妇女儿童医院,Mini Program,,,提供在线挂号、在线缴费、报告查询、医保支付等便民服务
wx0fb2d6825aca9e17,广东大学生就业创业,Mini Program,,,小程序作为官方平台，致力于提供移动端一站式就业服务、权威的大学生就业创业政策，精准推送就业创业信息，服务高校师生。
wx03d29202f248a208,广东大洋医疗科技股份有限公司,Mini Program,,,公司致力于打造高雅、品质一流的康复轮椅、坐便椅、助行器、拐杖、病床等而努力，先后获得多项质量体系认证，多项国家专利
wx8dc0029bd72e8aec,广东娃希安全生产风险电子地图,Mini Program,,,企业与相关部门监管安全生产管理工具
wxe9cf61b994ec6478,广东德泽膳食管理有限公司,Mini Program,,,欢迎来到智能人脸识别智慧餐厅！
wx62d134ed5c3715f1,广东汽车客运联网售票,Mini Program,,,广东汽车客运联网售票系统由广东省交通运输厅于2011年建设，用于广东省全域汽车客运联网售票的出行服务的平台。
wxacb22d068c120752,广东法律服务网法律咨询服务,Mini Program,,,广东法律服务网法律咨询服务
wx64ac51e12d4df642,广东烟草政务服务平台,Mini Program,,,广东烟草政务服务平台
wx5b52e4940d09d6ec,广东省教育考试院,Mini Program,,,广东省教育考试院官方小程序，提供最权威的广东教育招考政策信息、招考动态和便民服务。
wxd81ea3a84dee02a1,广东省第十七届运动会官方票务,Mini Program,,,广东省第十七届运动会和广东省第十届残疾人运动会官方票务
wxb9bab63825e06a00,广东省金融纠纷调解联合会,Mini Program,,,广东省金融纠纷调解联合会是广东省民政厅批准设立，由国家金融监督管理总局广东监管局作为业务指导单位的非营利性社团组织。
wxca32cd132ab78a69,广东粤通卡ETC服务,Mini Program,,,提供粤通卡ETC发行及售后服务。
wxfee195b763ece077,广东能达公司的发票助手,Mini Program,,,公司经营中所有发票的线上核验，核查发票是否真实有效，是否存在二次报销。
wx62d593bbf6034556,广东药科大学中央空调充值,Mini Program,,,广药大中央空调充值及管理系统。
wx9ff4e816e436a038,广东证券期货业协会,Mini Program,,,广东证券期货业协会会员服务系统
wx030e76915ef7ecf7,广东金融学院校园卡,Mini Program,,,广东金融学院校园卡充值，挂失解挂
wx17585050ba6b531c,广交中运交通,Mini Program,,,广州中运交通发展有限公司小程序。服务电话：020-86661297。
wxcf2d74ec7c33bcbd,广医附一院内导航,Mini Program,,,广州医科大学附属第一医院的院内导航系统，提供来院导航、院内定位、科室查询、路径规划等一系列服务。
wx75b719b291153dac,广南县中医医院医保线上支付系统,Mini Program,,,广南县中医医院线上服务平台
wxb71c74abaa054db5,广南县人民医院移动支付平台,Mini Program,,,广南县人民医院移动支付小程序
wxa372c353155ae8e6,广发基金,Mini Program,,,广发基金官方小程序，0申购费买基金，为您提供全方位基金理财服务：涵盖指数投资、美股基金、稳健理财、黄金投资等多元品类，更配备基金投顾、基金定投、网格交易、亲子理财、养老理财、账户诊断、基金账本、交易信号灯等实用工具，助力您的财富管理。
wx317241dda13d69eb,广发研究,Mini Program,,,提供广发证券研究资讯
wxc1656ccaafe37a3d,广发证券,Mini Program,,,简单、及时、准确的证券市场行情服务。
wx51aabf224dc35b96,广发证券E淘金,Mini Program,,,依托投研能力及技术创新，直击投资者“认知不足-选择困难-配置障碍”三大核心痛点，通过科技赋能，全新打造ETF一站式服务平台。
wx8f6aac770228a442,广发证券名片,Mini Program,,,供广发证券员工进行宣传交流使用的电子名片。
wxb4c4507fcf03a877,广发证券智汇,Mini Program,,,"广发证券坚持践行""以客户为中心""的服务理念，围绕机构客户需求，打造机构客户综合服务平台一""广发智汇""。"
wxf1b182204f1e6f3c,广发证券智汇托管,Mini Program,,,国内首批托管券商，ISAE3402国际认证，科技赋能移动便捷，您掌中的托管外包服务。
wxfce92e83d5bcabd6,广发银行,Mini Program,,,广发银行小程序
wxeaa722401e03230f,广发银行汽车金融,Mini Program,,,广发银行汽车金融
wxfad7cc1ebd1b05a5,广安公积金,Mini Program,,,用于向广安市公积金缴存职工提供线上查询服务、业务办理服务。
wxac6923ebfe56095b,广安区妇女儿童医院,Mini Program,,,广安区妇女儿童医院线上挂号、缴费、报告查询
wx598296333b152b00,广安门医院,Mini Program,,,实现线上预约挂号、检查报告、检验报告查询功能。
wx6570feca29224ccd,广安门医院南区,Mini Program,,,互联网诊疗
wxfc4fb6e7b5a2ba26,广宗求职招聘网,Mini Program,,,广宗招聘网/广宗人才网/广宗找工作/广宗求职/广宗招工/掌广招聘/广宗微生活/广宗广而告之/广宗直聘，每日发布广宗最新招聘信息！进广宗求职工作推荐群，找本地工作，就上广宗求职招聘网！
wxe9d772e3f15f035e,广州东方医院中医挂号中心,Mini Program,,,为广大患者提供便捷预约挂号、在线缴费、报告查询、在线咨询等业务。
wx1363195c4fb75cfc,广州中医药大学一附院,Mini Program,,,广州中医药大学第一附属医院智慧医院小程序
wxe1b8c0fe0226f5c8,广州中医药大学一附院职工饭堂,Mini Program,,,用于职工餐厅订餐收费功能
wx95629ad8c086b107,广州中医药大学顺德医院,Mini Program,,,广州中医药大学顺德医院(佛山市顺德区中医院)官在线预约挂号、门诊缴费、检查检验查询等线上服务小程序
wxde0d0f5ff6390e1f,广州华澳教育,Mini Program,,,本小程序用于接受广州华澳教育各项培训培养服务的家长或学生的电子支付功能。
wxdb400e093e14e1fd,广州华立科技职业学院迎新,Mini Program,,,广州华立科技职业学院迎新小程序
wx999d220c0ce0b09a,广州嘉美医疗门诊部,Mini Program,,,广州嘉美医疗门诊部有限公司成立于2025年4月，位于天河区林和中路180号帝都大厦附楼M层，占地面积700平方米。
wx20195260e8730c70,广州地铁博物馆预约,Mini Program,,,广州地铁博物馆门票预约
wx71902c46e823b18b,广州地铁地产,Mini Program,,,广州地铁地产开发项目资讯发布平台
wx3d4110629e829f85,广州地铁悠友荟,Mini Program,,,广州地铁资源会员小程序深度融合地铁出行场景与会员生态，打造“交通+生活”权益网络，为会员提供高效可靠的一站式会员服务。
wx5d69eb7b7f988807,广州地铁设计研究院总体总包,Mini Program,,,提升城市品质 ，设计美好未来！品质至上 持续创新 奋斗进取 协作共赢
wx20489798118cf47f,广州大学e码通,Mini Program,,,广州大学一卡通小程序
wx2ad5ae883d58ac64,广州大学城智慧热水,Mini Program,,,广州大学城学生智慧热水
wx4ebed3c6d4db2dae,广州大康新药店有限公司,Mini Program,,,大康新药店
wxb8cb538bf4112549,广州妇儿中心+,Mini Program,,,提供患者移动服务与支付，包括导诊挂号、费用支付、报告查看、就诊指引、就医反馈等全流程闭环服务。
wx0b5ad75c3c30e27f,广州市交通技师学院招生大厅,Mini Program,,,小程序主要给广州市交通技师学院招生使用
wxe07eee84f7c5e036,广州市开办企业一网通平台,Mini Program,,,一网通办平台通过一表填报，一次提交，一次认证，实现一天办结营业执照、刻章、税控盘与发票、社保登记、公积金开户、银行开户等事项，全面优化营商环境。建设单位：广州市市场监督管理局；技术支持：广州网融信息技术有限公司。
wx3d5dabf8590d675f,广州市法律服务平台,Mini Program,,,以人民为中心，把广州建设成全国公共法律服务最便捷城市
wxd0bb4d5771ebb2f6,广州市虎兵兵服饰有限公司,Mini Program,,,欢迎围观我的生活分享 | 好物分享 | 女性成长
wxb0125312493a9edd,广州市行业气象服务,Mini Program,,,为建筑工地、大型企业、水务、保险、石化、低空经济等行业提供精细化、定制化气象服务
wx55bbc80b72f9a212,广州市辰樾科技服务有限公司,Mini Program,,,本小程序为广州市华风高级技工学校提供的专业水控、电控管理程序。
wx5338324927bacf9a,广州粤乐元元文化娱乐有限公司,Mini Program,,,集运动、休闲为一体的室内综合场所
wx0bd92208b8adc207,广州美莱医疗美容医院餐厅,Mini Program,,,粒粒皆辛苦
wxc14c978e3a326a2a,广州职业技术大学校园一卡通,Mini Program,,,此程序为广州职业技术大学校园一卡通使用平台。为校内师生提供校内消费、生活缴费、图书借阅等服务。
wxd4873804070587fa,广州金麦丰私募证券投资,Mini Program,,,广州金麦丰私募证券投资基金管理有限公司旗下小程序，支持实时查看金麦丰旗下各类基金产品详情、净值走势、收益表现。
wx77b990d52130ee81,广州阳光教育,Mini Program,,,阳光学业评价官方服务小程序
wxdf88fb974f62c770,广州附华医院精神心理科,Mini Program,,,广州附华医院精神心理科
wx31cc3bc2e12ffc7d,广州风铃天气,Mini Program,,,“广州风铃天气”是由广州气象部门自主研发的气象决策服务移动应用，为政府及企业相关部门提供气象服务。
wxb89a692ad165c9ea,广应科课程表,Mini Program,,,方便广应科学生进行课表查询、空教室查询、成绩查询等
wxc7a26db01ebb1910,广德客户端,Mini Program,,,安全防范专家，广德安防。
wxd267119d53318b78,广德龙威电影放映有限公司,Mini Program,,,会员非会员线上购票小程序
wx8dfd650a0d362af4,广水市中医医院医保线上支付,Mini Program,,,广水市中医医院医保线上支付小程序
wx9c4350d1b8155749,广汉雒才招聘,Mini Program,,,广汉招聘网（广汉人才网）为企业与人才之间提供一个高效的沟通平台。
wxbfc8581262827456,广河交通码,Mini Program,,,扫码，丰富出行生活。
wxdd5852c3297f5e5a,广源至诚线上购物,Mini Program,,,会员服务 只做品质
wx561da4594faa8704,广版教科英语,Mini Program,,,教科广州版英语上下册电子课本、广州版英语点读小程序，广州英语小学初中英语单词+音频、广版课堂英语点读跟读小程序、广州本地孩子在家就能自主跟读、预习复习，随时随地学英语。
wxd549888f5e0b38c7,广田酒店,Mini Program,,,欢迎来到智能人脸识别智慧餐厅！
wxb859a9cfe56ef1de,广电爱运动,Mini Program,,,南京广电新媒体公司名下体育项目小程序。
wx25ef77faeb2903c8,广西中医药大学一附院智慧医院,Mini Program,,,为病员开展必要的医学检查、治疗措施、护理技术、接诊服务、康复设备、救治运输等服务
wx0b8c7239d73d1c58,广西产研院人工智能所,Mini Program,,,面向东盟人工智能合作会议
wx40c99ab340708efe,广西住房公积金,Mini Program,,,广西住房公积金小程序，为全区住房公积金缴存人提供住房公积金基本信息查询、业务办理、全区各公积金中心政策查询
wxeeca453a4a4fd0d1,广西农信金融助手,Mini Program,,,广西农信官方小程序，提供综合金融服务
wx4f6c1d86a1dc50ed,广西农商联合银行金融小助手,Mini Program,,,便捷申请广西农信线上金融产品，展示广西农信金融产品服务相关资讯及活动。
wx9a3b84be2471a6b6,广西区人民医院健康管理中心,Mini Program,,,健康管理、线上体检预约、线上体检咨询
wxc89553ab7a447f32,广西区老年大学智慧校园,Mini Program,,,广西区老年大学智慧校园
wx267212b81730f948,广西安全生产考核发证管理系统,Mini Program,,,广西安全生产考核发证系统
wx9af923fe5405adf3,广西师范大学附属外国语学校,Mini Program,,,广西师范大学附属外国语学校智慧校园平台
wxe0d33426a0a4c82a,广西机场管理集团培训考试系统,Mini Program,,,广西机场管理集团内部员工培训考试使用
wxae1b3fa9eaac4089,广西法律明白人培训网校,Mini Program,,,广西法律明白人培训网校
wxdebace91b8c17bb7,广西特种设备企业网上服务大厅,Mini Program,,,广西特种设备企业网上服务大厅
wxef13c492ce0569cf,广西科技大学第一附属医院,Mini Program,,,广西科技大学第一附属医院智慧医院为您提供一体化一键式就诊
wxa8844eefb996c85f,广西科技馆常设展厅门票预约程序,Mini Program,,,广西科技馆常设展厅门票预约程序
wxa8923899ccde81c6,广西金融职业技术学院招就处,Mini Program,,,广西金融职业技术学院招就办
wxca5d86bc1f945b21,广软小二美食汇,Mini Program,,,餐饮美食
wxf1718aa3bde20836,广铁健康,Mini Program,,,MindShow 思秀 可定制化的交互式多媒体信息发布平台 组件化、极速定制业务流、高性能H5+引擎、多屏业务流
wx5e23cacf34373715,庄园工具箱,Mini Program,,,庄园玩法工具箱，用于查询庄园数据、时间计算等
wxf920340810dbf726,庆阳市住房公积金,Mini Program,,,提供庆阳市住房公积金缴存者便捷高效的贷款业务办理服务，帮助缴存职工更快更简单办理贷款业务。
wx2a45a4ed20658cd5,库仑企业版,Mini Program,,,库仑企业and车队专用版本
wxa925b13bab85114c,库尔勒市公交,Mini Program,,,打造梨城和谐-智慧公交
wxdfa54e151c7ce011,应急总医院,Mini Program,,,预约挂号、报告查询、自助缴费等业务
wxe980734a1fc16bea,店友友会员管理收银系统,Mini Program,,,会员管理、收银记账，适用于美发、美容、美甲、健身等个体或连锁店铺的美业软件，报表统计，员工预约考勤，顾客评价反馈，简单易用。
wxf50503fce7e68bac,店友友顾客端,Mini Program,,,店友友会员管理收银系统的会员端，会员登录该界面可以进行查看余额、消费和充值记录，以及进行领取优惠券，预约到店，自助开卡等操作。
wx84e594465a2748d1,店长直聘丨求职招聘找工作,Mini Program,,,蓝领招工平台，开启人才在线招聘求职找工作新时代，提供海量全职/兼职/小时工等岗位，覆盖餐饮/零售/商超/客服等各类行业
wxde4cc9c812c9bc97,府谷招聘网,Mini Program,,,找人才找工作，上府谷招聘网
wx7f4c4377f0a2994b,庞源用工管理,Mini Program,,,用工考勤系统
wxdde36ae788f0bd5c,度小满保险经纪,Mini Program,,,度小满金融旗下保险服务
wxc00f079e668a53ce,度小满基金,Mini Program,,,洞察市场先机，甄选优质好基，一站配置更省心
wxb8485715f38e5c13,康乐饮品,Mini Program,,,康乐水业
wxe727824701ee66d4,康佰家大药房,Mini Program,,,用于康佰家会员提供注册，积分查询，账单查询等服务
wx88c4501ad86e1174,康健CRM,Mini Program,,,康健集团客户管理中心
wxdaa61e2d0694fe5f,康婴坊母婴优选,Mini Program,,,"在线下单,会员查询购买记录,积分余额查询等"
wxc05eb69acbbba4e1,康定市公共法律服务平台,Mini Program,,,康定市司法政律通服务平台整合法律咨询、业务办理、普法学法、文书下载等多项服务，提供智能答疑和进度追踪，助力高效法治服务
wxc3be7f81938b1fe9,康宝莱官方商城,Mini Program,,,康宝莱官方商城是康宝莱官方的购物及服务平台。可提供便捷在线购货、即时咨询服务、贵宾顾客加入及公司资讯推送等功能。
wxc0041c894e4e7421,康小思NexusLife睡眠管理,Mini Program,,,AI智联监测预警系统，智能监测人体睡眠时的呼吸，心率，体态等特征，帮助用户实现健康数据化，管理智能化，监测日常化。
wx7fff4acb28d5f124,康师傅美食纪,Mini Program,,,先领券，再购物，即刻享受优惠；康师傅方便面最新品牌资讯及产品福利与您分享，欢迎关注！
wx01c584b2a7cd0c15,康强医疗人才网丨医院招聘求职,Mini Program,,,8万家门诊/医院招聘，99万医生护士求职，免费发布招聘求职，每天10万人访问
wx28192f4a42ddb36c,康田悦服务客户端,Mini Program,,,康田智慧社区平台小程序，是为了给社区业主使用，提供线上报事报修、线上缴费等便于提高业主居住品质的小程序
wx634d1f6204c895ab,康老板AI医生,Mini Program,,,锦上健康集团旗下AI驱动的全生命周期健康管理平台及健康服务提供商，以“AI+大健康数据平台+场景”为核心致力于通过健康科技重构“预防-诊疗-康复”，融合物联网、大数据与人工智能技术，为用户提供医、药、健、养、险覆盖全生命周期的健康管理服务。
wx778739a2a5215aa2,康蕴母婴商城,Mini Program,,,好蕴母婴商城是一家专注孕期营养，孕期健康以及婴幼儿全生命周期的综合性好物推荐、健康营养管理的线上运营中心。
wx3d7f7ac925d5b702,延瑜伽YOGA,Mini Program,,,延瑜伽YOGA
wxaee19c56d1736ee5,延边保健大药房,Mini Program,,,延边保健大药房在线服务
wx71e5847b59d09a67,延边公积金,Mini Program,,,该小程序由延边朝鲜族自治州住房公积金管理中心开发，为住房公积金缴存职工提供住房公积金个人信息查询、个人业务办理等服务。
wx5a26e4fae236b7a8,延边大学附属医院智慧服务,Mini Program,,,预约挂号跳转小程序
wx619f3b0556f55864,延边天一堂大药房有限公司,Mini Program,,,延边天一堂大药房有限公司
wx18df918c487df078,延边州法律服务综合体,Mini Program,,,将涉及法治政府建设、法律服务专家库、民生法律服务的机构信息及各类专家人才的优势领域和专业特长等信息全部公示。
wxb50d9cbbab486589,延边州高龄津贴智慧管理系统,Mini Program,,,主要负责延边州地区（延吉市、图们市、敦化市、珲春市、龙井市、和龙市、汪清县、安图县）高龄老人业务服务。
wx63a44aaad7b0ccb4,建发汽车会员平台,Mini Program,,,建发汽车会员平台，秉承“专业对车，诚意待人”的服务理念，带来更有品质的车生活。
wx8e985a20642d0212,建筑工人安全学习积分系统,Mini Program,,,智能化系统集成，建设更新中
wx889c1bdb1da228fb,建题库-安全员模拟考试在线刷题,Mini Program,,,安全员A证，安全员B证，安全员C证，C1， C2，C3证，建筑施工企业三类人员考试考证，精准题库在线刷题模拟考试，安管人员考试题库，安全员机考题库。
wx204668cc16c3a4cf,开乐娱乐,Mini Program,,,为您提供在线预约服务，和专属的自助娱乐空间
wxddc16ff08b9f35a7,开乾集团智慧停车,Mini Program,,,开州区公共停车场，路边停车泊位，停车收费服务。
wxb695af3dacc8b307,开元心旅行,Mini Program,,,开元心旅行客户端小程序
wx9357c0e2d54b5548,开学直播第一课,Mini Program,,,2026央视开学第一课直播、开学第一课2026秋课件、2026开学家长第一课直播入口、英语开学第一课。
wx52de275c4e75c2e7,开封交通码,Mini Program,,,扫码，丰富出行生活
wx54f37fa185a3f2d2,开封市儿童医院互联网医院,Mini Program,,,儿童医院
wx44884f5730edf166,开封市掌上公共法律服务平台,Mini Program,,,为群众提供方便、快捷、及时的“一站式”线上法律服务
wxdca00548fabba68b,开封教体监管小程序,Mini Program,,,开封市校外培训机构监管
wx230dc436ebe3cb85,开平公交集团充电站,Mini Program,,,开平公交集团充电小程序
wx6f86571cee84b6e9,开心工程相机,Mini Program,,,专业工程人专用水印相机，一键添加真实时间、精准地理位置、实时天气水印；满足工地拍照、外勤打卡、上班签到、工作巡检、施工留痕全场景使用；支持自由修改水印文字，自定义专属工作纪实水印，高效留存工作凭证！
wxd201d8591190c05a,开心智慧数学乐园,Mini Program,,,通过游戏化学习，将抽象数学知识转化为趣味互动挑战，让孩子自然掌握数理逻辑与问题解决能力，让孩子爱上数学的奇妙世界。
wx3bed8a2fe8a6244f,开江县心通桥政务平台,Mini Program,,,开江县网络理政平台，开江各地各部门通过网络走群众路线、了解民情民意的主要渠道。
wxfa9e252acd601eb7,开源证券数字名片,Mini Program,,,开源证券数字名片
wxe11544c4605c32eb,开源证券研究所,Mini Program,,,研之本源，金石为开。开源证券研究所通过差异化的研究策划和研究体系搭建，致力于打造有市场影响力和研究定价权的一流研究机构。
wx5e92500e6e8554c1,开源阅读,Mini Program,,,"应用开发,技术支持"
wx7871a4a077378a5d,开球吧客户端,Mini Program,,,开球吧小程序为用户提供在线选择球厅，预约订台，扫码开台，团购核销，自助结算，助教陪打等功能，使用户得到更好的消费体验。
wx39be8a3a3c24dcea,开花脱口秀票务,Mini Program,,,服务于开花BLOOM脱口秀的购票系统
wx2a31614f32b5ba70,弋阳交通码,Mini Program,,,扫码，丰富出行生活
wxb0e8f9906fbac6c3,弋骑出行,Mini Program,,,弋骑出行志在为区域内客户带来便利的出行方式，手机扫码即可轻松助力生活，为广大人民群众带来便利。
wxf422e25aafbf3fc4,弗蕾亚母婴微商城,Mini Program,,,弗蕾亚母婴商城
wx8e76886caa920c33,弘康华仁大药房,Mini Program,,,对接海川会员管理
wx6c3fe640c05c9c17,张一元微商城,Mini Program,,,北京张一元茶叶有限责任公司茶庄
wxccc317af271773e5,张家口公交,Mini Program,,,提供公交乘车码、实时公交、定制公交功能的小程序。
wx93b221f0e377b511,张家口市公共法律服务智慧平台,Mini Program,,,为公众提供法律援助、人民调解、公证、仲裁、复议等一站式便民服务。
wxb644a4694cfb51e8,张家港农商银行e智汇,Mini Program,,,整合商户管理、经营分析、订单管理、通知消息等功能。
wxefd4a46ee7f5e269,张家港定制公交,Mini Program,,,张家港定制公交小程序，方便市民定制出行。
wx45b06d91c723b776,张工教育题库,Mini Program,,,包含给排水、暖通、发输变电、供配电、岩土、环保、道路、建造师等培训内容。张工教育，因为专注，所以专业！
wx34b48ec66ef640d3,张店区茶派咖啡店,Mini Program,,,张店区茶派咖啡店
wxd245397ee1c6d286,张掖公积金大数据可视化分析平台,Mini Program,,,张掖市住房公积金移动办公使用
wx0ad2d81fd3728582,张掖市住房公积金管理中心,Mini Program,,,张掖市住房公积金个人业务办理渠道
wx8ddf51ee2d1befa0,张掖招聘网,Mini Program,,,张掖招聘信息网，张掖5县1区招人才找工作专业平台，汇集甘州招聘信息，民乐招聘信息，山丹招聘信息，高台招聘信息，临泽招聘信息，肃南招聘信息，张掖招聘群，张掖工作群，张掖人才信息，张掖兼职，张掖零工，张掖招聘会，张掖人才市场等各类求职招聘信息。
wxd5d42eedbecb09f1,张白羽舞蹈课程小助手,Mini Program,,,约课分享
wx665399f092b651ac,弥渡AI法律顾问,Mini Program,,,权威、专业、免费、快捷的AI法律咨询
wx2960fb3fe83cdf6d,归园田瑜伽,Mini Program,,,归园田瑜伽普拉提长宁店
wx157916b7d8eaccf3,归宿民宿入住指引,Mini Program,,,用于民宿住客查看入住流程、门锁/密码获取方式、地址导航、Wi-Fi信息、注意事项与客服联系方式。
wx2a7c086c37026cbc,归归的咖啡甜品集,Mini Program,,,回归食材原味，恬淡安逸生活
wx7bb576902363f4ff,当当购物,Mini Program,,,综合性购物商城，百万种图书超低价，限时秒杀，闪电到货
wxcb361599da0cedb5,彤达PMS酒店助手,Mini Program,,,老板助手、随时关注房态、营收、经营情况。
wx350a85adc6ea95fa,彩云之南CRM,Mini Program,,,用于规范销售外勤考勤打卡，统计拜访客户资料
wx487b4e7c415e06ff,彩云天气,Mini Program,,,彩云天气，为你预报几点几分下雨，简单快速查看街道级天气情况，一键分享阴晴雨雪给朋友们。
wxaf0eb1541f9bb555,彩云天气大字版,Mini Program,,,在家追剧还是出门下棋？彩云天气大字版让您“一目了然”。更大字体，更简界面。为您预报几点几分下雨，便捷查看街道级天气情况。
wxd0881679064ca0eb,彩映相机,Mini Program,,,上传照片，一键高清修复，让记忆重新清晰
wx34d30f9c98ce21a1,彩虹检察,Mini Program,,,顺应时代要求，强化检务公开，通过网络平台宣传法律法规，强化法律监督，维护公平正义，更好的服务百姓！
wx8cd7a92e3f051ade,彩蛋咖啡,Mini Program,,,Runny蛋点单小程序
wx6ce7b07bf7fe6048,影划算电影票,Mini Program,,,为广大用户提供特价电影票在线选座购票服务~
wx199bfa27acf30c3c,影石Insta360房产相机,Mini Program,,,Insta360房产相机助手可以帮助使用Insta360相机进行房产拍摄的用户更方便的查询手机状态，并进行相册预览和格式化存储卡等操作。
wx4deb9f7c0bb2dba8,征信网点导航,Mini Program,,,网点智能导航，征信查询，AI征信，征信报告，打征信，查征信，周末、元旦、国庆、春节等节假日查询征信。提供全国个人、企业信用征信报告线上、线下查询打印操作指南，快速搜索银行征信查询网点，一键地图导航至您附近的银行网点，智能解读个人信用报告。
wx12daa40eda995a3a,征有XIN网点导航,Mini Program,,,新版支持全国范围征信报告查询、打印网点搜索，一键地图导航网点。平台定期更新：征信知识科普、个人与企业信用报告查询与打印操作指南等服务，帮助用户快速找到征信网点、打印征信报告，解决征信难题，所有服务免费，请放心使用。
wx67c8c450abe4a638,很忙运营助手,Mini Program,,,零食很忙基座小程序
wxd83b3a8c62db2b50,律剑法律咨询,Mini Program,,,24小时免费律师咨询，在线提供法律咨询服务，咨询免费不收费，律师咨询24小时在线法律援助中心，律师咨询免费平台，提供一对一民事诉讼、交通事故、房产纠纷、离婚诉讼、刑事辩护、债务债权、劳动工伤、婚姻家事、合同纠纷，提供全国上万名优秀律师。
wx685ade73919ea394,律动24小时健身,Mini Program,,,律动24小时自助健身房，只为给用户带来更好的体验。
wx02006b195162b795,律动节奏音乐球,Mini Program,,,音乐球球跟着音乐跳跃滚动，享受3D炫酷场景，正版3D音乐节奏游戏，律动十足跃动大师级挑战
wxcb01ce68b61afdc8,律图法律咨询,Mini Program,,,律图网，信得过的好律师。平台精选15万专业律师，为您提供在线法律咨询服务
wx0246b3ddc5ef707a,律师咨询24小时法律援助中心润卓,Mini Program,,,"律所提供免费一对一律师咨询在线平台,律师在线咨询免费,专业律师咨询平台。"
wxe25c7ee44b27e111,律师援助在线法律咨询润卓,Mini Program,,,本所深耕综合法律服务，覆盖民商纠纷、刑事辩护、婚姻家事等领域，提供专业案件代理与法律咨询，守护您的合法权益。
wx0123337e8c598d14,律朗睡眠zz3y,Mini Program,,,"律朗睡眠助手zz3y是通过改变不良行为、睡眠习惯与错误睡眠认知等多方面因素, 达到改善失眠的效果。"
wxfa63b7bbe2789d72,律迈法律,Mini Program,,,本律所小程序提供法律咨询、案件委托、合同审查。资深律师在线答疑，高效解决法律问题，守护合法权益，足不出户享受便捷法律服务
wxb654cf02e3abc0e4,徐州凯西模拟器学习,Mini Program,,,驾驶人模拟器智能培训
wxad413b949d8fcc3b,徐州医科大学附属医院互联网医院,Mini Program,,,徐州医科大学附属医院互联网医院
wx8ae29d58831b0537,徐州地铁徐宝商城,Mini Program,,,徐州地铁徐宝商城
wxd5b4ac71cbca8c62,徐州地铁生活圈,Mini Program,,,徐州地铁生活圈平台
wx9941426848e8060d,徐州市儿童医院,Mini Program,,,徐州儿童医院线上应用平台
wxf66a54bc0da82606,徐州热炼健身服务有限公司,Mini Program,,,徐州热炼健身服务有限公司，提供多元素现代化健身社区，致力24小时智能自助健身服务。
wx8fd88ffa8abc83ba,徒步帮旅行,Mini Program,,,《徒步中国》全球活动报名入口
wx1af0d5bd20262afd,御码IT编程,Mini Program,,,只专注于课程和教学的IT教育机构
wxb9a5d799132a1f83,御研堂CRM+,Mini Program,,,一家能祛掉你脸上斑的全国连锁机构。
wxc9af71c1095592fc,微乐四川麻将,Mini Program,,,免房卡！血战到底、血流成河、红中血流
wx42d9f2c54689a299,微乐捉鸡麻将,Mini Program,,,免房卡！贵阳捉鸡、幺筒麻将、血战到底
wx3d52dd4807d5e0fa,微乐斗地主,Mini Program,,,好友房免费开，比赛还能赢购物卡！
wx3f322a9c1d7d3777,微乐湖南麻将,Mini Program,,,免房卡！长沙麻将、转转麻将、常德跑胡子
wx0a65aee066fbece0,微众银行,Mini Program,,,国内首家互联网银行——微众银行，足不出户体验存款服务，包含活期、定期等存款。
wxbe342c0e88979011,微众银行企业账户服务,Mini Program,,,本小程序用于企业客户向微众银行申请单位银行存款账户的开、销、变等账户类相关业务。
wx66a90900db27b9ae,微众银行小鹅花钱,Mini Program,,,用户通过小鹅花钱，可以申请线上贷款服务。小鹅花钱倡导用户合理借贷、按需使用和诚信履约，客户服务热线：400-811-9966。
wxf9031c407510abc4,微众银行微业贷,Mini Program,,,微业贷是微众银行为广大中小微企业提供的全线上申请流动资金贷款服务。
wx61e6179a05d01679,微众银行汽车金融,Mini Program,,,微众银行汽车金融，为您提供专业的汽车金融业务服务。
wx94371b307d49d962,微众银行零售服务,Mini Program,,,提供双向视频审核、客服能力
wxc76b599636cef9a9,微伴AI,Mini Program,,,智能硬件设备管理
wxaaff6b96fc2cd3c6,微信儿童手表版小助手,Mini Program,,,微信儿童手表版管理端官方小程序，家长可以使用小程序帮助孩子管理儿童手表帐号，连接家人、朋友。
wx1af4f6aa3a537c1a,微信发票助手,Mini Program,,,官方发票助手，连接智慧生活。将发票一键收进手机，绿色环保，从此告别纸质发票的开具、验真、归集、流转等烦恼。
wx08fc3847ccdcfc6e,微信发票商户助手,Mini Program,,,官方发票商户助手，连接智慧生活。商户可以实现审核开票请求、查看已开发票数据等功能。
wxa289101fb4a4deca,微信小店购物安全助手,Mini Program,,,小店购物安全助手，守护交易安全，助力安心购物。
wx887a6fc1e95cd883,微信支付全球有礼,Mini Program,,,微信支付官方小程序，在境外旅行、购物使用微信支付，可享受汇率优惠、平台优惠和商户/商圈优惠，覆盖中国香港、中国澳门、日本、韩国、泰国、马来西亚、新加坡、澳大利亚等热门境外目的地。
wx49625208931d29ec,微信支付商家助手,Mini Program,,,支持商户在手机端更方便、及时地进行帐务、经营等管理。
wxd40233377d2dd2a1,微信支付商家注册,Mini Program,,,微信支付商家注册官方小程序，通过商家注册完成商家实名认证
wx08a86733a0876453,微信支付商户尽职调查,Mini Program,,,物料拓展助手，帮助地推业务员落实门店物料铺设情况
wxdb3c0e388702f785,微信支付提现笔笔省,Mini Program,,,从这获得提现免费额度，微信支付官方小程序。
wx9d758a2588630f9a,微信支付智慧商圈,Mini Program,,,支持商家使用智慧商圈的相关功能
wx997d54e976cf36db,微信支付服务助手,Mini Program,,,提供自助和人工服务，帮助用户解决支付类业务问题
wx0914a871f27bd8d6,微信支付服务商助手,Mini Program,,,微信支付服务商的运营神器，帮助服务商随时随地管理生意。
wxae2ac9686e6bdebc,微信支付汇率查询,Mini Program,,,提供境外线下门店支付的实时交易汇率查询与汇率换算能力，并支持各类外币间的市场汇率换算参考能力。
wx70cc8ea911d6e10b,微信支付爱心小店,Mini Program,,,微信支付爱心小店
wxaed6df68ded6342b,微信支付爱心餐,Mini Program,,,一起为环卫工人送份爱心餐，谢谢城市美容师。（原“微信支付一块捐”）
wx0f4f9152cbaa3787,微信支付爱心餐 环卫,Mini Program,,,为经政府认证的环卫工人提供1分钱爱心餐服务
wx19e904724550a41f,微信服务市场,Mini Program,,,提供小程序和公众号相关的开发服务、API、内容服务等，实现服务商与商户、开发者在平台的合作和沟通。
wx7c86e0c731b9b8ef,微信记账本,Mini Program,,,方便快捷的记账工具
wx94af8311484aa69a,微信运动群排行榜,Mini Program,,,和群里的朋友一起排行，享受运动的乐趣，排解运动的孤独。
wxd3a73dfff13b1238,微办公软件,Mini Program,,,公司内部管理软件
wx9074de28009e1111,微博,Mini Program,,,新浪微博出品的轻版微博应用，一手明星动态，时下热点事件，搞笑幽默段子等热门微博等你来看。
wxcebd8d193e264c2b,微商店小助手+,Mini Program,,,微商店小助手小程序买家端服务平台！商家运营，顾客下单，操作简单，功能齐全！功能服务介绍：购物下单、扫码点单、在线支付、配送管理、商品展示、订单打印，风格装修、店铺分享、帮卖系统、商城系统、门店系统等......一站式开店，轻松做生意！
wx2119824e1a9246cf,微娱管理,Mini Program,,,微娱管理
wx1c7b80fa918f7c68,微宝基金,Mini Program,,,深圳市微宝证券私募基金管理有限公司，专注于证券二级市场投资。在这里，展现投资理念，分享投资知识。
wx6a9b201c2a4c031f,微小店商城,Mini Program,,,微小店商城是一款价格更低、品质更好的购物小程序，汇集服饰，鞋配，美妆，百货，母婴，家纺，食品，数码等全方位生活必备用品，微你所想，店你所爱，每一件商品精挑细选，每一个价格都击穿想象底线。
wx13f78d4f2135ec9b,微思母婴,Mini Program,,,提供母婴生活的相关信息
wx72b7d4e17dc42704,微投票程序,Mini Program,,,微投票小程序，数千万人使用的专业投票制作平台，支持视频/图片/文字/图文投票，在线制作投票链接，线上投票助手。涵盖微投票管家、中正投票、云帆投票、合家投票秀、易企微投票、投票鸭、创建投票软件、投票系统等。投票小程序怎么发起？投票制作小助手
wxb2cda629b1f8dcbc,微报账 收票报销系统,Mini Program,,,百万中小企业免费使用的发票智能收取、电子化报销、供应商付款、自动化财务记账、电子化归档和勾选抵扣系统。
wx2c7270f92d91dd23,微福生活,Mini Program,,,专注客户实现职工福利的科学发放，满足节日庆贺、生日慰问、职工观影、职工活动等需求。
wx73865dc46e3f796c,微联外卖,Mini Program,,,附近美食、早午晚餐、下午茶、宵夜、中餐、西餐、家常菜应有尽有
wx3016694c05578ea7,微联编程平衡小车,Mini Program,,,微联编程ESP32平衡小车遥控端，支持蓝牙遥控，PID调参
wx5038f3db279eaf85,微记账单,Mini Program,,,好用的账单账本小程序。自定义分类管理，成员管理，资产管理，收入支出、借钱还钱，自定义账本，共享记账，多人记账，简单记录。
wxe2e8fc42368a142a,微试题数学每日一练,Mini Program,,,小学数学课堂同步单元练习。上万题库覆盖小学数学全内容，口算、易错题、期中期末模拟。智能诊断，找出薄弱点提高。10w+用户使用、推荐～
wx92d650b253f8f2e3,微赞直播,Mini Program,,,广州赞赏信息科技有限公司，企业级SaaS服务提供商。
wxb0d7a1b631db65e6,微运动计步,Mini Program,,,开启运动计步数，走路步数记录，查看今日步数和运动步数排行榜，分享运动步数，共享健康人生！
wx55bfbf9961d209d2,微途多好省旅游火车机票景点,Mini Program,,,美团，京东，唯品会等电商平台红包优惠券，旅游酒店优惠券，航空高铁动车出行飞机票火车票网约车顺风车拼车，景点门票打折优惠
wx0a4e77af4b21a22e,微邮付,Mini Program,,,微邮付收银台小程序
wxf099dee23b7f618e,微醺列车bistro,Mini Program,,,微醺列车bistro
wx2777dc5c7da92fb1,微音乐,Mini Program,,,发现让你惊喜的原创音乐，与音乐人直接互动并赞享支持他们的创作
wx54bfe14b2c2e4474,微鹏汽车充电,Mini Program,,,扫码启动充电，即插即充，实时监测充电状态，充满自动断电。推送通知，查询充电记录、充值明细及账单管理
wx73d96612a9297d22,德伦CRM,Mini Program,,,德伦口腔客户管理小程序
wx950799bcffb53357,德停车,Mini Program,,,提供车主停车相关服务。
wx597b44c8c65a14bf,德全酒店,Mini Program,,,德全酒店
wx3c5972f3279a1180,德华安顾人寿保险商城,Mini Program,,,德国品质，国资信用，德华安顾人寿保险商城，做高性价比保险产品供应商。
wx67165d844c9d7c8a,德国铁路DB火车票预订,Mini Program,,,德国铁路DB官方小程序，提供德国火车票的一站式预订服务；支持实时查询列车时刻与票价，覆盖多种车次与座席类型，预订流程规范、安全、便捷，满足日常出行及跨国铁路出行需求
wxf6c311cebc3538cc,德宏交通运输集团,Mini Program,,,德宏交通运输集团旗下各客运站发往各地汽车客票查询、购买服务……让您足不出户轻松购票！
wxc910404d3777dc9a,德宏州住房公积金管理中心,Mini Program,,,住房公积金政策信息发布、住房公积金查询、住房公积金业务咨询、住房公积金业务办理
wxcf4ff4d503fcf67d,德客CRM,Mini Program,,,"德客CRM,德客员工管理系统"
wx4a4da3d76d61e0b3,德州扑克AI教学,Mini Program,,,实战AI指导和牌局复盘，基于CFR算法的德州扑克GTO教学，天天德州扑克竞技
wx99e784bae66172ca,德庄食品CRM,Mini Program,,,德庄集团CRM项目，费用举证专用小程序。
wx75bb70042bcd3da9,德庆县西柠饮品,Mini Program,,,\u6b22\u8fce\u5149\u4e34
wx282f629d87b39725,德月堂餐饮,Mini Program,,,德月堂餐饮
wxb66d5a243db47ee0,德立云停车-,Mini Program,,,提供车主停车相关服务。
wxc820c5bcbe5f1a85,德阳公交,Mini Program,,,德阳公交小程序是德阳裕兴公共交通有限责任公司重点打造的便民应用，为德阳市民提供便捷支付，绿色出行等服务。
wxee0399abbdab1ad5,德阳城市轨道交通职业学院,Mini Program,,,德阳城市轨道交通职业学院
wx385265bed402e0a7,心动电影票,Mini Program,,,【新人领券低至9.9】特价电影票，全国影院在线选座，热门电影新片购票3折起！每张优惠5-20元，附近电影院优惠买！还有特价大牌点餐、饮品特惠等！
wx37eb4cf8038e879c,心动的生活,Mini Program,,,给疲惫的生活加点微醺~
wxda2d797fd5751418,心境心理,Mini Program,,,提供专业的心理咨询服务。我们由资深咨询师团队组成，针对焦虑、抑郁及青少年心理等问题，提供一对一的深度心理疏导。
wx3eedf20230608042,心师心理,Mini Program,,,心师——一站式家庭成长心理学平台，精心推出多种心理健康测评工具。旨在帮助用户深入探索个人的内心，评估用户心理健康状态。
wxfc6e723dd05a2425,心形照片墙,Mini Program,,,照片墙、电子相册、相册在线制作、萌娃大合照、照片拼图小程序。
wx1b33ebc15756d76f,心思源优选饮品,Mini Program,,,心思源优选饮品
wx75d595fa63dc6606,心意电商,Mini Program,,,中国人寿集团唯一自有电商平台
wxc790fd57178c1dd6,心愿阅读会,Mini Program,,,为您提供海量、免费、优质的小说。
wx25e9c563532f546f,心浪潮psyByond心理服务预约,Mini Program,,,心理援助信息查询与预约平台。整合数百位海内外心理咨询师、全国多类心理援助公益机构，供用户安全预约。
wx51bcc8637ce73434,心海导航,Mini Program,,,智能化线上心理治疗解决方案，包括抑郁、焦虑、强迫、失眠的自动化心理治疗。
wx6c2868d6a66e3f50,心率运动,Mini Program,,,移动式运动管家，完整记录课程信息，精确展现运便携式设备管理， 实现运动健身智能化，数据化及互动化升级。
wxd400497540459cb8,心理委员基础知识与实用技能慕课,Mini Program,,,心理委员的基础知识与实用技能
wx4e8fced11b9d66cf,心理年龄测试Pro,Mini Program,,,想知道你的真实心理年龄？心理年龄测试通过40道题目快速得出你的心理年龄结果，并解析你的心理年龄和维度，帮你了解真实自我
wxe7ae769e8f3163ca,心理测试题测评,Mini Program,,,心理测试免费，心理健康测评系统，专业心理测评平台，包含抑郁症测试、焦虑症测试、人格测试、性格测试、强迫症测试、双向情感障碍、scl90症状自评量表等专业心理测试量表。
wx31d34fb02823a1a0,心理矫治,Mini Program,,,面向部分人群的心理健康教育、心理知识科普、心理热线咨询，心理测试评估等相关的心理矫治平台。
wxef1afe3d1d98b12b,心聚心母婴,Mini Program,,,浙江省知名母婴连锁品牌，成立于2004年。专为孕妈及0-6岁婴幼儿家庭提供安全、丰富、实惠的母婴产品和专业贴心的育婴服务。
wx5d47fab8a973433f,心里美酒店预订尚客优兰欧品睿,Mini Program,,,尚美数智酒店集团酒店会员预订平台。包含雅高瑞享、兰欧、品睿、尚客优品、尚客优等酒店品牌。为全球1.4亿会员提供酒店服务。
wx946e0668ccdd9b02,心霖公社终身学习中心,Mini Program,,,科技赋能家庭教育，提供多样优质的知识产品与在线服务的数字化平台
wx8fb6469916fc135c,必富咖啡,Mini Program,,,必富咖啡三明治
wxbd97c5e7ea6cf136,忆小口餐饮,Mini Program,,,忆小口餐饮
wx5dd8520a0605ecfe,志亦科技,Mini Program,,,志亦科技
wx96cacc1fa5fce7d2,志定义水印相机-批量定位去水印,Mini Program,,,时间地点可改水印相机；志定义水印相机；经纬度相机；今日打卡水印；工程管理；考勤打卡；改时间；位置；取证拍照；图片加水印
wx81f60b6e2ce813e3,志慧美食,Mini Program,,,志慧美食
wxcc558d87bc462a33,志慧美食中式快餐,Mini Program,,,志慧美食专家
wx38de925d50951efa,忘忧阅读,Mini Program,,,阅读更多精彩章节
wx661359964517f72a,快e电电单车出行,Mini Program,,,两轮车充电综合服务平台
wx17ed37c8477ee407,快上岸丨大学生央国企求职神器,Mini Program,,,北京齐绘未来教育科技有限公司是致力于为国内大学生和海外留学生提供就业服务的专业培训机构 以实现目标导向，以拿到offer为根本
wxc6cf695b87515ecf,快乐e工丨兼职零工小时工找工作,Mini Program,,,快乐e工是由北京互联维高科技有限公司投资开发的兼职软件产品，兼职帮工招聘求职找工作小时工长期工共享用工，增加用户其他收入。
wxd68275a0355e7613,快乐住民宿酒店预订入住系统,Mini Program,,,无人智慧酒店，民宿酒店、商务酒店、扫码入住、智慧酒店、电子会员、CRM、PMS、捷信达、西软、绿云、罗盘、别样红、温泉度假村软件、汤泉软件、洗浴软件、采购供应链、机器人办理入住、手牌自助发放机、闸机、酒店智能化软件产品开发及销售宣传
wxdadd8e65460e41dd,快乐咖啡HCS,Mini Program,,,快不快乐，都请喝快乐咖啡
wxb8524390da271145,快乐掼蛋,Mini Program,,,全民掼蛋平台，掼蛋合集，好友约局免费玩！
wx469ff3005347b841,快享e生活,Mini Program,,,一款集多种优惠服务的小程序，具有：加油站加油优惠支付、线上优惠点餐、电影票优惠销售等功能。
wxbf366dc0a2e9a559,快停云管理端,Mini Program,,,快停云实现基本的停车管理功能
wx2672757b4553d5d7,快团团,Mini Program,,,快团团，社群团购小程序。包含接龙、团购、报名、帮卖、直播、订单管理等免费功能，致力于提供优质的社群购物体验。
wx40c6267da2afd009,快快汽车,Mini Program,,,提供租车服务，包括下单、续租等。
wx79a83b1a1e8a7978,快手短视频,Mini Program,,,记录世界记录你
wx25b0d742b60f158a,快抖去水印工具,Mini Program,,,"全网免费去水印，视频,音乐,图集,封面,一键保存,去水印工具。"
wx2013de13e60e66c4,快捷通机票,Mini Program,,,专业提供国内国际机票，公务机票，团队机票，火车票，贵宾服务，航空产品，旅客延伸服务。
wx895f3752bc896ede,快推信息丨求职招聘找工作,Mini Program,,,提供招聘信息，公招信息
wxde2207ef08603f13,快搜地图,Mini Program,,,帮助基督徒快速找到附近的天主教堂，包括教堂名称、弥撒时间、电话、地址、导航、简介等信息，欢迎收藏使用并分享给更多的朋友。
wx04015c6fc40bdfdd,快步打车,Mini Program,,,华格科技快步打车
wxa351b3734d967765,快狗打车司机,Mini Program,,,快狗打车司机，为货车司机免费提供接单赚钱工具，有优惠加油、违章查询、二手货车、司机招募等服务，是必备接单赚钱、省钱神器！
wx4cf3a49a9f3f8462,快狗打车拉货搬家 发货货运,Mini Program,,,拉拉货搬家运东西就找快狗打车！搬家拉货一键叫车！搬家具跑腿发货发整车运大件小件，同城货运物流快递闪电送达~
wxd3db6ab44cd5eb7a,快狗打车搬家丨搬家公司包搬运,Mini Program,,,个人搬家、家庭搬家、公司搬家、日式搬家、跨城搬家。全程搬运，明码标价，5万物损保险。搬家师傅经专业培训，让您省时省心省力~
wxe4b14974c4abad24,快电企业版,Mini Program,,,"快电小程序支持在线查找充电站、扫码充电、在线支付等多种功能,集合多家充电站运营商,提供一站式充电服务,全国商用车新能源平台"
wxb5488824e3824079,快电出行,Mini Program,,,两轮电动车租车、换电及相关技术服务
wxc77abe30ee39fc7c,快编程星球,Mini Program,,,快编程专为家长设计的便捷小程序，助力家长深度参与孩子的成长。编程学得快，就找快编程！
wx9895c589bb4e0db8,快趣阅读,Mini Program,,,快趣阅读拥有现言、都市、悬疑、穿越、古言等海量热门精品内容，专注服务热爱阅读的书迷用户。
wx587ee4d7b3494f6f,快跑外卖营,Mini Program,,,本地生活配送平台
wx2da081ae92a61718,快轮出行,Mini Program,,,共享电动自行车
wxab00e2c45a93bd25,快运动羽毛球足球篮球网球乒乓球,Mini Program,,,体育智能化一揽子解决方案
wx26cdce409d9082ac,快送猫外卖 美食外卖跑腿快递,Mini Program,,,本地生活平台-附近美食、跑腿、小吃、百货、生鲜、均可配送乡镇送货到家，村里也能下单！
wx6885acbedba59c14,快递100,Mini Program,,,[快递100]3亿人都在用的全球快递物流一站式数智服务平台.查快递|寄快递|管快递|揽快递|上门取件|快递比价|批量查询快递|批量寄件|网购退货|寄电动车|寄大件|物流托运|国际寄件|覆盖圆通申通中通京东邮政韵达菜鸟等3000+快递公司
wx20ead0e815a91a20,快马日结小时工 电商仓库打零工,Mini Program,,,仓库日结工、日结工、分拣员、理货员、装卸工、仓库打包工、包装工、招盘点员、招调货员、仓库临时工、拉货员、配货员、招仓管
wx2e0f33621b8c8e66,快驴进货商城,Mini Program,,,一站式餐饮食材、用品采购的优质选择，鲜肉、水产、调料、冻品、蔬菜批发价云端采购，专业物流配送，坐享产品安心到店。
wx083a0ce630bfce19,快鼠运动,Mini Program,,,快乐运动，运动全方位记录
wxb234868de3ccd6ef,念心愉瑜伽普拉提,Mini Program,,,会员约课
wx7cfbc50a498b6c41,念母恩美食,Mini Program,,,用于餐厅点餐
wxc2f1cf702b05c794,忻彩服务4,Mini Program,,,主营各类膳食营养保健产品，严选正规货源，品类丰富齐全。专注日常身体调养，坚持品质为先，按需科学进补，满足大众养生保健消费需求。
wxba2d267929227af4,怀旧观光小火车,Mini Program,,,风景廊道公司观光小火车
wxe00745bfe16d0ca0,怀柔全域旅游数字地图,Mini Program,,,北京市怀柔区文化和旅游局官方平台，为游客“来影都过周末”提供“吃、住、行、游、购、娱”一站式服务，将怀柔的美好分享给您。
wx9060ffc05de64bb4,怀聘网 - 怀化求职招聘找工作,Mini Program,,,怀聘网（又称怀化招聘网、怀化人才网），是深耕怀化的专业招聘平台，服务范围覆盖市本级及下辖13个县市区。7000+用人单位、20000+职位，“薪”动好岗，“职”等你来。
wx1b71e10a73307b91,态迹工具箱,Mini Program,,,态迹便捷工具
wxc50e2e9fe32a6590,怒江州住房公积金审批助手,Mini Program,,,让中心人员在移动端也可对职工申请提交的业务进行任务查询、内容审查和审批操作，让中心相关业务的审批流程能更及时有效的开展。
wx176f46c77bc19ed6,思博特运动,Mini Program,,,培养学生日常运动习惯，方便学校进行运动管理。通过“互联网+”的方式开展课外体育活动，切实提高学生整体身体素质。
wx5f4110c3565cdd77,思念食品客户服务系统,Mini Program,,,思念食品客户服务平台
wx7e7f3280ebddc147,思怡瑜伽普拉提,Mini Program,,,思怡瑜伽成立于2008年，在佛山、广州设有5家直营瑜伽普拉提综合型门店，拥有60多位瑜伽普拉提全职教练，有成熟的教研部，定期做课程优化，专业技术领先市场。
wx1f05cedf52d941ea,思无邪民宿,Mini Program,,,思无邪·逍遥游民宿
wxaeff3310b1059782,思源办公,Mini Program,,,北航离退休综合服务信息平台工作人员移动端
wxa2d6c659851b55a5,思辩阅读,Mini Program,,,英语空中课堂，提供线上微课堂、作业打卡、在线录播及直播课程、线上阅读和家长课堂。
wx5fc332c3e638bbfb,思迈尔生活,Mini Program,,,校园生活
wxf02bfacf6c6dd006,思迈跃动健身24H,Mini Program,,,跃动健身  会员约课系统
wx6eca0a7674c88673,性价比机票地图,Mini Program,,,为您提供全球特价机票查询，及延伸航班动态出行服务
wx75caedbe52466e11,恋人记账,Mini Program,,,专为情侣设计的情侣记账小程序！情侣攒钱小荷包，快速记录彼此收支情况，同步恋爱消费日记，轻松实现情侣攒钱、情侣存钱、共享记账、双人记账～打造专属情侣空间，为共同未来一起努力！
wx9526c817572b66df,恒洁门店SCRM,Mini Program,,,让数据变得更直观
wx95e757d866993ef9,恒生活,Mini Program,,,点亮您对美好生活的向往
wxeb7247ac0a23de3f,恒生活劲来电,Mini Program,,,全场景补能：两轮通勤，四轮远行，一键充电更省心！
wxde2d75c2f1d1ed72,恒美食,Mini Program,,,美食餐饮
wx79a114c051d68647,恒记餐饮高新智造港,Mini Program,,,用于餐饮点餐和订单查看
wxa93c6d89ffa91cb0,恒隆租户服务,Mini Program,,,客户服务、会议室预订等
wxab6ada0b5ef1cbe1,恩普票务丨避暑山庄及周围寺庙,Mini Program,,,避暑山庄唯一官方授权在线支付平台，即时获得二维码，无需换票，凭二维码直接进入景区。省去您排队的烦恼，节省您的宝贵时间！
wxfbd30a38a18c2059,恩泽众寻导航,Mini Program,,,台州恩泽医院的院内导航
wxa012943216d36492,恩舍瑜伽会员中心,Mini Program,,,N.SOUL YOGA 轻运动 新瑜伽
wxa927c2864009d21e,恰闪相机,Mini Program,,,恰闪相机是使用AI绘画和AI建模能力给用户定制手办的小程序，用户可以小程序上创作模型，然后下单制作购买实物。
wx7cdb2f102e668550,悉尼庄园民宿,Mini Program,,,悉尼庄园民宿
wxcc9d1a3d42ebc8b7,悍熊运动,Mini Program,,,悍熊运动24h自助健身房，不推销，不打扰，可安次，可包月。
wx8c23b713feedf361,悟空外卖GoKoo,Mini Program,,,悟空外卖（悟空海外）是一站式泰国生活服务和旅游服务平台，来泰必备小程序。
wxf6d683ef06fe8f99,悟空校园丨外卖美食超市代取代办,Mini Program,,,外卖美食超市代取代办
wx50cd6fd1caa0ac21,悠唐购物中心U TOWN MALL,Mini Program,,,U趣、U范、U生活！朝阳门外的时尚地标！
wxd24a4534ec4cbd8d,悠季瑜伽会馆服务号,Mini Program,,,瑜伽赋予我们幸福快乐的能力。如《奥义书》所阐述，让生命所有“鞘”（层）均衡发展，喜悦则至。针对五鞘的完整瑜伽习练。
wx1dc4ef05a1b840a1,悠家精品民宿,Mini Program,,,做有温度的住宿 打造有品质的民宿， 提供安全、舒适、便捷、周到的住宿体验！
wx0926ffb47ffdfab1,悠悠房车贷公积金个税装修计算器,Mini Program,,,房贷计算器、车贷计算器、公积金计算器、个税计算器、装修计算、公积金、孕周计算、存款利率等。
wx8975c66226755608,悦动跑圈-跑步记录,Mini Program,,,悦动跑圈，跑步记录，跑步助手，跑量统计，跑步打卡，支持户外跑、室内跑
wx0bab5b0a1851eeab,悦动跑步,Mini Program,,,跑步运动工具，记录运动轨迹，计算里程步数卡路里，愉悦跑步，Keep Running。
wx7fd2a7b31d9d779b,悦动跑步数圈,Mini Program,,,悦动跑步数圈，步数排名，跑步运动工具，愉悦跑步，运动排行榜，步数健身，步数赚钱
wx604d63033f03ee8f,悦合饮品,Mini Program,,,为用户提供一站式的产品服务咨询和供应链服务，欢迎咨询和体验
wxb1830dcc38dc5dba,悦客数电发票,Mini Program,,,AI数电发票，让开票变的简单
wxca87bb904e4192dd,悦家工装丨办公室店铺门面装修,Mini Program,,,58同城家装|新房老房二手房装修提供办公室装修、店铺装修、厂房装修、门面装修、写字楼装修、餐饮店装修、酒店装修、学校装修、会所装修、饭店装修、商场装修、4s店装修等，提供专业装修设计、找本地装修建筑公司、监理、质检、找包工头等工装服务
wx0b6762024b8dc0c8,悦目电影,Mini Program,,,一个专门提供企事业单位电影票福利的平台
wxaa67f523ad62aba6,悦行娱乐,Mini Program,,,悦行娱乐为千万家庭儿童提供快乐陪伴，茁壮成长。
wxb16e1d323d7fb688,悦跑圈-跑步记录助手,Mini Program,,,悦跑圈，跑步，跑步记录助手，跑步工具，运动步数，步数，我的步数，计步器，走路步数，健康步数，步数统计，步数记录助手，运动步数打卡，我的步数排名，跑步记录仪，跑步记录器，跑步轨迹记录，跑步地图，跑步公里记录，跑步速度记录，跑步热量计算等
wxa2da49d6cacc1c0b,悦跑跑步数运动圈,Mini Program,,,
wx5f36f9e654f3a0f7,悦达停车,Mini Program,,,出行停车、用车养车方便好用的小程序
wx75657867ee9973e3,悦途出行,Mini Program,,,全球畅享、品质出行。让出行更有品质、更有价值。悦途出行针对中高端出行人群，通过为用户提供机场、高铁贵宾厅及快捷通道等服务
wxdb7de0fc210b10ff,悦里智慧娱乐空间,Mini Program,,,悦里无人自主娱乐厅共享空间，以物联网科技加持，打造舒适的无人自助娱乐模式。
wxd78675b72edaf2e5,惠享电影,Mini Program,,,更多电影优惠，敬请期待
wx8a8155173c43d5e9,惠州市儿童公园,Mini Program,,,惠州儿童公园
wx9738a22df92024f8,惠州市第二妇幼保健院服务平台,Mini Program,,,实现就医全程线上操作，简化流程，减少排队。
wxd985d4c60927a863,惠州港惠购物中心,Mini Program,,,港惠购物中心官方小程序
wx99ba3cccc5502234,惠州莲心瑜伽,Mini Program,,,惠州莲心瑜伽，为您带来专业优质的课程！
wxaaaf82f47a653f60,惠来政务通,Mini Program,,,惠来县政务服务小程序，提供办事预约服务、大厅取号服务、消息推送等功能。
wx7ee54913da5182ad,惠民县宝芝林大药房多利卡,Mini Program,,,惠民县宝芝林大药房
wx0630f4f475093daf,惠生大药房会员系统,Mini Program,,,惠生大药房会员升级
wx3cc67a79794cf3c6,惠麦办公,Mini Program,,,仅用于惠麦集团内部协同办公使用
wx89c4d10b6f64bd4e,想住民宿,Mini Program,,,想住民宿
wx7027a51347493708,想家停车,Mini Program,,,金地智慧服务停车小程序
wxa0e2740c9567acea,意国列车,Mini Program,,,意大利飞扬旅游（FLY GROUP S.A.S）旗下的陆上交通小程序。TRENITALIA和ITALO授权认证，为您省钱、省时、省力，快乐出行。
wx3979bcbffb8bdf53,意境瑜伽人会员之家,Mini Program,,,这里是赵一--瑜美人专属能量空间，从直播间的串联课程，到针对性的练习，以及丰富全面的养生知识，你需要的干货，都在这里。
wx515bb7dc2cc85d88,意尔康SCRM,Mini Program,,,意尔康SCRM是一款专为意尔康导购设计的小程序
wx49e320d4dbd6293e,意得电影院,Mini Program,,,台州意得国际影城欢迎您的到来
wx3bbd7554b8202295,慈济慈善事业基金会,Mini Program,,,"环保好习惯养成打卡小程序。欢迎和慈济志工一起疼惜大地,传递爱心,共同为子孙后代留下一个干净美好的地球。"
wxbff7249725d09c57,慈溪公运汽车票,Mini Program,,,慈溪市公路运输有限公司票务小程序。
wx2e51af85f363480e,慈爱母婴健康育养,Mini Program,,,妇幼健康，科学喂养
wx8aad6ab6130d5ed6,慕念雪鲜果茶,Mini Program,,,慕念雪点餐及会员小程序
wx747078ffee7bb438,慕思AI智慧睡眠,Mini Program,,,慕思AI床垫，智能深度睡眠专家。
wx5e25b4d85e98c0f6,慕思营销助手,Mini Program,,,洞察分析行业走向，为经销商提供精准营销数据。
wxae6a0fb02940c2ec,慢慢生活,Mini Program,,,《慢慢生活》是一款解压休闲小游戏，您将在这里成为真正的建造大师。使用合成消除类玩法获得材料，解锁更多建筑，打造独一无二的小镇~~
wx6dcf59f0584ed5dc,慢病保险服务平台,Mini Program,,,以健康管理服务为目的，为用户提供自助申报，查询等一系列自助服务
wx913b1cce74076175,慢花团母婴精选,Mini Program,,,慢花团-您的母婴购物好选择
wx60639fe0783e851c,慢话咖啡饮品店,Mini Program,,,可快速点单，在线支付，领取优惠
wx5798b831edda2fef,慢跑180步音乐完整版,Mini Program,,,免费慢跑节拍器，支持180步频、定时，音乐同放，历史数据查询，节奏稳定，简洁直观。
wxd3121626d542034b,慧健身,Mini Program,,,24小时开放，不受时间限制，随心所欲地安排健身计划，无需协助，自主操作，享受自由、高效的健身过程。
wx7625ff18e99b13bd,慧友会酒店预订欢漫欢致悦致,Mini Program,,,慧友酒店集团旗下拥有欢漫、欢致、悦致、菲伦、希顾等酒店品牌，覆盖多元出行需求。集团官方预订平台「慧友会」支持全国酒店便捷预订，注册登录即享专属福利，优惠价直降、消费积分加倍等权益同步解锁。
wx7141d9a61272fa7f,慧城家政旅游班车,Mini Program,,,用于提供家政服务以及旅游出行，如保姆、月嫂、房屋保洁、家电维修、数码电器维修等在线预约等服务
wxab08708d6642513d,慧审发票报销预审小助手,Mini Program,,,互联网+发票报销预审最佳实践。员工报销时，自行扫描录入电子发票或手工录入纸质发票，财务管理人员后台预审票据信息，支持自定义各种不同报销类别的统计、归类以及电子发票查重，大大提高财务人员票据审核效率和统计时效，让报销数据所想即所得。
wx21c68ff32aebfd54,慧才课后服务,Mini Program,,,专注于课后服务
wx93ca79183eba7128,慧有米税务代理,Mini Program,,,慧有米税务代理
wx06dffa5bc100a081,慧来客CRM,Mini Program,,,美业资讯、会员预约、会员信息查询、会员消息推送等与会员互动的功能
wx48769848bff8d5c8,慧济生活,Mini Program,,,美食享优惠，上慧济生活！
wxd01450f3f8b9fdc8,慧编Coding少儿编程,Mini Program,,,用于宣传我们学校的师资力量，学校环境，课程。
wx94fce73fc8bf74a3,慧话宝英语,Mini Program,,,英语课本同学学习，例如学课本学单词做习题等
wx2e814aa9d2b72665,懂营养网络学习平台,Mini Program,,,本小程序主要针对社工工作者考前培训辅导功能。
wx29df902f9c24df74,懂营地房车自驾露营地图,Mini Program,,,懂营地房车露营地图！三万露营地 / 驻车地在手，自驾、安营、驻车、露营都方便，一键定位精准导航。露营找营地？就用懂营地
wxe2983d7fcaa5b9bf,懂酒店,Mini Program,,,高星酒店价格查询与监控：万豪、IHG洲际、希尔顿、凯悦、雅高、香记等酒店房价、会员价与积分房，一键查低价，降价自动提醒，回血返利。订酒店前，先懂酒店
wx8f2f6c1fc3410c56,懂鱼天气,Mini Program,,,提供实时查询钓鱼天气预报、本地钓鱼天气预报、鱼情天气预报、鱼情指数、明日钓鱼天气预报、实时水情、水文水情查询、水位查询、钓鱼气压查询、钓鱼潮汐查询、线组搭配、拍照识鱼、鉴鱼等功能。
wx6a14b3576bedb652,懒人办公Online,Mini Program,,,懒人办公PDF，PDF在线转换器，在线转换PDF文件，PDF转Word，Word转PDF，在线图片处理，PDF合并，图片文字识别，发票合并打印
wxbbe6c9c719add908,懒人医考课程,Mini Program,,,懒人医考医师资格考试培训课程
wx7532ec5a393956f2,懒人饮品,Mini Program,,,LAZYLAND懒人咖啡
wx9e2ae9f3279d6749,懒猫摄影,Mini Program,,,▪ 北京 杭州 上海 西安 沈阳 南京均有旗舰店▪ 个性写真 孕妇照 亲子照等摄影服务应有尽有▪ 旨在让有生命力的影像照耀更多人
wx18f352cfc0d52091,懒猫记账,Mini Program,,,一款方便快捷的记账小程序，让您的收支明细一目了然，更有图表功能账单可视化，每天随手记下你的收支，让您的财务更透明。
wxb2e8dbf281613200,懒虫智慧运动,Mini Program,,,懒虫运动，运动是一种生活方式
wx0685e53ba073c422,成农院技能证书考试报名,Mini Program,,,成都农业科技职业学院继续教育学院职业技能等级认定在线报名平台
wx71ed945968d3296e,成影票务,Mini Program,,,成影国际影城在线购票
wxe4d565fe0e03f2d8,成渝金融消费者权益保护中心,Mini Program,,,中心的业务主管单位为重庆银保监局，免费为金融消费者提供纠纷调解、政策咨询及金融知识宣传等服务，维护金融消费者的合法权益。
wx81128b56e0ffbc89,成都七中万达学校智慧校园,Mini Program,,,成都七中万达学校智慧校园服务
wxe1c148edc28f40e3,成都交投能源股份公司,Mini Program,,,成都能源发展股份有限公司以新理念、新思维、新举措大力发展充换电、储能、光伏发电等新能源产业，打造绿色智慧综合能源运营商。
wxb5bb247bc2242d6e,成都仁和新城购物中心,Mini Program,,,将最新活动、折扣等信息及时告知会员，为仁和会员提供优质的服务，便捷的购物方式。城南品质生活，时尚潮流，尽在仁和新城。
wxcb7b6f13ed8c5d23,成都住房公积金,Mini Program,,,成都住房公积金管理中心官方小程序
wx9a51f4c8dc43e956,成都停车,Mini Program,,,成都市停车泊位查询、诱导及停车费用支付、电子发票开具等服务
wx82c92c6d540ecf91,成都儿童专科医院智慧医院,Mini Program,,,挂号，缴费，报告查询
wx472f79143cd8f77f,成都公交乘车码,Mini Program,,,成都公交官方小程序，公交出行综合服务平台。
wx6430e749b94b63fb,成都公交智慧车队,Mini Program,,,成都公交集团智慧车队小程序是给公交集团下车辆运营管理人员和驾驶人员使用的一个智慧运营模块。
wx35878a5af88259bb,成都农商银行云网点,Mini Program,,,为客户提供随时随地随需的网点线上查询、咨询、业务办理及生态服务；为网点提供一网点一平台的线上个性化服务及运营平台
wx20cdb5da712a971c,成都博物馆票务系统,Mini Program,,,四川省成都博物馆票务预约系统，游客可在此小程序上预约门票，查询电子票号
wx1b5e2763b9c1e06e,成都地铁乘车码,Mini Program,,,成都地铁二维码乘车
wx8ca07158422a421f,成都城市音乐厅在线购票,Mini Program,,,成都城市音乐厅是省、市重点文化民生工程，是中国西部最大、功能最全的综合性演出场馆。
wx42604e4808885513,成都天气,Mini Program,,,发布成都天气，发挥第一道防线作用。
wxd9dafe5289772c5f,成都子沐映画摄影有限公司,Mini Program,,,“子沐映画”一个坚持自主原创，坚持客片说话，坚持口碑营销专业的婚纱摄影服务机构！
wx4598435cf789d207,成都宜聚思科技有限公司,Mini Program,,,成都宜聚思科技安全充电站官方小程序!专为小区物业、园区、商超投放零成本设备，24H全天候远程安全监管系统。
wx8f699c9816fca849,成都市政务服务中心,Mini Program,,,成都市政务服务中心成立于2020年3月，是市政府设立的面向社会公众办理行政审批项目和其他服务事项的机构和场所。
wx6fc0ed421428c9df,成都振川交通文化有限公司,Mini Program,,,成都振川交通文化有限公司购书平台，旨在为特定合作校园的学生提供线上购书服务。
wx33fd59bf6d428dda,成都新闻物业有限责任公司传媒通,Mini Program,,,新闻物业传媒通智慧平台
wx797f7ba44e1a60d0,成都本地招聘,Mini Program,,,成都招聘、成都人才网、成都直聘、成都求职招聘、成都零工兼职、成都找工作、成都日结兼职、双流云招聘、龙泉人才招聘、郫都人才网、新都人才网、温江就业网、武侯区招聘、金牛区招聘、锦江区招聘、成华区招聘、青羊区招聘、成都人才招聘、成优网招聘、蓉聘
wx11e08d8f04edb7f9,成都极空科技有限公司,Mini Program,,,一家新能源电池管理系统研发商。
wx5302d64bab84176f,成都汉方堂中医挂号,Mini Program,,,为患者提供便捷的挂号服务
wx832905c5ddeeee63,成都汽车职业技术学校,Mini Program,,,学生相关业务办理
wxddc6a0d965a89098,成都西南儿童医院官方挂号中心,Mini Program,,,成都西南儿童医院挂号小程序，满足家长在线挂号、线上咨询等需求，涵盖咨询、挂号、康复指导、家庭训练、科普知识等多个领域
wxe439e8832c162e49,成都银行微银行,Mini Program,,,成都银行官方小程序，为您随时随地提供便捷、高效的金融服务
wx9cdfd28f0a4e03aa,成都银行条码收单商家助手,Mini Program,,,成都银行扫码付业务商户服务端，商户登陆以后可进行交易查询
wx0fa4ad93e25247ce,成都雅云摄影工作室,Mini Program,,,雅云摄影工作室，要有光、要有爱、要自然，会讲故事的婚纱照。
wx2804c1e24555aa4a,我养你丨外卖天天超级返0元探店,Mini Program,,,外卖福利天天领，超级返折扣五折起~
wx2845e163c96d6aba,我出价垂类旅行订机票酒店智能体,Mini Program,,,我出价OTA旅行预订平台，提供AI Agent订机票、Agent订酒店、Agent订民宿、Agent订高铁、Agent订火车票、Agent订门票、Agent旅游、Agent网约打车等在线预订服务；让消费者节省更多出行开支，让出行更便捷。
wxb212b4a80cb476f1,我家AI菜谱师,Mini Program,,,我家AI菜谱师，专为广东家庭打造的AI膳食助手，解决每天“不知道买什么菜”的烦恼，让做饭更省心、吃得更健康。
wx4bc08276c04e0597,我家厨房的智能菜谱,Mini Program,,,根据用户输入的食材、调料、厨具等信息自动匹配菜谱，向用户展示可以做的菜谱
wxa6340be71c405150,我家小菜谱,Mini Program,,,家庭伙食管理工具，用于家庭或朋友间记录用餐
wxff25c3a1d52e0a67,我家有菜谱,Mini Program,,,情侣/夫妻/朋友/家人 双方高效协同点菜 - 个性化菜单定制与管理 - 精准食材清单生成 - 口味偏好同步 - 提升交流体验，减少沟通成本
wxa469b4b5b5c9bef3,我店生活,Mini Program,,,我店科技旗下的积分制本地生活消费小程序，致力于为用户提供精选的“吃喝玩乐游购娱”等本地生活服务。我店生活，品质新生活。
wx7d99979a4df21521,我是摄影狮,Mini Program,,,拍立享摄影师照片直播工具(摄卡SHEKA)，如同模特卡。秀案例、收打赏、接约拍。认证后还能获得平台派单。
wx4c9d03836a0bf41c,我爱运动瑜伽,Mini Program,,,推广健康理念 倡导瑜伽生活
wxccff3134f2c0f52a,我的DIY菜谱 情侣家庭电子菜单,Mini Program,,,免费制作电子菜单，100万人都在用的家庭美食协作神器！一起DIY专属家庭电子菜单、菜谱大全、情侣电子菜单、家庭厨房情侣厨房、买菜小程序、点菜小程序、点单下单小程序、菜单生成。邀请家人下单，美食记录，计划每日食谱，打造独家御膳房，一起下厨房！
wx99b1f2741ba642cd,我的云学习,Mini Program,,,我的云学习是一款集在线报名、班级管理、课程培训、练题考试、资料存档为一体的职业培训信息平台.
wx6fd5bc69a198eed5,我的停车场2025,Mini Program,,,一款好玩的挪车游戏，解压益智！
wx36f9b0abba20a96a,我的办公上传助手,Mini Program,,,兴停车
wx40bb2f1bd5903f55,我的小小火车,Mini Program,,,铁轨上开客栈，解锁超小众致富玩法！
wx9e57cf0e89f52ba4,我的数学长大了,Mini Program,,,从凑十开始，见证你的思维进化。像养成宠物一样，养成你的数学能力。你的大脑准备好升级了吗？从基础加法到高等数学的挑战。
wx9a3b5ac12b7d64cf,我的智慧食谱,Mini Program,,,智慧食谱
wxf1e528d9593955ed,我的校园服务,Mini Program,,,你需要的校园服务门户
wxeb68afd01f8015f0,我的爱心食谱,Mini Program,,,记录每日食谱
wx1a9ee5832b3885e6,我的电子发票记录,Mini Program,,,本地发票备忘工具，支持手动录入发票信息、计算关键日期，附带个税计算等实用计算器，所有数据仅存本机，安全省心。
wxf274ebd1d282a5b5,我的睡眠分析助手,Mini Program,,,用于个人睡眠分析结果展示
wx3e8e47c355527666,我的睡眠日记,Mini Program,,,记录每晚睡眠日记，立刻分析睡眠质量；《失眠严重程度指数》量表帮您快速了解自己的睡眠情况；在床上入睡困难，请练习睡前放松训练。
wx5dd4b29eb0b5740a,我的美食店,Mini Program,,,经营餐厅，从平平无奇到美食界顶流
wx82dcb3abee969705,我的考试,Mini Program,,,职业考试题库、视频在线学习
wx0369fd6f16eff2ff,我的阅读树,Mini Program,,,在阅读中扎根，在成长中茁壮，于静读处沉淀，向梦想处飞翔。
wxb855cc50404518af,我秀娱乐直播,Mini Program,,,我秀娱乐直播是万千单身汪汇聚的直播秀场，一款在线视频聊天互动小程序。满场高颜值美女在线直播，你想看的这都有。
wx7ff55a4bf3c5bd4c,我要发票,Mini Program,,,提取发票中的信息，保存登记，根据公司和实践粒度分类管理自己的发票数据， 保存管理发票抬头。公司信息，生成小程序码分享
wxea8b994be0abb105,我要大学答案,Mini Program,,,"我要大学答案，免费提供3000+课后答案,500+所大学,40万+期末考试真题,四六级,考研,超星学习通,计算机考试,课件,实验报告试题答案"
wxea8c3359e5b3d8bc,我要运动,Mini Program,,,"海量体育场馆快速定位, 附近场馆智能获取, 还有共享球场、赛事/培训、学校场地、社区体育设施等多个体育运动服务等你来~"
wxd5971cb237822109,我靠直播翻身了,Mini Program,,,人生奋斗逆袭指南！
wx618f67cc4bf190bf,我鱼摄影工作室,Mini Program,,,给你独一无二
wxccc6a53110769798,战士汽车合成,Mini Program,,,释放华丽的技能击杀更多的敌人，还有更多道具使用，完成完美的绝杀
wx5f395be4eac1c980,户外跑步小助手,Mini Program,,,跑步、户外跑记录、跑步运动轨迹记录的跑步小助手，支持户外跑步距离、里程、计时、平均速度、分段配速、海拔、卡路里消耗、运动步数、统计排名等数据，及跑步线路规划与循迹、跑步运动健康日历、跑步节拍器、跑步活动报名、跑团跑步群分享、跑步群打卡等功能
wxd37f5e0c74540456,户外跑步打卡,Mini Program,,,户外跑步打卡，一款便捷的跑步记录工具，可以记录户外跑步轨迹，进行跑步群打卡分享，支持跑步距离、跑步里程、跑步用时、速度、配速、卡路里、步数、跑步健身日历、节拍器、跑步线路规划与循迹跑、位置共享、跑步跑团俱乐部活动报名、比赛、打卡分享等
wxed95a2bd52d93d51,户外跑步记录,Mini Program,,,跑步记录，户外跑步记录，跑步记录助手。跑步记录器，跑步打卡，跑步轨迹分享。支持运动步数、跑步距离、跑步配速、跑步运动步数等数据记录。
wx2455b05e0bb1f0f2,户外跑步记录助手,Mini Program,,,户外跑步记录助手是一款跑步记录工具，主要功能：户外跑步记录、跑步打卡、跑步轨迹分享，支持跑步距离、跑步配速、跑步运动步数等数据。
wx5cd4363987d3a625,房产矩阵CRM,Mini Program,,,CRM客户管理系统服务于短视频自媒体公司，让经纪人工作更加高效，让主播流量精准变现，让管理团队更加轻松。
wx142e31bece40e079,房利来客户端,Mini Program,,,智能物业管理平台、支持线上签约、交租交水电费、监控水电表、抄表、报修
wx8902998c8cbafa9a,房地产经纪人协理考试报名,Mini Program,,,用于全国房地产经纪人协理职业资格考试报名
wxe6c87df69477af8b,房地产经纪人职业资格考试报名,Mini Program,,,用于全国房地产经纪专业人员（经纪人）职业资格考试报名
wxa467e496e730b38e,房贷公积金计算器个税车贷孕周,Mini Program,,,房贷计算器、个税计算器、公积金、月供测算、提前还款、工资税、车贷计算器、孕周测算、BMI测试、汇率换算、记账本等高频场景。轻量高效、界面优雅，无需下载，即开即用，是你日常生活与工作的便捷助手。
wxf9dd67462d610828,房贷计算器银行版,Mini Program,,,房贷小工具，一键计算最省钱的房屋贷款及还款方法。支持：商业贷款、公积金贷款、组合贷款和基于收入的贷款及还款方案。
wx7d1403fe84339669,所有女生会员服务中心,Mini Program,,,服务于李佳琦直播间、所有女生直播间、所有女生的衣橱、所有姐姐的衣橱，提供直播商品提前预告、直播商品许愿还愿、会员积分兑换好物、购物百科指南、商品真实测评、大牌商品超值试用与直购、美ONE优选好物畅购等服务，不定时惊喜福利活动等你来！
wxfcb5ee1b268781e8,扇贝编程,Mini Program,,,适合零基础的 Python 编程课！ 每天一课，60 天基础语法和项目实战，带你入门爬虫、人工智能、自动化办公等热门领域。
wx6852388cc8b7d916,扉开Invoice发票查重系统,Mini Program,,,发票查重系统具有多人协作、离在线存储功能，支持手机扫码、扫描枪录入等方式，具备发票查验真伪功能和OCR识别功能。
wx35a7b7e2e73c14fd,手回保险精品站,Mini Program,,,严选商品，精心推荐，让您放心购买保险，抵御疾病意外风险。我们为您提供一站式产品选择和保单查询等服务。
wx5566dc562a226ccb,手帐咖啡好天气,Mini Program,,,点单平台
wx77cb989afa25f6e5,手机导航工具,Mini Program,,,手机定位导航专业版应用，提供手机定位，出行规划，线路规划，位置签到，位置定位，位置地图，周边查询，地铁查询。
wxfd739d88c1ab9019,才歌网人才招聘,Mini Program,,,义乌 东阳地区 招聘 平台 免费求职
wx3dd0158ef4ee798a,扎克工具,Mini Program,,,这是一段充满未知与惊喜的旅程，你值得拥有！！！
wx0498cca64dcbc67a,扎鲁特旗电子政务外网报修平台,Mini Program,,,用于扎鲁特旗电子政务外网报修
wxbe53f0819b72f970,打卡水印相机,Mini Program,,,水印相机，打卡水印相机；记录时间、地点的水印相机，工作考勤拍照水印相机，物业工程水印拍照相机，防篡改的水印相机。
wx6ea19f583137ce74,打印哥,Mini Program,,,打印就找打印哥!
wx4818dc7fdc283223,打字录入小说抄写易达,Mini Program,,,打字录入小说抄写兼职。手机线上一单一结、一日一结，学生宝妈在家可做。批改作业、游戏试玩、打字聊天、树洞倾听、手机答题、小说抄写、打字客服赚钱。这里是线上日结招聘平台，关注我们每日更新各类招聘信息！
wx2d84102973f4fe32,打工生活模拟器,Mini Program,,,一起来体验打工生活
wx687b1b524d23f77c,打牌记账,Mini Program,,,记账、打牌记账、游戏计分 都适用的 记账工具。打牌、游戏 记账 计分 轻松搞定，解放纸笔和双手 记录每局战况
wx960a2b4075c8ddea,打牌记账本,Mini Program,,,记账，打牌记账，麻将记账，扑克记账，打牌计分，多人记账，记账器，计分器等都可使用，上手快捷，好用
wx39ea7ff1ed144e10,打牌记账狗,Mini Program,,,简单易用的打牌记账、麻将记账、扑克记账、麻将计分、记账计分神器。
wx0172aea8cb440dd5,打牌记账计分,Mini Program,,,麻将记账、棋牌记账、打牌记账、打牌计分、记账计分；实时在线多人记账，简单方便，轻松好用。
wxe77ad1762d664637,打车吗,Mini Program,,,车马用车是综合多家网约车服务的用车出行服务平台。致力于构建响应及时、服务专业，为用户创造和提供便捷、舒心的用车出行体验。
wx4b87e146daa964a4,打车外卖省不少科技,Mini Program,,,吃喝玩乐行，样样帮您省！
wxe5cfd771b6893e42,打车淘,Mini Program,,,打车淘——专为乘客准备的文旅小助手！行程中一键购买景点门票、演出票、乘车即购，自在无忧。让车行有好物，旅途更舒心
wx32ad78b0d8aa5119,打麻将记账,Mini Program,,,打麻将记账，麻将计分神器，计分器，记分器，打牌记账，麻将记账，51麻将计分，扑克，斗地主，字牌，棋牌，多人记账，记账计分工具
wxaf2949351bfef114,扫码下单小助手,Mini Program,,,扫码下单小程序——小商店助手！方便商家商品展示的店铺端，买家客户自助下单、支付交易的综合电商平台！
wx00ea4dda319204d6,扫码富银支付,Mini Program,,,扫码富银支付，方便快捷，收款快
wx3fa834acf6460ad0,扫码水控管理软件,Mini Program,,,主要用于校园水控设备运行
wxc069c6c6b47ed680,扫码自助服务助手,Mini Program,,,面对即将到来的“万物互联时代”，为客户赋能，帮助客户在瞬息万变的智能时代成功，是我们存在的唯一意义。
wx10c33a420290536a,扫码自助服务管家,Mini Program,,,扫码自助服务，可以使用充电桩、洗衣机、洗车机等
wx3511f182f6bb0bfd,扫贝外卖,Mini Program,,,吃的好，花的少，扫贝外卖扫一扫~
wx04f53481ef14e886,扬州住房公积金,Mini Program,,,用于扬州公积金查询、业务办理等业务
wxa24b20ebc723b28f,扬州大学附属医院服务号,Mini Program,,,提供在线预约挂号门诊缴费等服务
wx5d8547b614503069,扬州市妇女儿童医院,Mini Program,,,提供线上预约挂号，查看报告，缴费等便捷服务
wxa9002740a1f744b0,扬州微公交,Mini Program,,,扬州微公交志在为区域内客户带来便利的出行方式，手机扫码即可轻松助力生活，为广大人民群众带来便利。
wxd8f73addf9964254,批改邦AI伴学,Mini Program,,,专为学生打造的AI伴学助手，批改邦教师ai家长端，老师布置作业后，家长和学生可以提交作业。AI作文批改之神的家校沟通，班级小管家。作文评分评语、个性化作文润色和对比，素材很多题小小作文批改搞定，用手光速写笔神作文批改，超级神笔作文批改
wx3a2af3b6fb2628bb,找北求职,Mini Program,,,找北求职面向大学生和应届生，提供校招岗位、实习机会、就业信息查询、简历优化、面试指导等求职服务。
wx925700abef8ddd21,找找茶,Mini Program,,,更透明的普洱茶数据共享平台。以包容的态度服务用户，提供更及时透明的交易行情和市场动态。共享数据、共享资源，让普洱茶流通更简单。
wx61749e3c2d14dbc3,找法网法律咨询,Mini Program,,,为您提供专业的法律咨询、找律师等一站式在线法律服务。遇事找法，就上找法网
wxa682404b4118891c,承新阅读,Mini Program,,,阅读更多精彩章节
wx4c254d3980fa6312,承新阅读馆,Mini Program,,,阅读更多精彩章节
wx2c77513500167d18,技能服务圈,Mini Program,,,线上选课报名、查课咨询、预约学习，便捷省心，深耕本地技能育人，赋能大众成才就业。
wx259a3d395b3e28da,抓钱手顾客端,Mini Program,,,抓钱手点餐
wx0d3cd27cf17398fc,抖快工具,Mini Program,,,去水印，视频图片一键解析去水印，永久免费。
wxcb3122dc6f65e307,抖视去水印工具,Mini Program,,,免费去水印工具。视频音乐图集封面下载。一键去除永久免费解析。支持主流短视频平台。
wx1afa01c6322c3df2,抖音电商达人带货助手,Mini Program,,,专为达人带货服务的抖音电商小程序，为达人提供专享活动助力达人成长；优质爆品货盘抢先看，选品省心还可与行业、商家优先对接!
wx5c4f5e788416c52d,抗大号列车,Mini Program,,,欢迎使用邢台抗大号列车小程序
wx05a22bcbdfa2cf94,抚松县中医院智慧医疗服务号,Mini Program,,,抚松县中医院成立于1985年，是国家二级甲等中医医院。是一所集医疗、教学、科研、急救、康复为一体的综合性中医院。
wx8cb6bee20f53a400,抚远港票务系统,Mini Program,,,抚远港务局有限公司出入境船票相关业务
wxde7fdb39d7cf42a5,抚顺市公积金公共服务,Mini Program,,,办理相关业务
wx94940b6b23c6bf66,护企朝阳小程序,Mini Program,,,企业反应在经营生产中的困难，及时帮助企业纾困。
wx09f48ff4141a182a,护民朝阳小程序,Mini Program,,,为人民群众提供反应问题的渠道，及时为百姓解决问题。
wxe20096a48806d438,报名了丨发现活动遇见精彩,Mini Program,,,为用户提供精彩生活的活动资源，为主办方提供一站式活动管理工具。
wxfaa08012777a431e,报名工具丨活动接龙统计预约,Mini Program,,,🔥小编推荐：报名接龙预约统计工具，问卷填表拼团收费、社群接龙团购、预约报名登记统计、会议信息课程培训报名、群聚会拼单小程序系统
wxb28eb65a49a93bc7,报喜鸟企业购,Mini Program,,,报喜鸟企业购平台
wx1ff4d02b6b56275e,抱抱生活便民购物本地服务平台,Mini Program,,,抱抱生活小程序是中百集团旗下本地综合生活服务平台。集商业服务、生活服务的15分钟便民生活圈服务平台。
wx4de13da05eaa2ef8,抽奖工具,Mini Program,,,🔥官方推荐：好用免费的抽奖助手，性能稳定无限制。支持年会抽奖、公众号抽奖、群抽奖、朋友圈抽奖、锦鲤抽奖、线下活动抽奖和品牌推广
wxe0e2bfd3dfe3b55e,拉伽瑜伽 普拉提,Mini Program,,,线上预约
wxb92fef7a778f0543,拉比母婴用品云店,Mini Program,,,拉比品牌创立于2001年，与自然共生。精选亲肤环保面料和大自然色系，以高品质的安全标准，专注于0-6岁婴幼童服饰用品;家居服饰、洗护、生活用品等延伸至16岁青少年及全家可用。
wxe47f3e0e5a73124f,拉萨公交,Mini Program,,,拉萨公交运营有限公司
wxcdbc60deeb582005,拍了嘛 l 直播竞拍,Mini Program,,,拍了嘛是一个兴趣资产拍卖平台，涵盖直播拍卖与图文拍卖两大板块。直播拍卖主营奢侈品包包、品牌鞋服等实物；图文拍卖提供网球、羽毛球运动场地、教练代练等拍卖服务。平台打破传统商家定价模式，全部商品与服务由用户自主竞价，价格透明无套路
wx21ba8218164a1394,拍刻水印相机,Mini Program,,,水印相机：真实时间地点水印相机。免费水印拍照打卡的水印相机、考勤打卡相机，拍摄今日水印照片、水印视频。包含照片拼图：九宫格、长图拼接、日报汇报等。给照片加水印、视频加水印。另有滤镜、天气、经纬度、海拔、工程水印。现场拍照工作留痕的经纬相机。
wxbadac6a413ca0ec1,拍片保影视保险,Mini Program,,,拍片保整合影视产业专业知识及定制化保险服务，是一个全方位影视制作保险风控管理平台。
wx62bc076ca93a6147,拓客电商铺子,Mini Program,,,江苏云鼎大数据有限公司
wx6b34e7d2cef6b1a2,拓恒AI视频去水印,Mini Program,,,轻松去除视频水印和字幕，以及图片水印；支持全屏处理、指定区域精准操作，还可选择保护区域避免误处理。AI智能修复，让视频与图片画面焕然一新。
wx5c3137eca50d2e35,招商信诺企业医疗险 Cigna&CMB,Mini Program,,,专门为招商信诺企业客户提供保障查询、理赔递交及其他增值服务的一站式自助平台
wx9e80e31a38b1ccde,招商信诺运动+,Mini Program,,,招商信诺人寿保险有限公司官方在线商城，提供意外、健康、少儿、年金等保险产品和保单服务等功能，为用户提供便捷优质的使用体验
wx83aef3e9ca466372,招商基金,Mini Program,,,招商基金小程序，您的移动理财管家
wx0b054a1880a54fc5,招商基金债市晴雨表,Mini Program,,,阴晴冷暖，债市风向。聚焦债券固收理财，把握行情，洞察机会，助您轻松选基金——让债市投资如观天气，一目了然。
wx8de6655e9b80499e,招商证券托管外包,Mini Program,,,百年招商，科技赋能，移动便捷，智能运营
wx75bfe97bf857efb5,招商证券机智,Mini Program,,,介绍招商证券机构业务各项服务
wx98520777eeba9a22,招商证券财富+,Mini Program,,,【招证财富＋】是招商证券股份有限公司针对财富管理业务服务所发布的小程序，旨在透过科技赋能，为客户提供更有效率且优质的服务
wx65934ee32a88d726,招商银行企业收银台,Mini Program,,,多一种思路，多一种支付方式。
wx57a8a361d0da4756,招联金融,Mini Program,,,按日计息灵活还款、普惠利率循环额度、最高30万备用金一键申请。招商银行和中国联通共同组建的持牌消费金融机构。
wxce3db628eab047df,招聘哥,Mini Program,,,好工作，招聘哥！
wxa72f7351f80393ed,招聘官地图,Mini Program,,,"让每一次工作接连，都值得信赖。
招聘全流程数字化，极简操作提升转化率；面试全周期精细化，保障留存与稳定交付。
招聘官地图助力全国城市合伙人，实时平台政策查询，一体化物资与财务结算，全景数据化智能决策。"
wx3859623ab805b4a5,招菜进宝烹饪直播秀,Mini Program,,,UFS在线预约、菜谱查询系统
wx596a71d1f62acab0,招行企业收款通,Mini Program,,,招商银行闪电收款平台，管订单，管收款，管对账！
wx11c4f9a6778e021f,招行企业收银台,Mini Program,,,一览无余，业财无忧。
wx9c0de7e51a8b1fed,招银企业助手,Mini Program,,,招行企业助手小程序
wxc0f99310ae28e3d9,拼一餐餐饮,Mini Program,,,现炒小碗菜，线下有门店，提供堂食及线上外卖服务
wxe45e9934fde46e78,拼图配,Mini Program,,,流水分析小程序，信用报告文件分析小程序。可识别各种pdf、图片、excel等文件。征信ocr，流水统计。
wxa4581ec8638c9fe6,拼拼机票,Mini Program,,,拼拼机票是专注散拼旅游团队机票，打破 10 人起订限制，一人即享团价，提前锁价稳位。整合全网优质航司资源，立足华东、深耕日韩，全流程线上操作，自营保障，专业护航，为同行、个人、企业提供高性价比出行解决方案。
wx8c1ad9d3e9a5dc81,拼米娱乐跑得快,Mini Program,,,拼米棋牌——你的全能棋牌乐园♠️无论是经典的跑得快、斗地主，还是充满地方特色的长沙麻将、掼蛋，这里一应俱全！快和你的小伙伴来拼米，每一局都是新的期待～
wx8a27f9fcdfa96a77,拾分小书,Mini Program,,,热门小说
wxa892b6fd2e01027c,拾叁茶,Mini Program,,,拾叁茶的扫码点单
wx5e57e1e1432241c3,拾月集办公D,Mini Program,,,拾月集办公D
wx6262c7eb27a5f205,拾棠心理测试,Mini Program,,,160+心理测试：人格障碍、SCL90、依恋类型、霍兰德职业兴趣、马基雅维利、黑暗人格、NPD、EPQ艾森克人格、舒伯职业价值观、MBTI、九型人格、气质类型、大五人格等近百个心理测试。
wx007b6885e08cd7d9,拾铁兽24h自助健身,Mini Program,,,拾铁兽24小时无人自助健身房
wx683c20336fa581d2,持股帮丨万隆证券,Mini Program,,,中小投资者交流平台
wx8490402f049bbecb,挂号网医院预约挂号平台,Mini Program,,,"挂号网医院预约挂号平台免费预约北京上海广州成都天津重庆等地医院挂号,快速挂协和同仁301空军中山华山九院人民北大等院多点医生"
wx6c657c61394f0f07,挂号网预约挂号平台,Mini Program,,,挂号，医院挂号，公益性挂号平台，精神科医院预约挂号，北京上海深圳广州成都重庆郑州南京天津杭州等三甲医院医生。快速预约空军总医院协和朝阳医院皮肤科专家精神心理科骨科口腔科眼科中医科肾病内科肿瘤科耳鼻喉科心内科神经内科胃肛肠科甲状腺科挂号省医院
wx831e813e86dc275b,挂号通医院预约挂号,Mini Program,,,京医挂号通预约公益医院预约挂号平台儿科皮肤科骨科眼科精神科消化内科肾内科失眠抑郁症乳腺癌乳腺结节双向情感障碍睡眠障碍焦虑
wxd382aea91c872a43,挂号通挂号平台,Mini Program,,,"挂号通是由北京挂号通网络科技有限公司打造,是集健康科普、专家问答、专家挂号为一体的医患互动在线平台。"
wxbb6b889f0be29fe3,挂号通预约挂号,Mini Program,,,
wx31fd2644a18133b6,挂号通预约挂号平台,Mini Program,,,挂号通预约挂号平台北京医院预约挂号北京协和儿童医院儿研所空军总医院空军特色医学中心北京大学第六人民第一第三医院多点医生
wxa02cb60627b1296a,挖财记账,Mini Program,,,记账，就用挖财记账！ 挖财记账是一款全能记账工具，智能记账本。涵盖旅行记账、装修记账、微商记账、家庭记账、人情记账、店铺记账、差旅记账、育儿记账、理财记账、借款记账等多种记账场景。
wx1070a6f0733ed031,换新客户端,Mini Program,,,为换新客户提供租赁合约查询服务，及租客缴纳租金、维修等服务。
wx6f51c0d2bfa01f8c,换电企业用户管理端,Mini Program,,,帮助企业用户管理
wx6aae764a59e86dff,捷伴智慧健康,Mini Program,,,捷我智能，伴您健康
wx24b70f0ad2a9a89a,捷停车,Mini Program,,,提供以车为主体的相关服务（如：停车缴费等服务）
wxda9e62a43e8efb48,捷安泊智慧停车,Mini Program,,,捷安泊智慧停车致力为用户提供更加便捷的停车服务
wx00c9f9b80078cc0f,捷律狮法律咨询,Mini Program,,,AI问答-法律问题在线咨询
wx672c3c7896939f17,捷生活,Mini Program,,,捷生活旨在为用户提供便捷、高效、优质的社区服务，例如开门、停车缴费、月卡续费、访客延期等功能
wx463b7105cfdd4a30,捷科OA综合服务管理平台,Mini Program,,,综合管理服务平台主要为金融板块提供精细化运营管理、项目管理、人力资源管理、员工管理等能力
wxdef095c74f057093,捷缘心理服务,Mini Program,,,"线上心理咨询，心理测试SCL90，抑郁焦虑测试，双相情感障碍测试，MBTI职业性格测试, 性格色彩测试等"
wxb9e506ed4f66afc4,掌上公交,Mini Program,,,掌上公交-精准实时公交查询
wx9113925ada31be88,掌上大学,Mini Program,,,掌大购物更便捷，校园服务直到寝～学生价优，折扣多多，快来淘淘你的心仪好货吧！
wx9985d79535a24c43,掌上无限办公助手,Mini Program,,,掌上无限OA系统智能办公助手，流程审批，一键直达！
wxff5713fc119a2377,掌上税院,Mini Program,,,掌上税院主要功能为国家化税务总局干部学院日常工作管理及学员管理。
wxc943356508a5c672,掌上菜谱,Mini Program,,,🍴 家庭做饭太忙？让电子菜单帮你！免费创建家庭菜单，支持多人共用、协作下单，DIY掌上菜谱记录每一道美味。和家人一起做饭，从此轻松又有趣！
wx78eaa63b82d9edf1,掌上行打车,Mini Program,,,线上专车及出租车打车服务，让每次出行成为信任之选。
wxb622e5aa8abbbe85,掌上阜外医院,Mini Program,,,掌上阜外医院
wxc9c8d45794401feb,掌中阅读汇,Mini Program,,,提供网络休闲服务
wx21861da8bd8f57c6,掌厨商城,Mini Program,,,好食材，可靠贴心掌厨网！
wx0d1c7e0bf37105b4,掌柜的电商素材采集丨一键去水印,Mini Program,,,电商视频图片提取，店铺商品主图详情页图一键保存到手机相册，电商下载，商品取图，商品视频保存，ROI计算器，电商工具箱及短视频去水印下载
wxf2976d4fb47a018f,掌看天气,Mini Program,,,今日24小时天气预报查询，15天40一周天天气预报，历史天气数据过去天气数据，空气质量，天气预报查询服务
wxa7b4f00b79ce7ecd,排队网餐饮助手,Mini Program,,,老板助手
wxf336478c380cc1e1,掘活保险,Mini Program,,,"""掘活""与各大保险合作并研发出“按天购买保险”，致力于为用户提供简单可依靠的互联网保险平台产品及服务。"
wx7bb05fde536cb0db,探票侠电影票助手,Mini Program,,,探票侠电影票官方小程序
wx4ca66d823ab386b4,接龙小当家,Mini Program,,,🔥人人可用的「收款小程序」，可用于群收款、接龙收款、下单收款、报名收款、活动收款、研学收款、课程团购、社区团购、团购报单、群下单、群内购、收款助手、收款小程序、收款工具、群接龙
wx7fdf39bd593ea328,提取视频,Mini Program,,,推荐方便快捷的万能视频提取器，一键提取视频下载神器欢迎体验。
wx8f170a3ed70be79c,握草科技,Mini Program,,,健康出行，智慧出行
wx6d959ded76c6d7e1,揭西掌上政务通,Mini Program,,,小程序将高频事项服务以最直接、最便捷的方式延伸到办事群众手机端，让群众、企业通过平台轻松查询事项办事指南。
wx1d9ed29fb4449bd3,揭阳浩泽医院云支付,Mini Program,,,揭阳浩泽医院院内生活服务类相关功能
wx5bc561fd8e43439f,揸猪猪母婴,Mini Program,,,小程序主要从事于母婴用品销售、日用百货零售等内容
wxaef07060db634886,揽度,Mini Program,,,本小程序拥有海量独家高质内容，为用户提供优质的小说阅读服务。
wxa1255d2a5b4291d3,搜狐视频官方,Mini Program,,,搜狐视频网罗最新最热短视频内容，简单快捷，无需下载关注。
wx3e49bfea1c5ccb9a,搜钱 I 藏品百科快速交易很靠谱,Mini Program,,,搜钱-马钞今日行情价格出售求购、龙钞蛇钞配号、一尘手机版、盯盘助手、一尘发帖、纪念钞币、靓号识别，智能识别藏品、收钱，钱币收藏工具小程序APP，在线人工鉴定，收藏品在线网站商城平台，查询钱币价格，老钱币、京剧、中国龙银币、古泉银元、古币
wx4cec63f1d9b9cdf0,搭搭会员服务中心,Mini Program,,,娘家团省好多会员中心
wx2b1567ad0687091c,携程商旅企业差旅管理机酒火预订,Mini Program,,,携程企业商旅可以在线预订机票酒店火车票接送机接送火车等的企业差旅管理系统，也可以让企业管理者进行在线授权管理等操作。
wx4e4430fa7dae52b6,携程旅游团队助手,Mini Program,,,行程早知道，团队信息早掌握。
wx0e6ed4f51db9d078,携程旅行订酒店机票火车汽车门票,Mini Program,,,携程旅行官方小程序，为您提供国内外酒店、机票、火车票、汽车票、租车、门票预订、航班动态等旅游出行服务。
wx1746b19d13d9bbe7,携程汽车大管家,Mini Program,,,携程旗下一站式汽车票预订平台。
wxd18d0e7f7784a6c4,携程火车票抢票,Mini Program,,,携程火车票小程序，提供火车票在线查询，极速预订，24小时抢票等一站式服务，全方位满足旅客的出行需求。
wx637a5185157f1c60,携程金融,Mini Program,,,携程旗下金融服务平台，急用钱就用携程金融，安全、靠谱、大平台保障。
wxe7b5e18a8ce3a2a6,摄像头地图,Mini Program,,,深圳限行高峰路段查询，深圳限行时间通行申请。深圳外地车限行路段查询，深圳外地车限行时间查询。深圳限行外地车高峰限行时间。深圳限行道路信息，深圳外地车限行预约。 深圳外地车高峰限行路段查询。
wx7fa6b76515b21782,摄影和天气小搭子,Mini Program,,,摄影技巧，相机参数，机位等分享
wx3f0efcbd66af668b,摆摊记账本,Mini Program,,,摆摊生意记账本，专为摆摊摊主生意人设计的记账软件，随时记录日常出摊日记。
wxf27bef117a4062b2,摇摆列车,Mini Program,,,了解更多摇摆舞的资讯
wx72a442530ba117f5,摇梦摄影,Mini Program,,,记录时光中最美好的瞬间
wx9ba92d2b6817a059,摇菜谱,Mini Program,,,还在纠结每日三餐吃什么？打开转盘随机抽取美味菜谱！海量分类美食随心抽，支持收藏喜欢的菜品，一键屏蔽不喜欢的菜式避免重复推荐，清晰的食材、步骤教程，告别选择困难症，轻松搞定一日三餐。
wx4b9a763606d4f6c1,摩享乐共享购物车,Mini Program,,,摩享乐共享购物车邀您携手遨游四方，全国招商热线：400-050-0691
wx71cd7db840c1dd70,摩哥摄影,Mini Program,,,奢享是我对你的宠爱，摩哥摄影。沉浸感官之旅，奢享明星体验。
wx7be0641de6fd7082,摩根基金助手,Mini Program,,,助你开启投资之旅
wx5109ce02b06c3212,摩根基金通,Mini Program,,,助力理财经理营销和服务客户。
wx60d9beec4cb657fe,摩根士丹利基金,Mini Program,,,摩根士丹利基金官方服务平台丨全球智慧 全心为你
wx7640fcc928cec47b,擦擦视频去字幕去水印,Mini Program,,,去水印工具，短视频去水印，本地视频去水印，视频去水印，批量去水印，去水印教程，一键去水印，还原视频，视频去字幕，擦除字幕，抹掉字幕
wxabb2708a354b44d3,攀枝花公交,Mini Program,,,攀枝花市的出行服务，集扫码乘车、实时查询、定制公交等功能于一体，实现“花城有你，出行有我”的智慧出行服务。
wxaedf722cec7bef46,攀枝花市经贸旅游学校,Mini Program,,,攀枝花市经贸旅游学校智慧校园小程序
wxcfef0f9f1ac5ba05,支出记账本,Mini Program,,,免费个人、多人记账本小程序🔥自动记账、记工、记账软件app;待办、婚礼、公司、班级、情侣、家庭、项目、生意、报销记账;1亿+用户使用，优质记账小工具助手。
wx8c8b5079bf270c2b,支点课程,Mini Program,,,支点课程让国网备考变得高效轻松且愉快
wx9c92c709899eaeec,收支明细记账,Mini Program,,,记账便捷方便，报表分析清晰明了。
wx024fc5dcd8b54cfb,收钱宝支付,Mini Program,,,支付小程序
wx6bfe18cac375f464,改装大作战,Mini Program,,,改造属于你的小房间！
wx6f7e4db5c81c0942,放开茶叶蛋,Mini Program,,,画线救救茶叶蛋吧！
wxb296b9b5442119dd,政务服务智惠导服,Mini Program,,,济南政务服务智惠导服平台，提供智能问答、人工服务以及全市的政务服务体系。
wxb1ddd5e4e1ff74c8,政远科技米粒生态,Mini Program,,,政远（海南）数字科技有限公司米粒生态数字商城
wxb8cb2987320d510e,政采机票-公务行,Mini Program,,,城市差旅管理平台
wxb798da40250624d6,政采机票管理,Mini Program,,,政府差旅管理平台，30+城市指定公务出行服务平台 ，5万+预算单位差旅出行选择。预算单位指定公务机票报销凭证。
wxdd91fd2c8b20c9ae,故乡逢商城,Mini Program,,,汇聚全国各地土特产，让中国乡土好物被看见。
wx778157c7763b594d,效率办公助手,Mini Program,,,效率办公助手、数据查询
wx82a99b3ec091e3cb,敏品特选母婴,Mini Program,,,让每个家庭都生得起宝宝，养的好小孩
wx05ec64ef33207fae,教商营销,Mini Program,,,专注中国教培艺培招生
wxaa046233fd964679,教科院附属实验学校学生食堂,Mini Program,,,欢迎光临教科院附属实验学校
wx7a985467cbd06913,教育续费通,Mini Program,,,教育续费通
wxfd8323b2c178d3bb,教育缴费小助手,Mini Program,,,为全国学生家长提供便捷的学杂费缴费服务
wx2fd351d442525b36,数字农人企业版,Mini Program,,,数字农企小程序是一款助力涉农企业提升收购效率和确保合规性的数字化购销平台。
wx61c5087a54bdb06a,数学与你课程,Mini Program,,,数学与你 团队网课汇总
wxc36f55d3489a7e6c,数学九九乘法口诀表,Mini Program,,,九九乘法口诀表学习与练习工具，专为小学低年级设计。学习模式展示口诀表助记忆；练习模式随机出题即时反馈。轻松掌握乘法运算！
wxce08e5c8ad1e34c6,数学作业专项练,Mini Program,,,数学加减乘除算式练习，从10以内加减到100以内，每天练习提高基础口算能力。
wxa1ebf31acf47128d,数学加减口算出题练习,Mini Program,,,100以内加减法练习，巩固基础和口算能力，数学加减口算练习。
wx43324cf9f9f2c21f,数学加减法学习,Mini Program,,,幼儿学数字数学启蒙，儿童学数学，数字发音点读，加减法练习，免费工具。
wx2cbe9ebc3fe8d0e6,数学加减算式练习,Mini Program,,,数学加减算式练习，从10以内加减到100以内。每天练习，巩固基础和口算能力。
wx8299e30cb4ae136f,数学加减练习,Mini Program,,,小学加减法算式练习
wx3abebd005a7d7f62,数学口算PK,Mini Program,,,完全免费👍小学数学口算计算出题练习批改，幼小衔接，数学口算计算天天练，算术启蒙，数感启蒙，自动出题批改，数字华容道，凑十法，破十法，分合式，数一数，比一比，数物对应，数学竖式练习，认识人名币，认识时钟，幼小全年级数学出题口算练习，提升数感。
wx53c1b98bc6f362ce,数学口算出题器,Mini Program,,,小学教材同步口算、计算练习，高清下载打印，拍照自动批改。
wx68a0bc6daa53e02c,数学口算出题王,Mini Program,,,数学闯关、数学题、口算出题宝、计算天天练、应用题练一练、数学出题、数学加减法、口算出题器、口算检查、应用题库、数学运算、数学题库
wx99f2c00e4f042730,数学口算出题练习,Mini Program,,,小学数学口算出题器 数学口算练习 数学口算王 小学一到六年级数学计算练习 提高学生口算能力
wxa3fc9ece2cc13b04,数学口算出题练习宝,Mini Program,,,免费数学口算练习小程序，自动出题、打印。数字计算、人民币、时钟练习、解方程、应用题、24点口算、速算练习、数独迷宫。巩固和提升数学口算心算能力，锻炼注意力，数学出题好帮手。
wxe757e029a1f734f2,数学口算宝 口算出题器,Mini Program,,,免费小学数学口算宝出题器，作业帮1-6年级上下册数学口算题卡生成器训练营，口算批改，口算题大全电子版100道，作业邦24口算诀窍。
wxf488b7428e332e1b,数学口算计算出题,Mini Program,,,10万+师生信赖🔥，小学口算出题批改、免费打印👍学龄前、宝宝数学早教启蒙练习、数物对应、分合式、找规律、比一比、数一数等，有声有趣，好玩益智。人民币时钟、九九乘法表、24点、华容道、数学口算计算出题、分合式、竖式计算。
wx17d7eb6cff2868a5,数学口算计算天天练,Mini Program,,,免费数学口算练习小程序，自动出题批改、打印。竖式计算、人民币、时钟练习、数学华容道、24点口算。巩固和提升数学口算心算能力
wx4b14f22df5943e21,数学口算计算竖式练习Max,Mini Program,,,🎉教育博主推荐👍：免费算术数感启蒙好帮手，幼小衔接、小学1～6年级数学练习出题批改、一键打印题目答案！人民币时钟、华容道、24点口算、九九乘法表，数物对应、数一数、比一比、分合式、竖式计算，混合运算、小数点、方程解题、每日练习、巩固基础。
wxe32ed7de007a1839,数学口算计算练习,Mini Program,,,一个算术数感启蒙好帮手，幼小衔接，小学1～6年级数学练习出题批改、免费打印题目和答案。人民币时钟、华容道、24点口算、九九乘法表，数物对应、数一数、比一比、分合式、竖式计算，混合运算、小数点、方程解题、每日练习、巩固基础。
wx7aa1a98e061b5972,数学口算题卡,Mini Program,,,数学口算题卡、口算练习、数感启蒙、幼小衔接、凑十法、破十法、口算题卡、口算出题、口算宝、口算天天练、、数学启蒙，涵盖数字认知、加减法、口算速算等内容。10以内加减法、20以内加减法、口算小程序、乘法口诀表、一年级数学练习
wx771af7f2fc10bf09,数学城市,Mini Program,,,依托于Lola Morales制作的《Matemápolis》插图，制作数学城市，以供大家体验里面展示的数学家以及他们的定理和物品。目前游戏已经作为小游戏的合集，添加了拼图游戏和数字游戏，可以锻炼平面图形和逻辑推理能力。
wx56e55a3c05db6c98,数学大乱斗,Mini Program,,,小学数学、口算练习、九九乘法表、益智游戏、数学竞赛、速算训练、口算大乱斗、乘法表打地鼠
wx7a404e8e5df25682,数学天天天练,Mini Program,,,数学天天练，自动出题批改，帮助孩子天天练口算的小程序，数学天天练出题器。
wx8f52cfccfa89ece6,数学天天练-口算练习,Mini Program,,,数学天天练-小学数学口算练习软件，专为1-6年级学生设计。提供加减乘除、混合运算、分数计算、连加连减、一元一次方程等在线练习功能。包括计算闯关、同步试卷、应用题、简便运算等模块。原数学计算闯关升级版，数学天天练，每天练习，天天进步！
wx0d3b28d04336ce5f,数学天天练习,Mini Program,,,数学天天练，帮助孩子主动天天练口算，自动出题，数学天天练家长端
wx7cea500e76bc7ec8,数学天天练口算,Mini Program,,,数学天天练，口算小助手在线天天练习，数学天天练家长端一款能自动出题，自动批改的小程序。
wx6924ce903872c57e,数学天天练家长端,Mini Program,,,数学天天练是一款寓教于乐、帮助孩子主动天天练口算的学习APP。内容涵盖学前至六年级教材，运用AI个性化算法精准推荐，高效提升孩子的学习兴趣和数学能力。
wx2fdc3c13aba8055c,数学好物,Mini Program,,,严选全球数学文化、思维训练、新科技好物！
wxf0f8551e9789d425,数学思维奥数打卡天天练,Mini Program,,,小学奥数打卡天天练，轻松提升数学思维，趣味学数学。含逻辑思维训练、专注力训练、应用题、计算口算速算、空间几何、数学母题、图解数学、动画数学。内置舒尔特方格、数字华容道、24点、数独、等数学益智游戏。梯度题库覆盖幼小衔接、数学启蒙、奥数拔高。
wx43a61adc04432cfe,数学思维火柴,Mini Program,,,口袋里的思维风暴！只需移动一根火柴，就能将错误的数学算式修正。核心挑战包括精心设计的30关闯关模式，实现一次思维飞跃。
wx7d58ed6e8dd8b3df,数学思维训练器,Mini Program,,,数学思维每日一练，数学思维每日一题，数学谜题
wxed31f3e0eba39984,数学思维闯关,Mini Program,,,数独闯关、数独练习、数独学习、九宫格数独、益智闯关、数学闯关、思维训练、脑力开发，提升专注力、观察力、反应力、逻辑能力
wx0d97aa9bb3bb9b8f,数学玩家世界,Mini Program,,,督学互动
wx633c82740edb9f9c,数学益智思维,Mini Program,,,一步步学数学思维，练习记忆力与观察力，激活强大的逻辑脑。
wxa3b046f1d514e852,数学知识互动学习,Mini Program,,,动一动手指，学习数学知识
wx31e2b584f6102b23,数学秀互动道具,Mini Program,,,好奇心是最好的数学老师！
wxb5f638a30467964c,数学算式数感练习,Mini Program,,,"幼小衔接 & 幼儿数学启蒙工具:含幼儿园小学口算天天练、数感启蒙,珠心算练习、珠算、数独、24 点,覆盖加减法、数的分与合,及平十法、破十法、凑十法专项训练;可在线做题、生成口算题目,提供无水印资料下载打印,助力孩子训练数学思维、逻辑思维"
wx616f691020e2246c,数学练习小工具,Mini Program,,,小学数学口算打印，1-6年级上下册口算练习，口算打印，同步课堂一二三四五六年级课本知识点，人教、北师大、冀教、苏教、认识人民币，时钟练习，加减乘除算式练习，口算出题，竖式加减，从10到100加减，九九乘法表，分数，小数，整数四则运算，奥数
wxd07569561952b43e,数学练习题大全,Mini Program,,,小学数学1至6年级的计算练习过关小程序，在线练习自动批改，显示最终成绩和结果，快速提升小学生的计算能力。
wxbebd1470ce529d0b,数学练习题闯关,Mini Program,,,专为小学生设计的数学智能练习小程序，涵盖口算笔算、应用题（鸡兔同笼）及钟表识别。题目由系统依据科学规则智能动态生成，难度可控；界面清新护眼，支持答题进度指示、实时反馈与历史记录，助力高效练习。
wx7ccbeb507453b781,数学脑锻炼,Mini Program,,,这是一款训练记忆的数学益智游戏。玩家需要记忆的同时对新的题目进行计算并记忆。在有趣的游戏中，提升记忆力与专注力。
wx5512557e59b00024,数学计算口算天天练,Mini Program,,,100万+老师家长信赖👍幼小衔接、小学数学口算计算练习、自动出题批改😱免费打印24点口算、华容道、竖式计算、人民币时钟算术感启蒙等
wx2f7b6b262fb79cfd,数学计算大挑战,Mini Program,,,数学计算大挑战是一款集数学练习、拓展和趣味游戏为一体的小游戏，它能帮助我们每天训练锻炼大脑，提高解决问题的能力。
wxab7af9ef4d666ca6,数学计算练习,Mini Program,,,一款能自动出题，自动批改，记录练习记录，并提供各类计算练习的小程序。方便、简单、效率地提高计算与结果反馈。
wx1fef080f74481cbd,数学计算题,Mini Program,,,数学计算题、竖式计算题出题工具。包含小学阶段全部计算题题型，自动出题，保存PDF，打印卷子，适合笔算、家长批改，是界面最活泼的计算题出题器。长期使用能充分锻炼基础计算能力，能系统性解决孩子提升数学学习中的效率、准确性和思维发展三大核心问题。
wx1116871d4f6216de,数学试卷通,Mini Program,,,小初各版本数学大小考、升学考，试题试卷库，专注数学培优、拔高。
wxc8bb9c3c50582dd9,数学错题拼好卷,Mini Program,,,专为考研学子设计的个性化错题收集本，且能够对错题进行任意组合而导出检验是否掌握错题
wxd9e093003a5e54cc,数学错题练,Mini Program,,,拍照卷纸，识别错题，生成错题本，根据数学教材知识点进行分类，举一反三生成类似题进行训练。
wx36af80e13b73c308,数学闯关游戏,Mini Program,,,九宫数独、华容道、聪明格、24点速算、口算闯关、口算消消乐、数学闯关、数学游戏、益智推箱子等锻炼思维能力的数学游戏
wx52fbffe11a5dbd69,数学闯关王,Mini Program,,,数学闯关、数学口算、数学练习、口算出题宝、数学加减算式练习、应用题练一练、数学应用题训练、加减法闯关、数学应用题、应用宝等工具
wx6402e31c10fec5e3,数控车编程计算,Mini Program,,,数控车计算，数控车工计算，数控计算公式，车工计算公式，轴承计算，数控手机，车工手机，数控电脑编程，数控编程，数控计算，数控加工，车工计算，倒角计算，圆角计算，安全角计算，C角计算，材料计算。
wx2aeb949d8cbec2c2,数智交通服务平台,Mini Program,,,数智交通公共服务平台 用于本地便民服务 数电发票  出行信息 学习培训 企业安全教育等服务平台
wx48e7c0403e870a01,数电发票,Mini Program,,,为全面推进数电发票税收征管数字化升级和智能化改造，降低征纳成本，上线全面数字化的电子发票简称数电发票。本平台帮助纳税人快速简单开具数电发票，提供技术支持。
wxa78a24c8f8684e0f,数电发票服务,Mini Program,,,手机开具数电票、扫码审核开票、专注发票行业多年，专业的开票服务。
wx58bc5fda8361de5d,数票易企业服务,Mini Program,,,企业发票软件服务。
wxab0b52a85690e4d2,数魂数学,Mini Program,,,最专业，最懂你的AI数学老师
wxa939d9265f9be2fb,整本书读思达阅读平台,Mini Program,,,整本书读思达教育课程视频内容，配套答题评测
wx4aa8739283712af1,數學公式集,Mini Program,,,Adam's mathematics
wx6ce3ee38293a5338,文华东方酒店集团,Mini Program,,,文华东方酒店地理位置优越，位于世界上久负盛名的旅游目的地，提供植根于文华东方价值观的传奇式服务和二十一世纪豪华酒店体验。
wx65e4d8169f3354cd,文字图片制作,Mini Program,,,文字转图片，长文章转图片，文字生成图片，图片加文字，文字转图片生成器，在线长文转图片，情感图文制作，文字图片编辑，长文字图片制作，文章生成图片，炫彩文字制作，头像壁纸制作，黑白底字抖音文字制作，艺术水印文字特效带字图片制作，
wx0946dcbb08bcabee,文字图片生成,Mini Program,,,文字转图片，长文转图片，word转长图，文档转图，文字生成图片，长图生成，一键文字转图片，文字转手写体，免费文字转图片工具，语录文字转图片，广告文案转图片，朋友圈文案转图片，节日祝福语转图片，晚安心语转图片，健康知识转图片，诗词文字转图片。
wxcca0cd88304adaaf,文山市方赵餐饮,Mini Program,,,\u6b22\u8fce\u5149\u4e34
wx91c6175e6b5f55fd,文文家美食集合店,Mini Program,,,文文家美食集合店
wxb1556c10a38fabf4,文文记账,Mini Program,,,免费、靠谱的记账小程序👍支持批量编辑与多账本管理、资产管理。记账、AA记账、情侣记账、记账本、日常记账、存钱、鲨鱼记账、共享记账、柚子记账、圈子记账、算账、家庭账本、收支记录、月度预算、工资条、理财记账、家庭记账、差旅记账、班费记账。
wxb766d4e3b12ed64e,文案提取丨达多多视频转文字提取,Mini Program,,,视频文案提取，视频转文字，视频转文字提取。文案提取神器，视频提取文案，视频提取文字。语音转文字，语音提取文字。视频语音转文字神器，视频转换文字提取神器。免费一键提取视频文案工具。视频转文案链接转文字。视频文案提取器，抖音短视频文案提取。
wx554cf188428ce60e,文物保护工程从业资格课程,Mini Program,,,文具销售
wxf3e98ed196125730,文物保护工程考试题库,Mini Program,,,2026年最新文物保护考试题库，免费试用，精准解析，章节真题，模拟练习，手机电脑多平台刷题，专注文物保护工程考试，助力文保考友顺利上岸！
wxc82a16a1659f3301,斑马AI学家长端,Mini Program,,,斑马APP伴你成长
wx4f1994d7f594cb05,斑马外卖丨外卖美食跑腿,Mini Program,,,地方美食外卖奶茶汉堡
wx07d3755cf75980f1,斑马旅游,Mini Program,,,"斑马旅游省心纯玩无购物,还你旅游简单有趣的模样.这里是产品优惠信息集合地,还有每周特色专题推荐,带你在对的时间遇见最美的风景"
wx727c70e77f4a68c6,斑马电影票,Mini Program,,,全国电影院在线选座，买电影票省钱又方便！
wxca1e7ba3fe18ff12,斗鱼直播,Mini Program,,,"斗鱼直播平台douyutv提供蓝光免费游戏体育赛事美女主播热舞直播服务和视频回看。电竞比赛LPL, kpl, lck, pgi超清录像 英雄联盟LOL,绝地求生吃鸡手游,王者荣耀,DNF,动漫休闲,美食互动,音乐二次元,语音,电影,电视节目"
wx4d827b89f95feb02,斯泰兰蒂斯汽车金融OCR系统,Mini Program,,,斯泰兰蒂斯汽车金融OCR系统用于斯泰兰蒂斯汽车金融有限公司贷款客户人脸识别以及在线签字授权。
wxe4f4da770e2d8596,斯泰兰蒂斯汽车金融个人中心,Mini Program,,,菲克金融个人中心是菲亚特克莱斯勒汽车金融为客户打造的私人移动管家，旨在提供全面的自助服务，随时随地管理您的汽车贷款账户。
wxfcd5ffc1d91c93bd,斯维登民宿公寓别墅预订,Mini Program,,,斯维登是亚洲地区异地不动产管理行业中具有规模影响力的品牌。以住宿分享为核心理念，有品质、连锁化、运营美好时光的住宿机构！
wxea74cf0f890f4468,新一站保险,Mini Program,,,新一站保险于2011年9月正式上线，致力提供保险产品的咨询、购买、理赔、保全等一站式服务，是中国深受欢迎的网购保险商城。
wxd19a7a7b62c088b0,新世界实验小学教育集团云平台,Mini Program,,,为上海市浦东新区新世界实验小学教育集团服务
wxf9a22d7322c1069b,新世纪小学数学,Mini Program,,,北师大版小学数学教材编写组免费为教材使用地区的老师及学生提供的教学资源
wx960aeaf0b886e06d,新东方国际教育混合学习,Mini Program,,,新东方国际教育混合学习小程序，为新东方国际教育的线下课程用户提供线上任务学习等功能。
wx712e0b2da228d4fc,新东方在线国际教育,Mini Program,,,专为在读学员设计，提供课程学习、进度跟踪和服务提醒，打造高效便捷的移动学习体验。
wxf7d8cdfdd056ebdf,新东方智能学习耳机,Mini Program,,,新东方智能学习耳机是为孩子打造的一款专业诵读耳机，提供新东方超千本优质图书资源免费学习，让孩子学得好，背得快，记得牢！
wx085fce1130455f0f,新东方青少国际教育,Mini Program,,,新东方青少国际教育
wx1c9be9b49e8ca3c7,新之光智慧餐饮,Mini Program,,,新之光餐饮
wx46834df8c8b81a55,新乐烈鸟招聘丨求职招聘找工作,Mini Program,,,不用填简历的招聘网--新乐烈鸟招聘！新乐招聘网最新招聘信息；找工作，招人才，记住【新乐招聘】四个字；创办8年，烈鸟招聘®新乐站。
wx41645bee685790ec,新乡交通码,Mini Program,,,扫码，丰富出行生活
wx62bd3a8d2c537195,新众成餐饮管理公司,Mini Program,,,可快速点单，在线支付，领取优惠
wx28c7ea1edfdd8790,新元大药房,Mini Program,,,买药就上新元大药房！3公里门店直配，1小时内送药到家！还有健康咨询为您服务！
wxd9fb8acfd6bce4a1,新光傣音乐,Mini Program,,,通过音乐传承和传播傣文化
wxc01dedc62cab7a8d,新公寓楼智慧餐厅,Mini Program,,,谁知盘中餐，粒粒皆辛苦
wx07980b6cca789e82,新兴县交通公路食堂,Mini Program,,,交通公路饭堂
wx00a52add4ca36c97,新兴地铁公寓,Mini Program,,,新兴·地铁公寓TOD，倾力打造高端服务式公寓。专为追求效率、品质与圈层的都市精英和企业客户，提供“下楼即地铁”的生活方式。
wx13f9638dced71554,新农大智慧校园卡,Mini Program,,,新农大智慧校园卡
wx0bd2b6220295efe4,新励成CRM,Mini Program,,,新励成CRM
wx772b6a97c3e5b127,新华书店Ai,Mini Program,,,为助力读书博主和广大读者在浩瀚书海中精准找到优质读物、深度理解书籍价值，新华书店推出 “新华书店AI”阅读智能服务小程序。
wx5ca4e9b981f1db42,新华优选教育图书,Mini Program,,,教育图书征订
wx657a04da514dcc48,新华保险空中柜面,Mini Program,,,新华保险空中柜面通过视频面对面方式，为客户提供便捷高效的保单服务。
wx5f2b969ebf60d85c,新华教育服务平台,Mini Program,,,湖南省新华书店线上购物服务平台，教材、教辅、图书征订
wxb6bb566cf18962a2,新发茶餐厅1973,Mini Program,,,老字号茶餐厅，源自1973年
wxb867705e0e1e808a,新嘉导航及停车,Mini Program,,,新嘉会员停车与导航，提供停车预约、路线规划及导航服务
wx9e2c83d73e50e36b,新大陆金融,Mini Program,,,新大陆金融是上市公司新大陆金融旗下子公司，广州市网商小额贷款有限责任公司持牌借款产品，根据用户的信用情况，提供贷款。
wx1415ddd093933ff5,新天泽国际购物广场,Mini Program,,,大渡口新天泽国际购物广场线上活动平台
wx1e4698cbdb9db2f1,新奥保险经纪,Mini Program,,,新奥保险经纪平台
wxe44c29325384e791,新存办公家具,Mini Program,,,此小程序用于景区和小区的快递和行李的寄存服务以及驾考的手机的寄存
wx253edbf3dbbd4550,新安在线招聘,Mini Program,,,新安在线旗下平台，专注商企招聘服务！服务热线：15838831523
wxac7916ad5e6da72c,新密迅才招聘网,Mini Program,,,新密本地招聘求职平台，新密人找工作，新密企业招人才
wx9b2d4c05c7b3f111,新川藏运业公交,Mini Program,,,出行服务
wxd47be70c1083e8bb,新平衡生活+,Mini Program,,,集社群活动、门店服务、健康检测、知识科普的一站式用户养生社区
wxccf7c44a672fb15f,新开普完美企业,Mini Program,,,完美企业小程序
wxfae7a89d62cb2253,新手入门菜谱集,Mini Program,,,你的智能厨房小管家「安小厨」在此！从家常小炒到待客硬菜，每一步都有清晰指引。让做菜变得简单、安心，享受每一刻烹饪时光。
wx74e9eb0876e1d06b,新教育学生端,Mini Program,,,新教育学生端APP
wxbd9d450948536862,新时代职业考试,Mini Program,,,国家人力资源和社会保障机关备案报告文号：10120250005
wx52a0516728627c2e,新有趣工具箱,Mini Program,,,分享有趣的功能
wx0964dd026c448850,新桥医院互联网医院,Mini Program,,,掌上新桥为新桥医院为患者提供的在线咨询、诊疗服务。
wx28416abadd76ee48,新沂静态交通管理运营有限公司,Mini Program,,,提供便捷化停车出行服务。智慧停车。
wx14fad6bdfb003502,新津公交,Mini Program,,,新津公交，伴您安全同行！
wxf9d6aff09b8f3887,新流通医疗,Mini Program,,,通过北京知名医疗专家资源，为客户提供慢病专病健康管理服务。
wxed9436aebd2a3d79,新浪基金,Mini Program,,,买基金可享0申购费，还有VIP权益
wx787791d628543285,新浪新闻极速版,Mini Program,,,新浪新闻，为亿万用户打造一个手机联通世界的中资讯平台
wxe3008f257722a15b,新烟政务通,Mini Program,,,烟草办证查询小程序
wx92325d5bb297006a,新版千川CRM,Mini Program,,,本平台是一个广告投放平台，小程序便于用户有效的收到线索反馈，对线索的状态及时更新
wx86d603a391ca446d,新特美食汇,Mini Program,,,欢迎来到智能人脸识别智慧餐厅！
wxffc8e095d3681db6,新田教育基金会,Mini Program,,,新田教育基金会
wxdd23cd9d16439364,新畿辅,Mini Program,,,宣传党的路线、方针、政策，市委市政府重大决策、重要政策、重要部署，服务地方中心工作和经济社会发展
wx64588627227d0a5b,新疆专技数字化网络学校,Mini Program,,,新疆维吾尔自治区职称继续教育学习移动设备客户端
wx0158a22d59b162bf,新疆乌市人民电影院,Mini Program,,,小程序购票享优惠
wx0a876d4b4b3f6c80,新疆交通规划勘察设计研究院,Mini Program,,,公司内部使用综合办公小程序
wxfd0290889584d61e,新疆保险云平台,Mini Program,,,新疆保险云平台核心覆盖设计、定义、发布、测试、上线的管理平台，是提供行业自律、培训、合规教育，规范人员管理等服务的管理平台。
wxd63ddadd80e0389e,新疆大学一卡通,Mini Program,,,新疆大学校园卡服务
wx220193970200361f,新疆政务服务丨新服办,Mini Program,,,全区一体化在线政务服务平台
wxc9acd29f2764834d,新疆税务社保缴费,Mini Program,,,在新疆维吾尔自治区辖区内，向在社保费征管职责划转范围内的自然人提供由税务征收的社保费缴费业务。
wx3ce9d8e42a9f0062,新疆麦肯锡税务师事务所,Mini Program,,,注册会计师业务；专利代理；财务咨询；税务服务；商务代理代办服务；版权代理；知识产权服务（专利代理服务除外）；商标代理；
wxc2a16fea16c023ea,新维AI智慧电梯管理平台,Mini Program,,,“基于人工智能的电梯智能管理平台，实现电梯实时状态监控、智能故障预警、维保智能调度、乘梯数据分析等功能，提升电梯安全等级30%，降低运维成本25%，为物业管理和用户安全提供全方位智慧解决方案。
wxeb92c7b15fa441bf,新维健身小科普,Mini Program,,,提供动作指导、饮食建议、器械使用等健身知识科普服务，为用户提供图文教程与科学训练方案，轻松入门健身领域。
wx5451aa65d3a5f565,新网银行,Mini Program,,,新网银行官方信用贷款|房贷|房屋抵押贷款|车贷|车抵贷借钱平台，为个人、企业提供高额度、低利率、放款快、安全正规的借款服务，产品有好人贷、好商贷、好企e贷、好车贷、好事贷，还提供受《存款保险条例》保护的存款、大额存单服务，以及银行理财服务。
wxd497d09e42400166,新网银行企业金融,Mini Program,,,新网银行官方中小微企业|企业主贷款借钱平台，提供“好企e贷”借款服务，循环额度最高2000万，年利率低至5.5%(单利)；银行产品无中介费；无抵押质押，无需开户和面签，提交身份证、营业执照即可办理；还提供快速高效的对公账户|企业账户开立服务
wxbd61805daede222d,新网银行汽车金融,Mini Program,,,新网银行面向客户提供的用于汽车金融业务的相关服务
wxf6ab614463dc3866,新英语ok新,Mini Program,,,英语ok、英语ok新、新英语ok、英语ok点读、英语ok跟我读、专为中小学1-9年级提供同步教材电子课本点读，包含课本点读、单词听写、听力磨耳朵、音标学习等功能，帮助提升学习成绩。
wx20f3c08531938f9a,新莱办公盒子,Mini Program,,,随时随地无缝切换的移动化办公利器。
wx0e18373383f099cf,新西兰民宿,Mini Program,,,新西兰民宿官方小程序，华人同乡平台【寻找越洋同乡的亲切感，找到海外同乡的家，感受新西兰最纯粹的民宿、度假屋、农庄】
wx32165104908db0dd,新评科技数据库,Mini Program,,,这里是新评科技官方小程序，新评科技所有测试数据均会发布到小程序中，后续我们也会持续开发各项新功能，欢迎大家关注。
wx1ea4c3e3847193e8,新闻出版学院财报e提醒,Mini Program,,,安徽新闻出版职业技术学院财务网络报销配套小程序
wxf3365d14d3858fe6,新闻坊,Mini Program,,,“新闻坊+”是上海广播电视台民生新闻栏目《新闻坊》官方小程序，提供各类民生新闻服务功能，着力打造市民生活服务平台。互联网新闻信息服务许可证 31120170004
wx0278ea548a3862b9,新闻联播,Mini Program,,,央视网新闻官方小程序
wx1aafd0fafbe0f6b4,新飞CRM,Mini Program,,,企业内部自用
wx3d0b173765aa47ec,新黑盒工具箱,Mini Program,,,🔥超火的黑盒工具箱合集小程序，200+实用工具大全！
wx0bc858d9a18728c5,方宇教育图书课程,Mini Program,,,西安理工大学本校研究生团队，助力学弟学妹上岸
wxd9c12b3035ea4d7f,方山县第一中学校食堂,Mini Program,,,谁知盘中餐，粒粒皆辛苦。
wxa7d9762b360ea384,方效AI法律咨询助手,Mini Program,,,广东方效律师事务所成立于2007年，位于广州市天河区珠江东路6号周大福金融中心41层，现有执业律师及助理近80余人，专注破产重整、争议解决、重大民商事案件等领域。致力于为国内外客户提供高效优质的法律服务。联系电话：020-38807524
wxde7a70d82dc100db,方正证券小方,Mini Program,,,方正证券小方是方正证券出品的金融服务小程序，为广大投资者提供稳定、便捷、全面、专业的金融服务。
wxc51607c4f017fe75,方正证券研究所,Mini Program,,,发布方正证券研究所研究成果
wx5d215067ecb267a1,方特旅游,Mini Program,,,方特系列主题乐园实时资讯尽在方特旅游！方特园区地图、项目介绍、购票、停车、会员功能全都有；要欢乐，去方特！
wx89eeff07f6028a53,方直英语宝,Mini Program,,,一款与英语教材同步配套的小程序。既有听说读演练全场景覆盖、更有自然拼读、国际音标、单词PK、单词消消乐等趣味同步记单词等内容。
wx2662114c89ef54f9,方程豹汽车,Mini Program,,,这里是方程豹汽车粉丝大本营！在这里可以享受贴心的车主服务，社区内分享用车旅程~快来体验吧！
wx5adeed7cd7635001,方舟健客网上药店,Mini Program,,,方舟云康旗下的方舟健客网上药店。厂家直采、正品保障、药品齐全、隐私配送！
wx1490baa9dadf691f,方舟阅读智能共享自习室,Mini Program,,,提供自习室在线预约功能，支持线上支付，支持线上控制线下设备，支持卡券购买和余额充值，为您提供良好的学习环境。
wx57e0d801caab2f47,方达儿童娱乐,Mini Program,,,宝贝王为孩子打造欢乐的梦幻天地1丰富多样的游乐项目2个性化定制服务3精彩活动与优惠4社交互动5充值服务以及兑换服务
wxe270dc82388972bb,方通热水服务,Mini Program,,,方通热水服务是一款为校园智能设备提供服务的小程序
wx0a0d00fd988f66aa,施工管理SaaS服务数字化,Mini Program,,,为施工企业提供一站式、低成本的数字化解决方案，施工数字化转型升级，助力企业高质量发展。
wxf9e9ff1501517278,施强美食城,Mini Program,,,可快速点单，在线支付，领取优惠
wx76725aaaaa89721a,旅备丨民宿备品配送,Mini Program,,,酒店民宿耗品配送
wxc6dd396db38d097e,旅游出行AA记账,Mini Program,,,游玩出行各项费用我们一起记账，记账就是记生活。
wx830dd7361f89d2a1,旅游电子合同,Mini Program,,,全国合同验真、查询、评价；全国旅游应急；保险服务；旅途服务。
wx152de8e1518ade2e,旅游记账和调研,Mini Program,,,帮助样本进行记账和调研，更好的服务用户
wx81d2ad920ef62c04,旅游足迹地图,Mini Program,,,点亮您的旅游足迹地图
wxb93cad55057a566d,旅行串串,Mini Program,,,麻辣串串爱旅行
wx284ec64a428d7254,旅行列车,Mini Program,,,啤酒饮料矿泉水，花生瓜子八宝粥。
wx276bd7b22b018f03,旅行社管家导游报账,Mini Program,,,旅行社管家提供给导游使用的报账系统
wxb03d64b556abb0d8,旅行酒店机票火车门票查询团趣游,Mini Program,,,旅游订酒店机票火车门票，旅行买机票酒店预订先领优惠券🧧特价机票酒店机场附近优惠酒店预订怎么买最便宜，支持飞猪美团同程首都国航九元海南厦门深圳吉祥山东春秋四川华夏西部中国南方国泰长龙联合国际航空等特价酒店航班动态值机选座公众号小程序查询
wx60f8e96be56962d6,旅行青蛙·中国之旅,Mini Program,,,《旅行青蛙·中国之旅》是一款日系原画型养成经营类游戏，和可爱的小家伙一起观看旅行中的见闻吧！
wxd23c920b62d8459a,旅记账本多人旅行记账,Mini Program,,,AA记账分账工具，专为多人旅行记账设计，支持共享账本、费用分摊、快速结算、多维消费分析和30+外币，让旅途花费更清楚。
wxa942b94a571b967f,旋耀跨境电商商务考察团,Mini Program,,,跨境电商美国考察团
wxc62c6b7c246ddde6,旗铭外卖,Mini Program,,,外卖配送，代取快递
wxbe19e77b452123ad,无为诚聘丨求职招聘找工作,Mini Program,,,无为招聘找工作，就上无为诚聘！无为专业的招聘网、人才网！
wx325412ce7057d71d,无人陪伴儿童机票,Mini Program,,,专业提供无成人陪伴儿童机票、无陪儿童机票预订服务，5~12岁(不含)无人陪伴儿童机票，12岁~18岁(不含)无人陪伴儿童机票，专业专注，值得信赖！
wx7358ece5bf80b319,无印良品MUJI商城,Mini Program,,,1980年无印良品诞生于日本，主推服装、生活杂货、食品等各类优质商品。 无印良品是指“没有名字的优良商品”。
wxcdf57e00e74a0a1f,无寂健身,Mini Program,,,经营范围：健身休闲活动，企业管理咨询，企业总部管理，商业综合体管理服务，体育保障组织，体育用品及器材批发，体育健康服务。
wx48c5ee3ecf0d602c,无忧母婴团,Mini Program,,,一站式全品类母婴商城
wxc8a0df085e517d0d,无忧畅行丨杭州机场地面交通服务,Mini Program,,,无忧畅行是杭州机场自营网约出行平台，提供拼车、包车、网约车和机场大巴等多种车型浙江省内门到门畅行服务。
wx935318af19198c0c,无忧记工时-焊工考勤打卡记账,Mini Program,,,专为焊工小时工设计的记工时工具，永久免费无广告，可记录工时、加班、考勤，自动计算工资，简单好用。工厂工作或者是工地工作，都可以免费使用。
wx367180ec4fa5fc01,无水印保存图片,Mini Program,,,永久免费无水印保存视频图片工具|无水印保存视频|去水印保存图片|去水印图片免费|去水印图片一键去除|无水印保存图片|无水印提取视频|无水印保存视频去水印|无水印下载神器
wxcb629adddb6b1950,无水印提取视频,Mini Program,,,无水印提取视频，无水印下载视频，去水印保存视频，无水印保存图片，无水印下载神器，链接提取视频去水印，保存视频到相册，无水印一键去水印，提取视频下载，下载视频提取器，无水印保存视频，相册视频免费去水印，提取去水印，无痕保存去水印，去水印工具
wxf9f7b95457b4556d,无锡云公交,Mini Program,,,为了进一步方便市民出行，“无锡云公交”出行服务平台，集成实时公交、掌上站台、交通卡服务、需求调查、定制公交等功能。
wxd2c036d31df253ba,无锡停车,Mini Program,,,便捷停车，尽在无锡停车
wxaf91b3bae033b95b,无锡博报正直播,Mini Program,,,无锡博报正直播是无锡广电旗下的全媒体互动直播平台，依托无锡广电强大的媒资和主持力量，打造城市生活媒体互动传播新形式。
wxfa7bbeaf25584827,无锡地铁微服务,Mini Program,,,无锡地铁微服务小程序是为方便乘客出行推出的城市智慧出行服务平台，可实现出行规划、时刻提醒、失物招领等便民服务功能。
wxbea0e01505c57d26,无锡市儿童医院,Mini Program,,,提供患者预约诊疗服务。
wx6d03e94b44809d4e,无锡开源治疗白癜风官方预约挂号,Mini Program,,,无锡开源白癜风医院『官方』小程序 预约挂号平台，是江苏省专业治疗白癜风/白斑的医院，为广大患者朋友提供预约挂号、在线咨询和知识科普等服务。
wx6411d8dba19f0178,无锡开源白癜风官方挂号平台,Mini Program,,,无锡开源白癜风官方挂号平台，是无锡开源白癜风专科官方指定的预约挂号渠道。坐诊医生为苏建平、周正兵、毋亚婷。
wx765a3b48c55007d9,无锡开源白癜风官方预约挂号平台,Mini Program,,,【无锡开源白癜风专科·官方挂号】无锡开源白癜风官方预约挂号平台——专科官方指定的线上预约渠道，为广大患者提供线上就诊服务，包括预约挂号、在线客服咨询等。
wx487515cd42356c7d,无锡开源白癜风挂号,Mini Program,,,【无锡开源白癜风专科·在线咨询·官方挂号】无锡白癜风医院提供白癜风在线问诊、预约挂号等服务，如果您或身边亲友有白斑困扰，请点击关注后咨询问诊，会为您提供具体、专业的指导意见。
wxbabdc250c6869928,无限娱乐综合,Mini Program,,,娱乐行业辅助管理系统，拥有强大的咨询交流平台、商城、辅助管理系统。
wx2641ae589e64e85b,日兆企业,Mini Program,,,本小程序主要是为我司外包员工提供入职过程中，报名、签劳动合同、宿舍分配、预支、工资条查询等服务
wxdc39355ba6d62595,日常记账,Mini Program,,,一个简单易用的个人记账小程序，轻松管理日常收支，随时随地记上一笔，让您清楚地知道钱花在什么地方了。
wxe2db040441cb457c,日本财产保险官方商城,Mini Program,,,日本财产保险（中国）有限公司自营网络平台
wxf053d5a2e8cde5cd,日立电梯维保办公,Mini Program,,,维保人员前往现场会自动记录人员轨迹，并实时反馈到云服务中心，从而建立一套完整的救援服务体系。
wx3ef5bd6447c46150,旧猫-手机电脑相机包包手表回收,Mini Program,,,旧猫回收二手手机电脑名包手表奢侈品黄金回收鉴定
wxd2759955d961c8e2,早上好图片,Mini Program,,,分享早上好图片和早上好祝福语！
wx3ca84a9801a8ca60,早安图片天天送,Mini Program,,,早安图片、节日祝福图，这个小程序里面都有！
wx7ecb0f31c7d11147,早安图片文案正能量,Mini Program,,,朋友圈素材，早安语录、晚安语录、励志正能量、微商文案，一键复制下载
wx748306b1203fd11a,早安天气群助理,Mini Program,,,每日天气信息，早安语录，晚安语录，生活技巧，每日新闻，车辆限行等。一键复制内容，帮你运营您的社群
wx9c97913884cc092f,早安天气问候助理丨语录限行,Mini Program,,,早安天气群语录提醒，壁纸下载，限行查询
wx3f5bab126d4f023e,早安问候祝福图片,Mini Program,,,每天分享祝福语！
wxb1528dc662ad7573,早晚稻餐饮,Mini Program,,,餐饮服务
wx881b80ec790356b7,早晚记账,Mini Program,,,无广告，无理财，页面简洁很好用
wx6ab07fcb0f5a88c3,早羽咖啡,Mini Program,,,可快速点单，在线支付，领取优惠
wx5e4fcaf4c41c488c,早见摄影,Mini Program,,,时光带走的 我帮你留下！
wx254d1123b70abb97,时代企业邦,Mini Program,,,企业邦是时代商业专为旗下园区入驻企业打造的办公生态服务平台，致力于解决企业及其员工的办公与生活需求，实现园区服务一体化。
wxba8600811cfac0fe,时光印象婚纱摄影,Mini Program,,,更年轻，更匠心，更懂你
wx810b6972f8a12b6f,时光幼儿教育,Mini Program,,,招收学龄前幼儿提供保育和教育服务，促进幼儿健康成长，引领教师专业提升;幼儿保育，幼儿教育，幼儿托育。
wx5b03bb2abf565ea0,时光机24H健身,Mini Program,,,24小时营业，满足您的工作和生活节奏，随到随练。
wxb8db7a2ab1fb31f9,时光漫步酒店,Mini Program,,,入住30分钟内不满意免费退房🌈携程 | 美团 | 飞猪平均4.8分以上❤️靠「服务」在全国做了二十多家直营店✈️时光漫步酒店 | 时光漫步S酒店 | 时光赞歌酒店👩🏻‍❤️‍👨🏻
wx01d387fc607e89d0,时光运动圈,Mini Program,,,专为老年人打造的运动健康小程序。中国老龄事业发展基金会指导，每天5分钟，在家就能练。动作简单，一看就会，科学健身，越练越有劲。防跌倒，防肌肉流失，有抗阻运动、健身操和广场舞，AI智能评分指导，还能和好友组队打卡比拼。
wxe09743ba3bf70e7e,时刻天气,Mini Program,,,新增无人机专属气象模块：实时显示风速、Kp 地磁指数等数据，结合天气、能见度智能提示飞行建议，助飞手秒判起降条件。原功能全保留：实时天气、上下学 / 钓鱼预报、一周趋势、穿衣指南，还有农历、地震台风等信息，一站式覆盖日常 + 专业需求。
wxe0a82bfd5172c4f0,时刻天气与台风,Mini Program,,,🌤天气预报查询🌪台风实时路径动态查询！
wxe151d158a35855b4,时刻新闻,Mini Program,,,由红网推出的新闻综合客户端，集新闻资讯、公众信息、政民互动于一体的移动互联网聚合门户。
wx54396fa616543b17,时屹文化微票务,Mini Program,,,为用户提供各类现场门票等票务服务。
wx52d275be011285e4,时时景点天气,Mini Program,,,时时天气，让每一次旅行不留遗憾。便捷查看（黄山天气、庐山天气、峨眉山天气、九寨沟天气、泰山、张家界、华山、桂林、青海、长白山、武功山、四姑娘山、老君山、武当山、武夷山等）景点（山顶观景台）天气，预测日出，云海概率，让美景尽收眼里与相机里。
wxacdf0586ae64de43,时空娱乐俱乐部,Mini Program,,,休闲娱乐
wx7134f90fdb18b9f1,时空寻出行天气,Mini Program,,,气象卫星数据支持，出行前查一查天气！
wxd10bb847b22bc8fe,时空拍相机,Mini Program,,,这是一款带有时间地点水印的拍照小程序
wx642b94bfd30e2dbe,时花摄影工作室,Mini Program,,,写真摄影
wxacd2f18342483dda,时间地点位置定位水印相机,Mini Program,,,时间地点位置定位水印相机，拍照自动添加时间水印、地点水印、经纬度水印，适合工作考勤、生活打卡等等
wxf15bfb5b563da1d1,时间地点水印相机打卡,Mini Program,,,时间地点水印相机小程序，今日时间地点水印相机，拍照考勤相机，工程水印相机，拍照打卡真实时间地点定位，实时水印防篡改。
wxc65734a4ae6c04a9,时间地点水印相机拍照,Mini Program,,,水印相机拍照，时间地点水印相机，自动添加时间及位置，真实位置。
wx6f25c0987eeb0f8e,时间地点经度纬度水印相机,Mini Program,,,"时间地点经度纬度水印相机,提供时间,地点,经度,纬度功能的水印相机"
wxc2f6dc61f0f57815,时间地点经纬度水印相机,Mini Program,,,"时间地点经纬度水印相机,真实地点防篡改的水印相机,生成日期时间水印,地点定位水印,经纬度水印照片,好用的水印相机工具。"
wx1c400c2fff476872,旷野旅行天气丨追晚霞丨潮汐时刻,Mini Program,,,🔥‌旅行景点天气预测，🌊赶海潮汐表查询，知名景点蓝天指数、晚霞预测，覆盖国内全球景点。还有云图查询、水印相机等丰富的功能，提供详细的云量、空气质量、降水概率等多种指标查询，提前掌握景点天气，辅助旅行规划，助您在旅行中享受每一个晴天。
wx48772b5a30732593,旷野王泪互动地图,Mini Program,,,"塞尔达，塞尔达助手，塞尔达全攻略，塞尔达攻略，zelda notes,旷野王泪互动地图，支持旷野之息、王国之泪、智慧的再现，支持神庙、克洛格、装备、Boss 等重要点位的标记和搜索。"
wxf9aa219a3f18e7cf,旺久特价机票,Mini Program,,,预订无成人陪伴儿童机票，加订儿童机票，婴儿机票，老人轮椅服务。。一对一的客服
wxff2a0a39b24192d6,旺客来预订CRM,Mini Program,,,旺客来小程序
wxf0c5e15f63719cf4,旺小电商户端,Mini Program,,,旺小电商户服务端
wxf0ccb7510534cd25,旺达客户自助服务系统,Mini Program,,,四川旺达饲料店长自助服务平台
wx8669a31eddd56545,昂橙母婴会员助手,Mini Program,,,四川昂橙母婴公司内部导购助手，让导购更好的提升业绩，赋予会员更好的服务。
wx796bde88c671efdb,昂科室内导航,Mini Program,,,昂科信息（上海）股份有限公司为自有知识产权定位及导航技术，配合使用的程序
wx71343bd3bf43db8a,昂立博佳园AI,Mini Program,,,为昂立博佳园用户提供AI服务
wx03a9415bbca30262,昂立百思得AI,Mini Program,,,为百思得用户提供AI服务
wxeb2eb33c531125ce,昆仑健康保险,Mini Program,,,昆仑健康官方保险商城，为您提供专业，全面，便捷的保险保障服务，让每个家庭没有后顾之忧。
wx7f42223fd9336b19,昆山飞米粒心理,Mini Program,,,昆山飞米立心理提供一对一心理咨询，团队咨询，读书沙龙，户外活动，心理测评服务
wx1750859ccb3058d6,昆明公积金,Mini Program,,,昆明住房公积金有关业务办理
wx4983c64e581b81a5,昆明医科大学第一附属医院,Mini Program,,,门诊挂号、缴费、查报告
wx5b296093595e3c5d,昆明地铁智行,Mini Program,,,昆明地铁智行小程序
wx39fb3434d19e28c8,昆明复美白癜风官方挂号,Mini Program,,,昆明复美白癜风医院『官方』小程序 预约挂号平台，是云南省专业治疗白癜风/白斑的医院，为广大患者朋友提供预约挂号、在线咨询和知识科普等服务。
wx343a9e7e562bdc08,昆明市儿童医院,Mini Program,,,儿科；小儿外科；儿童保健科；眼科；耳鼻喉科；口腔科；皮肤科；肿瘤科；急诊医学科；康复医学科；重症医学科；中西医结合科等。
wx2a26766319ade094,昆明市儿童医院就医助手,Mini Program,,,提供便捷在线签到、就诊信息查询等就医服务。
wx7aab1de663e15b81,昆明市教育科学研究院,Mini Program,,,"昆明市教育科学研究院教研活动服务平台
面向教师的教研活动报名、通知、日程变更与结果反馈服务
提供教研活动发布、报名审核、参加提醒、结果通知等教育服务"
wx214c64e7865d418d,昆明市第一人民医院移动支付,Mini Program,,,甘美测试
wxa9f0ba674a87f9e2,昆明市第三人民医院智慧医疗,Mini Program,,,昆明市第三人民医院智慧医疗
wx9c8475d393b6593c,昆明艺星医疗美容商城,Mini Program,,,昆明艺星医疗美容医院商城
wxf2b9b392baf944bb,昆明融合出行,Mini Program,,,融合出行
wxc29df9adfbb5feb9,昆明金科爱琴海购物中心,Mini Program,,,金科爱琴海会员营销小程序
wx2f92b273233b68ea,昆明顺城购物中心,Mini Program,,,昆明顺城购物中心，时尚潮流。
wxbdffdcacabf8f31f,昌乐直聘网丨求职招聘找工作,Mini Program,,,昌乐招聘网|昌乐人才网|昌乐求职招聘|昌乐找工作招人才就上昌乐直聘网。
wxdbfb2bb658edb3bb,昌品运动,Mini Program,,,昌品运动集场地预定、赛事和活动发布、社团招募、好物商城于一体的品质运动生活平台。为运动爱好者提供一站式运动生活解决方案。
wx1c43772588f6e5c2,昌新食品云购物,Mini Program,,,所属伊利集团授权单位，主营伊利全系列产品，经营各种速冻产品、内蒙特产、米面粮油、各类饮品、休闲食品、调味品、洗化用品等。
wxbc0ba97387c6050e,昌邑市人民医院医保支付,Mini Program,,,昌邑市人民医院医保支付
wxe2603f4bb4f3b896,昌都市12345政务服务便民热线,Mini Program,,,昌都市 12345 以“为民服务”为宗旨，以“解决问题”为核心，以“群众满意”为目标，为市民提供全方位、一站式的服务。
wx065b9a00b2ed678f,明亚保险商城,Mini Program,,,明亚保险经纪官方保险商城
wxdfed526a83df9807,明合内购药房,Mini Program,,,"明合医药历经17年沉淀,连锁门店已突破百家,充分利用明合药业规模采购优势,始终高举“平价、专业”大旗,狠抓质量管理,规范经营。"
wxd370c26980cd349e,明和堂连锁药店,Mini Program,,,北京明和堂医药有限公司明和堂医药智汇电商
wx9778249e88196498,明城购物中心商户服务平台,Mini Program,,,明城购物中心商户服务平台
wx55fa79a0df611abd,明宇酒店,Mini Program,,,明宇酒店小程序
wx429b805b96025a0b,明日数航 找客户 拓人脉,Mini Program,,,明日数航核心产品为数航朋友圈和数字效率工具，专为航运人打造！一键精准匹配客户资源，高效拓展行业人脉，轻松搞定业务对接，助力打通合作链路，航运人脉拓展就来明日数航！
wxd967fa33758c56ab,明计,Mini Program,,,生活计数
wxd3e3485ffee0583f,明辉饮品,Mini Program,,,完成桶装水&瓶装水&一次性包装水等商品的销售和线下到家配送服务
wx21fd3633e52da572,易丰汽车托运丨汽车轿车托运拖车,Mini Program,,,汽车托运，轿车托运，托运汽车，托运轿车，运车公司，汽车托运拖车服务，车辆托运，拖车运输，轿车托运，拖车，易丰运车汽车托运物流公司
wx0a657db36cddf4f3,易乐加科技充电服务,Mini Program,,,为提供广大用户方便兼容四轮，二轮充电平台
wx907a95c7b27163b6,易企秀丨考试答题题库抽题判卷,Mini Program,,,易企秀旗下智能答题工具，免费快速创建知识竞赛、在线考试、趣味问答。自动批改实时统计，支持题库管理，满足企业培训、校园测试、线上活动等需求。
wxe975366c75ac8f70,易倾诉心理咨询,Mini Program,,,心理咨询情绪疏导，上易倾诉。在线认证心理倾听师，解决情感、失恋、抑郁、焦虑、失眠等问题。提供心理咨询，情感咨询，倾诉、树洞等服务。
wx50040a705a39677e,易兑商城,Mini Program,,,动动手指，美味到家。无需奔波，通过小程序轻松浏览、下单、在线支付，全程仅需几分钟。支持提前预订，合理安排您的甜蜜计划。
wx38356e9ea949a6ff,易创相机APP,Mini Program,,,易创相机APP是专业的虚拟场景搭建工具，短视频与直播创作与变现工具，会员可帮助别人装修场景拍视频和直播变现。轻创业 好赚米！
wxdaac97d70672ef39,易加教育,Mini Program,,,平台覆盖区域教育“学、教、测、评、管”全业务流程，服务学生、教师、管理者、家庭、社区需求，助力“适合的教育”全方位打造
wx144d343ce781d22f,易地图丨小区楼号分布图,Mini Program,,,小区楼号丨小区楼号分布图丨小区楼号分布地图丨小区楼栋号丨小区楼号地图丨外卖地图丨外卖快递找楼神器丨小区楼号分布图骑手版丨小区楼栋查询工具丨小区楼栋导航神器丨小区楼栋全景图丨外卖配送楼栋图丨骑手找楼快速导航丨快递员小区楼栋图丨骑手小区找楼地图
wxac8de38619037280,易娱公益基金会,Mini Program,,,传递爱与分享，连接成长与友善
wx74c56bd208c767e5,易学初中数学,Mini Program,,,小学数学，初中数学，数学计算训练，数学试卷下载，数学在线考试，聚焦中考数学，数学电子书点读，小学数学口算等功能
wxebb42ec67a3e805b,易学派英语家长端,Mini Program,,,易学派英语单词速记可以让学习者1分钟识记1个单词，7小时识记一学期单词，3天可以识记三年单词，遗忘率极低。
wx56e393f26bc957f0,易宝支付,Mini Program,,,易宝商户助手
wxcf9f7ca91f003f29,易小康-健康饮水,Mini Program,,,易小康‑健康饮水，面向农村社区便民服务平台。依托线下实体站点，提供大型健康饮水站供水、农资肥料、生活用品线下销售服务。支持饮水充值、线上下单，线下网点取水提货，一站式满足村民饮水、农业生产、居家购物需求，服务乡村便民惠民。
wxf2eb7482270df088,易捷商城,Mini Program,,,中石化出品，原名加油中石化，于近期更名为易捷商城，紧紧围绕汽车和车主需求，致力于为客户提供多元化优质商品和服务。
wx04b7b3c67c340e40,易捷易生活,Mini Program,,,中石化山东石油易捷品牌在山东地区的线上服务平台
wxe825270ae451b798,易校园,Mini Program,,,易校园是为中国校园广大师生提供集学习、生活、就业、娱乐于一体的校园全场景生态服务平台。
wxd59c8053fe7569ea,易棉购丨纺织原料电商平台,Mini Program,,,易棉购是专业垂直于纺织原料领域的B2B交易平台，云集了纺织产业内的大量优质资源，为用户提供交易、金融、数据等平台服务。
wx50b98548f103b0e0,易泊停车助手,Mini Program,,,易泊停车是一个汽车停车服务增值服务商解决方案，聚焦为车主提供多样化和便捷的车主服务。
wx796e71e738996f6f,易游旅游,Mini Program,,,易游旅游为长白山旅游股份公司旗下子公司，重点对长白山及托管景区、酒店等的营销推广，并对长白山特色旅游产品研发与市场营销
wxb816e5bcfc56823b,易点云企业服务,Mini Program,,,易点租，办公电脑租赁与管理平台。高效办公，随租随还，配置灵活。设计、价值商务、租赁、采购、配件、高性价比、资产管理、租金、技术开发、短租、保修、租用、免押金、企业租赁、行政办公、增值服务、轻资产、租期、外设、租机、租赁服务、租手机、租电脑
wx4676b3a0a69e648f,易航世纪特价机票,Mini Program,,,为您提供国内机票，国际机票，差旅等一站式商旅服务。
wx75affc9c76eea344,易蓓学习,Mini Program,,,易蓓学习中心，提供会员知识学习。
wx177a00ae2b89b68a,易车汽车报价大全,Mini Program,,,易车旗下产品，囊括近1万款车型信息，每天10万条汽车报价，为您提供看车、选车、买车等与汽车相关的全面服务。
wx0f496351389c90ad,易通电商家,Mini Program,,,易通电商家操作管理端
wxa60bc8bf1fc51a64,易链CRM,Mini Program,,,易链CRM是一款用于协助业务员日常工作的工具。业务员能否通过此小程序开展业务，如营销活动、物料管理等，并能查看作业数据。
wx8d1753876f0c4f58,易韵办公工具C,Mini Program,,,这是一款汉语言文学学习平台小程序，首页下方有滚动的古诗标题，学习板块有诗词欣赏，文言文学习，经典著作和文学常识。点击进入诗词欣赏有唐诗宋词可供用户学习，在最下方还有名句和每日一诗的窗口，可供用户全方位学习汉语言文学。
wxc352b9791385a7aa,易飞图片转表格,Mini Program,,,"🔥官方推荐免费图片转Excel,图片转换表格文字识别,图转表格还原,拍照识表格,图片表格提取,图片转电子表格,拍图转Excel小程序"
wxdfe1c85bb76f3cb4,易飞身份照片扫描件,Mini Program,,,1:1还原证件到A4纸，保护隐私，加密制作，安全放心。支持制作身份证扫描件、扫描户口本、扫描护照、扫描驾驶证、扫描行驶证、扫描银行卡等
wx725d3ceddfd342d2,星云开物休闲娱乐,Mini Program,,,你的专属娱乐管家！线上便捷兑币，多种玩法随心切换，还能和好友互动，共享欢乐时刻。
wx4650a4503e4bc04d,星云开物自助服务,Mini Program,,,用于零售线下支付场景
wx9dbfb2e9f4cc0732,星云社区服务,Mini Program,,,扫码即可使用星云社区旗下共享设备，让大学生活更美好。
wxa87e64958f1f6320,星光列车,Mini Program,,,星光列车带您探索原味当地文化，予您一趟优雅的人文慢旅。
wxb66b55caeafddd86,星召AI,Mini Program,,,星召AI提供体验全球领先的AI模型服务，能根据用户习惯提供个性化推荐，并通过智能助手实现快速的自然语言交互，AI助手的功能非常全面，覆盖了日常问答、专业工作等多个方面。
wxfe8845b6c12159b2,星图金融,Mini Program,,,推送最新的星图金融产品信息、理财资讯、便民金融服务，线上线下支付优惠。
wx3dcca19d0aa51755,星巴克,Mini Program,,,提供更便捷会员服务，更多样社交体验，更有趣线上互动的星巴克第四空间
wx3078f59712ad2197,星彩出行,Mini Program,,,解决充电难题！定位周边充电桩，实时显示空闲状态、距离及功率。扫码即充，
wxc1be5fda0c9c860e,星智投,Mini Program,,,星智投小程序是基于量化模型+股票+AI，通过ai数据模型为股民提供选股/诊股/择时服务，解决用户选股难、不懂买卖时机的痛点问题。
wxb2395881edb3ffa8,星月小阅,Mini Program,,,热门网络小说，任你挑选阅读~
wxf7a3746e3151b953,星步出行,Mini Program,,,星步出行志在为区域内客户带来便利的出行方式，手机扫码即可轻松助力生活，为广大人民群众带来便利。
wxa47778c595061e85,星河咖啡火车站店,Mini Program,,,用于餐厅点单收银
wx2da250c50315f96f,星河数电票,Mini Program,,,为商户及消费者提供简单且操作方便的手机扫码开电子发票服务。消费者使用手机扫码即可快速提交开票信息，商家在小程序内可一键审核全电发票信息，实现快速开具数电发票。本系统无需每天刷脸验证信息，方便商家使用。
wx6d1ba8e110154489,星海音乐厅,Mini Program,,,星海音乐厅演出及活动的购票报名与星海音乐厅会员平台。
wxe7bf65de5a5ff9a3,星澜娱乐,Mini Program,,,星澜娱乐
wx5332214668ca4f5a,星火车联,Mini Program,,,星火智能挂车系统查询
wxe3b309e6d553d020,星火速达外卖,Mini Program,,,科技前沿，美食速达！本小程序精选优质外卖推荐，让美味与生活无缝对接。渴望便捷美食的你，这里都是不容错过的精彩天地！
wxf70d6678dc0d6699,星王娱乐,Mini Program,,,24小时自助台球、棋牌
wx0110e1904875b20c,星耀茶饮,Mini Program,,,进入星耀小程序下单免排队，外卖送上门，满足你的味蕾，解锁更多新品、优惠惊喜！
wxc0621a03d4be9dd8,星芒会娱乐,Mini Program,,,用于公司打卡交流平台
wx2b618eb143d1d81c,星贝保险经纪,Mini Program,,,围绕孕婴童家庭打造，产品精挑细选服务专业高效，提供定制保障理赔协助等全流程服务。
wx94a69c893a86693a,星辉电影公园,Mini Program,,,星辉电影公园
wxdfef921249c8af65,星辰直播,Mini Program,,,星辰平台
wxcdf083564151b215,星遇民宿,Mini Program,,,遵义市星遇影院24小时自助棋牌室
wx6fa58869f7b65e7f,映客直播,Mini Program,,,我想和你在映客不期而遇，这里有清纯美女也有搞笑大叔，有音乐有段子有风花雪月也有真挚爱情～
wx2c17dde76f8cc3f2,春之天气,Mini Program,,,科学玩家设备气象观测数据展示平台
wxdad5083cc3a05fcf,春山纪摄影超级馆,Mini Program,,,原创实景少女写真
wxe93b7a475dd73c32,春序日摄影,Mini Program,,,重庆南岸春序日摄影工作室800平独栋别墅全女生摄化团队
wx288a9050e1f6cc99,春日阳光阅读成长平台,Mini Program,,,四川省青少年学生读书行动与四川省书香校园全民阅读指定官方活动平台。
wxfee40e8a4598fa0d,春晖悦看,Mini Program,,,{{春晖悦看}} 专注正版内容，致力于为用户打造拥有舒适体验的内容平台；收录海量当下热门作品，各种类型应有尽有。
wx49677e5083905d06,春晖青葵阅读,Mini Program,,,小程序用于东营市春晖小学学生读书打卡。
wx2148ec6ea9103b35,春树下饮品小吃,Mini Program,,,春树下饮品小吃
wxd3be969a947b8169,春秋旅游订机票自由行旅行社团购,Mini Program,,,春秋旅游官方小程序。提供特价旅游、自由行、跟团游、酒店预订、门票玩乐、定制游，签证、攻略游记等服务。在春秋，遇见更美的世界！
wx3fc2bf1badc3a129,春秋航空订机票餐食行李额,Mini Program,,,春秋航空官方小程序提供特价机票，精选酒店预订，支持网上值机/选座、托运行李规则查询及购买。
wx61155e74970d0692,春莱Chunlai,Mini Program,,,春莱·老挝冰咖啡·泰式奶茶在东南亚特色饮品赛道，春莱目前是第一，也是唯一。品牌的独特的东南亚风格，从产品到宣发，都是原创。
wxbb4e0f9dd031ee01,春风书单,Mini Program,,,热门网络小说，任你挑选阅读~
wxe44bdc4c1121628c,昭交约车一站式数智出行平台,Mini Program,,,昭交集团官方指定售票平台昭交约车一站式数智出行服务平台汽车票、网约车、定制出行、本地生活、电商特产、旅游
wx760595738f7cd528,昭通市政务服务通通办,Mini Program,,,昭通市政务服务管理局
wx11dc202e683039bd,晋城市住房公积金管理中心,Mini Program,,,为住房公积金缴存职工提供便捷的线上业务办理服务。
wx8c4126c934d18056,晋江市医院院内智能导航,Mini Program,,,通过医院高清3D室内地图的三维视角，向患者提供院区实时导航及位置分享等功能，构建一套精细化、智能化、便民化的院内导航系统
wxf61cd033bc419649,晋舍瑜伽普拉提,Mini Program,,,晋舍瑜伽普拉提约课系统
wxbe85a2fe5833232d,晓华亲子英语课堂,Mini Program,,,自然习得，轻松高效
wxc482d9a396d34a22,晓方趣24h智慧娱乐空间,Mini Program,,,提供棋牌室在线预约功能，支持线上支付，支持线上控制线下设备，支持卡券购买和余额充值，为您提供良好的棋牌环境。
wx70b6bc21adce9cf4,晓晓优选丨外卖霸王餐0元吃大牌,Mini Program,,,认准晓晓优选霸王餐官方账号，谨防假冒，3元吃外卖秒提现！
wx8755c7ebaf715dd6,晓童阅读,Mini Program,,,晓童阅读为教师和学生提供丰富的书单资源，多样化的互动工具，帮助教师高效开展班级阅读。
wx29aef38fba8e4704,晚安睡眠日历,Mini Program,,,晚安睡眠日历是一款集晚安打卡、早安打卡、睡眠时长统计、睡眠质量分析、助眠音乐等功能于一体的睡眠助手，助你养成健康作息习惯。简洁直观的界面设计，清新治愈的视觉体验， 让你轻松记录睡眠，告别熬夜，拥抱健康生活。
wx618e5bc4b33ae89a,晚白购物,Mini Program,,,晚白品牌女装购物
wxd2931de39fefca3f,晨夕查历史天气,Mini Program,,,查询全国历史天气，过去天气。未来15天天气，全国天气，实时天气，分时段天气。
wx6e933aee5596b074,晨起天气,Mini Program,,,晨起天气，为您提供优质的天气预报
wxd543a58b1a9686c8,普乐签售会,Mini Program,,,签售会综合服务
wxd035ba5da33ad0f1,普宁华侨医院医保移动支付,Mini Program,,,通过医保移动支付小程序，可以在手机上轻松完成医保缴费等操作，还支持医保账户在线支付，实现医保个人账户资金的便捷使用。
wxf1ee2ee8998edb61,普宁市妇幼保健院移动医保支付,Mini Program,,,普宁市妇幼保健计划生育服务中心移动医保支付
wx43284fec351fa603,普宁快聘丨求职招聘找工作,Mini Program,,,普宁招聘求职找工作，招人才，兼职全职临时工，普宁零工，好工作薪资高，普宁风情网旗下招聘平台
wx583c529efbe3d164,普洱住房公积金审批助手,Mini Program,,,普洱住房公积金审批助手
wxe31d32102ab96e25,普淘票务接单平台,Mini Program,,,普淘票务，值得信赖。
wxc4886f9c2d4a0704,普益基金,Mini Program,,,普益基金官方小程序，专业构建基金组合，海量基金销售，费率一折起，为您提供个人、家庭、养老理财配置方案。
wxe756fad389053819,普纳瑜伽普拉提,Mini Program,,,约课小程序
wx57820538216fc4fa,普茹撒瑜伽 普拉提,Mini Program,,,在线约课
wx465cde2548881aaa,普诺课程,Mini Program,,,网络创业课程全都有，欢迎咨询
wxf936fd6799db2463,普适导航售后程序,Mini Program,,,给普适北斗售后使用的一款快速查询小程序
wx316cab15dedf187b,普通话水平等级模拟考试系统,Mini Program,,,普通话水平考试系统
wx8fbaae18ad71c383,普阳司机手持客户端,Mini Program,,,司机通过该程序查询自己的派车单，同时通过二维码完成在厂的自助计量，查询自己的计量记录
wxcd519de4a6865c13,普陀全民票务中心,Mini Program,,,舟山普陀文化发展有限公司智慧场馆系统，提供场地预定等综合服务，是体育训练及举办运动赛事的不二选择。
wxd211f1d4c09cb142,景中智能数学实验室,Mini Program,,,景中智能数学实验室，让你学好数学，爱上数学！以自主知识产权智能动态数学教育软件网络画板为内核。中科院张景中院士主持开发。
wx8390cdd515d6892b,景悦电影院,Mini Program,,,享受生活，享受电影
wxc6e911eb76bb3c38,景点台球郴州市火车站店,Mini Program,,,安静悠闲舒适的环境，欢迎光临！
wxe1bff89b53a7428a,景谷光谷电影院,Mini Program,,,查看每日影讯，绑定会员，现线选座
wxe74a1921605f2b6d,景霏法律咨询,Mini Program,,,上海景霏法律咨询有限公司致力于为投资者提供更专业、更便捷、更高效的全流程维权服务。
wx8178bfd4e5a14517,晴天心理学刷题,Mini Program,,,晴天心理学考研刷题背诵小程序，10W+心理学考研人都在用！提供考点刷题和考点背诵两大功能，嘎嘎好用！
wx1f7db0cf2aeaa9aa,晴朗宝贝母婴服务平台,Mini Program,,,主营婴童服务的综合母婴平台 注册用户2万多家 以客户为中心 最好的服务 最低的价格为公司宗旨 打造出最受客户信赖的母婴服务平台
wxf9e47d6f9ac34358,晶速通水晶电商服务平台,Mini Program,,,东海水晶城线上官方渠道，天然水晶一站式采购。正品保障、品质可控，源头直采价更优，随时随地解锁水晶之美。
wx98c61a0dfe0f87f8,智与睡眠,Mini Program,,,小程序商城
wx68f10ce4c5f81950,智为云学习,Mini Program,,,智为云学习，学员练题
wx2747a689ba524977,智享六觉睡眠健康管理,Mini Program,,,融合现代科技与东方禅养、古中医智慧，依托自研疗愈体系与数字化平台，提供定制化睡眠康养服务，深耕精准睡眠健康管理。
wx583e77f21d69052a,智享相册-照片共享,Mini Program,,,智享图册是一款专注活动照片共享的应用，适用于赛事、研学、夏令营、团建、企业活动、商展、婚礼、亲子成长等各种活动照片共享
wx6a55d70596292b5c,智享睡眠,Mini Program,,,顾家智能床小程序
wxa8c52060a6dbd478,智付支付平台,Mini Program,,,智付支付，为客户提供支付渠道。
wx69a0da3eed7662db,智优言科技,Mini Program,,,提供西南航空专修学院热水服务
wx0c0ff097756fc774,智多星饮品,Mini Program,,,购买饮用水
wxe57511cb0fcbcf27,智好味智能菜谱,Mini Program,,,智好味菜谱管理后台
wxc76a09012d289c1a,智安云企业自主双控管理,Mini Program,,,用于企业安全生产管理和隐患排查
wx9b250380771a1a4c,智小厨小碗菜,Mini Program,,,通过小程序浏览餐厅的菜单，选择心仪的菜品，并直接在线下单。节省了顾客的时间，可以随时来即开吃
wxbb517fcab4d12f70,智尚科技公司,Mini Program,,,中粮智尚科技有限公司专注于智慧零售、无人零售及该领域的产品服务。运营商品包含：可口可乐旗下饮料、中粮旗下商品。
wx8d4e2fe27b95585c,智己汽车,Mini Program,,,智己汽车是一家全新的用户型汽车科创公司，全球首创未来公司企业形态，致力于成为“智能时代出行变革的实现者”
wxe495f65f7be71e94,智影相机,Mini Program,,,上传头像照片，一键制作高级感写真照片，解锁你的高光时刻！
wx1b7f9d400a247e67,智慧乡村金融综合服务平台,Mini Program,,,服务乡村振兴
wx573195e6c4a71bcc,智慧云停车管家,Mini Program,,,云停车管家为车场管理提供便捷服务，便于车场数据登记、查询、汇总、提供远程操作、缴费放行
wxa5d456087857e8b3,智慧云停车系统,Mini Program,,,智慧停车打造一站式数字智能停车服平台
wx3af360472553f726,智慧体育运动,Mini Program,,,智慧体育运动平台，与学校平台对接，实现课外锻炼、体质测试、体育教学、理论考试、场馆预约、校园赛事、体育大数据一体化服务
wx28b13ec9bf729918,智慧健身助手,Mini Program,,,健身场馆会员约课、签到、消课、在线购卡好助手！
wxef0d1b340aefabf8,智慧儿医,Mini Program,,,河北省儿童医院、河北省第五人民医院、河北省儿童医院互联网医院
wx41502e33a23b86b5,智慧南山视频门禁,Mini Program,,,智慧南山视频门禁平台对居住人员进行实名登记，判别身份证有效性，完成居住申报的居住人员业主审核授权后即可使用手机开门。
wxf80f040440582832,智慧安防管理服务,Mini Program,,,智慧安防管理服务
wx33123d2ce91c0d5c,智慧定位导航,Mini Program,,,智慧定位导航、蓝牙定位、室内导航、室内外一体化定位导航
wx7a050f3e7cf98c68,智慧客商管理Pro,Mini Program,,,智慧客商管理Pro
wxac8e8608652ba09c,智慧托管课后服务,Mini Program,,,智慧托管
wx59d9e4cf710d213c,智慧教育缴费,Mini Program,,,“智慧教育缴费”为宁乡市各学校学生家长提供便捷的学杂费缴纳服务，输入学生信息进行绑定即可快速在线完成费用缴纳。
wx33610e59700ddf8b,智慧树学习中心,Mini Program,,,智慧树网隶属于上海卓越睿新数码科技股份有限公司，是全球大型的学分课程运营服务平台。
wx4ee17ea5040706af,智慧水电管理,Mini Program,,,专注物联网管理平台系统服务。
wx75c23b567543e422,智慧睡眠,Mini Program,,,用于控制公司的智能产品
wx8b74e4ba67034193,智慧睡眠管家,Mini Program,,,AI帮您解决睡眠问题
wx184ecfa83598bd06,智慧知轮客户版,Mini Program,,,服务于智慧有屏终端使用
wx27ecaeac859ba8c2,智慧窗校园设备管理运维系统,Mini Program,,,这是一套校园智能设备的移动端管控系统，实现了对智能交互平板、智慧黑板等校园信息化设备的远程管理、故障告警、数据统计等功能
wxba9ff8a4a8a01643,智景腾睡眠,Mini Program,,,智景，让您的睡眠更安心。
wx6d4e4c368fd9ae3e,智校云视频电话,Mini Program,,,用于家长和学生的家校沟通
wxdddf29465f13f2b7,智清去水印工具,Mini Program,,,原 视频去水印免费工具，永久免费使用，批量去水印，短视频MD5修改
wxa1832d58bcad09ef,智火约课管理端,Mini Program,,,约课小程序、会员管理系统，高效管理课程预约、场地预定、会员营销、智慧经营。
wxaed0d7b96317eb4c,智牛股票小助手,Mini Program,,,智牛股票直播专用
wx81abf18025c2f9fb,智盛餐饮,Mini Program,,,广东智盛信泰健康产业集团有限公司订餐平台
wx312ac246e13c9104,智税监督税务端,Mini Program,,,内蒙古自治区税务局为加强对权力监督，积极发动群众监督，上线“税务e监督”智税平台实行“一人一 码”“下户扫码”监督和举报
wx0949b2eb9c523189,智算AI引擎,Mini Program,,,所有行业都能用AI重塑
wx2ab9dd0f165a8944,智管兴义小程序,Mini Program,,,倾听民众呼声、回应市民期盼、热情服务人民，小程序通过收集问题、系统派遣、结果反馈，实现城市问题“闭环式”管理。
wxb7718fb9257e4fd2,智联招聘丨招聘求职找工作,Mini Program,,,"智联招聘为求职者匹配海量全职/兼职/实习岗位；为企业提供网络招聘,校园招聘,猎头,人事外包服务,招聘找工作兼职兼职兼职兼职"
wx17102223f3da8045,智联招聘企业版 I 选简历招人才,Mini Program,,,智联招聘企业版，HR人事BOSS免费发职位找简历，为单位/大厂/人力资源/猎头/公司提供招聘服务，销售会计互联网老师应届实习全职兼职
wx57fc9a561d49dc45,智联政企招聘,Mini Program,,,智联招聘，更懂你的价值。邀请亲朋好友为你送上暖心评价，用对你的点赞和推荐打动HR拿到心动好Offer。
wx08e25a163d60852c,智联校园一名企校招实习找工作,Mini Program,,,智联招聘校招小程序，专为有智青年打造！面向大学生提供海量校招全职、实习、兼职岗位，涵盖央企、国企、500 强等名企资源，高效求职不踩坑，轻松锁定心动 Offer！更有免费简历模板限时领取，求职路上快人一步～
wx8e04356c6ccadeb8,智聘AI就业助手,Mini Program,,,一款专为求职者设计的智能招聘服务平台
wxf43080c16a4449e1,智能体 人工智能AI,Mini Program,,,在这里你可以体验到最前沿的人工智能科技AI
wx086fd16ba739073d,智能保险顾问,Mini Program,,,开放问答、风险测评、疾病测评、保险定制、保险解析等一站式智能保险顾问
wx4b8e2ebfaca9339a,智能图片编辑,Mini Program,,,超强图片编辑工具：图片裁剪、电影台词拼接，图片加水印文字、拼接相框长图、头像表情包制作、操作简单智能高效做最好用的图片编辑器
wx20605b1322300026,智能小诺,Mini Program,,,内部小程序
wxe37ffe2861d18191,智能的导航,Mini Program,,,本小程序用于商场智能导航
wx98ddcb026032d214,智能直播工具,Mini Program,,,AI直播智能体应用，OpenClaw龙虾直播，AI直播带货数字人，Ai直播带货是怎么操作的，ai直播机器人搭建教程，ai直播怎么操作，无人直播，无人直播带货怎么操作，无人直播搭建教程，无人直播现在还能做吗，无人直播带货靠谱吗，AI直播工具箱
wx5291f0959b9b9d06,智能睡眠管家,Mini Program,,,自动量化睡眠质量，实时监测心率、呼吸、离床等生命体征，提供个性化健康改善建议。家庭成员间分享数据，异常远程通知，呵护家人安全。
wxb07d8e0a5460685b,智能视觉AI柜,Mini Program,,,电商平台-电商平台
wx45d07170277d2bff,智航-外地车在京导航,Mini Program,,,外地车在京地图导航，进京证自动续签，进京证相关政策查询，目的地附近摄像头分布搜索，全域摄像头地图分布查询，自动规划路线避让，一键分享收藏，实时导航语音播报，外地车的一站式出行服务
wxfb7abddf4b3535a1,智行云实时公交查询,Mini Program,,,实时公交查询
wx344588771fcbfc1b,智行停车,Mini Program,,,襄阳城市停车，为车主们提供畅通无阻的无卡停车服务，自动计算停车时长，自动完成停车付费，急速出入，不等待，不找零。
wx736e8116984f4a16,智行旅游交通出行,Mini Program,,,用于长白山景区内的专车服务，为客户提供专属的出行服务。
wx68dc39fb85fe30a4,智行旅行特价酒店火车票机票,Mini Program,,,一站式出行预订平台，酒店、机票、火车票、门票预定
wxbd33b0cfa7cda030,智行火车出行平台,Mini Program,,,一站式出行预订平台，火车票、机票、酒店和门票预订。火车票购票神器，采用双通道购票：候补票＋24小时余票监控。出行更快更省心
wx76dcd806f382ec8e,智行火车票特价机票酒店汽车,Mini Program,,,你的一站式出行预订平台，火车票、机票、酒店和门票预订。火车票购票神器，采用双通道购票：候补票＋24小时余票监控。让你出行更快更省心
wx16ee5d2bd483c4f4,智行订汽车火车票机票酒店门票,Mini Program,,,智行官方小程序，用于订火车票，汽车票，机票，门票，酒店等业务。官方app：智行火车票，更多出行福利等你来挖掘！
wx382012adfc7740d6,智趣屋编程课堂,Mini Program,,,智趣屋编程课堂
wx583cacdb519f8200,智选租时代客户端,Mini Program,,,深圳租时代科技有限公司旗下品牌“智选租时代”智能手机零售、租赁一站式服务平台
wx7be9692666093761,智通人才丨招聘求职找工作,Mini Program,,,智通人才网，汇集最新招聘信息，人才求职找工作优选招聘平台。提供全职、兼职、暑假工、校园招聘、临时工等招聘岗位，招聘信息实时更新。
wx8b52192373c756ef,智采先卖,Mini Program,,,易加店通过自助研发易加盒子助力于夫妻便利店主。轻松接入，开启“开店如此简单的新纪元”
wx5b0cb4a20efe639e,智钓天气,Mini Program,,,钓鱼天气预报，实时钓鱼天气、气压、潮汐、鱼情指数查询，专业钓鱼佬出钓助手，精准野钓天气预测。
wxbd00bd1982b825c9,智马民宿,Mini Program,,,智马民宿是专注于高端公寓民宿托管的专业服务商，致力于为业主提供一站式民宿运营解决方案。
wx2a6bc09ab2c83bd1,智马达汽车,Mini Program,,,智马达有限公司考勤，smart考勤系统
wx3d691160ca09460b,暖新闻,Mini Program,,,政务+商务+服务
wx456c6a8defc8831a,暖通营销,Mini Program,,,海尔暖通营销内容库
wx51c292a33039a16e,暖食美食店,Mini Program,,,暖食美食店
wxbb6454fbdaca7e38,暗区突围工具箱,Mini Program,,,欢迎来到暗区突围官方小程序
wx7780d11a25e0638b,暨创汇基金,Mini Program,,,暨创汇基金投资人服务平台
wx29c07f3d7e16235e,暴风袋鼠24h自助健身,Mini Program,,,推动健身行业变得简单纯粹，通过技术方案为1-3公里社区范围内市民提供一个，不推销，不打扰的24小时健身房。这是为提高国民身体素质而带来的一场改变。
wxbf56e00059233476,暾直播,Mini Program,,,南京大学终身教育智慧服务平台——会议系统
wxe9949aa267921c5c,曜晖教育,Mini Program,,,PMP考试题库！
wxb5c6d9bcfb92b29d,曲交出行,Mini Program,,,曲靖市交通出行服务提供
wxffae69a01d87c077,曲靖市住房公积金,Mini Program,,,曲靖市住房公积金小程序
wx5c0c633989720bf6,曹快聘丨求职招聘找工作,Mini Program,,,曹县本地找工作，招人才，就上曹快聘！为每一个求职者提供优质的招聘信息，为每一家企业提供专业的招聘渠道！
wxe9617ab1feb5f0ca,曹操出行 I 打车快车专车,Mini Program,,,更好的打车网约车叫车出行平台，提供超性价比的专车、快车、出租车、豪华车叫车、预约用车服务。卓越的服务品质，超优惠的价格。
wx3aacf5563e6d6993,曼巴特购物广场,Mini Program,,,曼巴特购物广场小程序，欢迎您的加入与互动。
wx12cec0112dcc32f2,最强小汽车,Mini Program,,,组装小汽车，一起来比赛！
wx0dde0a13f98fe079,最强飞机,Mini Program,,,开局一个机场，你能搞明白如何开飞机吗？
wx6dada7b6e4f38e88,最美天气官方,Mini Program,,,最美天气为您提供贴心的天气预报服务
wx0663c6a4d50ec9f1,最难跑步,Mini Program,,,锻炼手脚协调，每天都要运动一下哦
wx5a22057f15e5a092,月下茶白,Mini Program,,,中国人饮茶历来就有“客来敬茶”的文明和礼貌。品茶，也带有神思遐想和领略饮茶雕塑情趣之意，我们坚持“原叶茶”加“真鲜奶”0奶精0香精。以向世界展示中国传统文化的魅力和健康茶饮。茶香与月色的结合，我们对品质的追求和对顾客的尊重好比李白对月的执着
wx9e25f98d28ef5aba,月华文阁,Mini Program,,,你拒绝不了的小说
wxae227b4b013f0759,月夏茶寮瓦煲饮品,Mini Program,,,月夏茶寮瓦煲手作
wx49aecc425182df36,月鹿校园,Mini Program,,,面向学校、老师、家长和学生之间的智慧校园，实现通知、作业、课程、留言、考勤、请假等信息的传递与互动。
wx6d16fc1cee8c9aa3,有咖啡,Mini Program,,,每天，有咖啡
wxd3f5522cb00a9e74,有啥做啥菜谱,Mini Program,,,输入家里现有食材，一键生成可做菜谱，告别选择困难，每天吃饭不纠结！
wx101545fa33d2a1e5,有家装饰客户服务平台,Mini Program,,,有家装饰客户监工平台，为客户展示有家公司、产品、案例等信息；为签单客户展示本人装修工地动态、服务人员、合同款项等信息。
wx839ab821b194d9d0,有戏安徽票务服务,Mini Program,,,安徽演艺集团旗下剧院演出荟萃，为您奉上精彩艺术盛宴
wxa3078850e2b1e26e,有戏工具好选,Mini Program,,,小程序主要提供一些实用的小工具给用户免费使用
wxf26dc89f4911301a,有智课程,Mini Program,,,家庭教育平台
wx2bf5f92bdad27d63,有滴出行,Mini Program,,,有滴出行提供更安全、更专业的出行选择，让你的每次出行都能更加舒心，包括：打车、拼车、顺风车、共享后备箱等一站式出行服务。
wxe8415793f414199f,有生之颜官方商城,Mini Program,,,有生之颜
wx08a8fbcb8c830eea,有道考研数学,Mini Program,,,有道出品的考研数学备考小程序，包含拍搜、海量题库、分步解析、智能错题本等多项功能。
wxf22b57baca03a99e,有邻水印相机,Mini Program,,,有邻水印相机为有邻养老行业服务相机，具有专属的行业防伪水印功能
wx2adfe5f3a0190b8e,有量菜谱,Mini Program,,,给您有份量的菜谱，做有分量的平台！
wxafdd0bcbc59ba658,服装制衣汇丨求职招聘,Mini Program,,,"服装制衣招工平台,专注服装制衣行业招工信息发布的平台，包含服装制衣招工，制衣厂转让，订单外发等,服装招工网,服装外发,裁片外发,制衣找工作,制衣人才网,服装人才网,服装招聘网"
wxbb0db81ba41839fd,朗科娱乐管理系统,Mini Program,,,朗科管理系统小程序
wxc6c3007778a2f34f,朝林松源酒店,Mini Program,,,朝林松源酒店以精致典雅的环境和细致周到的服务，为宾客提供尊贵感受，愿宾客的每一次入住都成为难以忘怀的美好回忆。
wxcf1fb6afdcf4e93b,朝阳市中心医院,Mini Program,,,为患者提供，挂，缴，查服务
wx34514dea2b7f86bc,木一运动,Mini Program,,,木一运动
wx6c404e11cf4fc63e,木兮自助民宿,Mini Program,,,木兮自助民宿
wx9407230996f47b12,木兰围场公交,Mini Program,,,乘客便捷乘车
wxc9125bda9cf209d7,木兰锦会员服务,Mini Program,,,木兰锦会员服务小程序，为用户提供门店打卡、会员积分累计、积分查询、积分兑换及会员权益服务。
wxd3c584e6ca3832d6,木子苏民宿酒店,Mini Program,,,木子苏民宿酒店办理入住
wx865cceee3a0cdb6f,木木课程表,Mini Program,,,学生专属课程表小程序！支持课表快速查询、自定义排版、好友分享，多班级课表随心切换，课程颜色自由搭配。额外附带倒计时、纪念日、实况天气等好用小工具，一个小程序搞定校园生活。
wx38dcf38cda9b5286,木瓜餐饮,Mini Program,,,木瓜餐饮聚合小程序
wx5048ec7260c49991,木鸟民宿订酒店公寓loft别墅木屋,Mini Program,,,国内民宿公寓预订平台，别墅客栈、游轮树屋等多种房型为家庭出游、携宠出行、聚会团建，差旅求学提供更有趣的住宿选择，让去哪儿更轻松
wxd33b7c0a7aa615c6,未来15日天气,Mini Program,,,精准天气预报。天气预报24小时每小时降雨预报，天气预报7天15天30天天气查询，未来30天、40天天气查询。提供降雨提醒和台风路径查询哦
wxa70aeda3292abc19,未来30天天气,Mini Program,,,精准天气预报。天气预报24小时每小时降雨预报，天气预报7天15天30天天气查询，未来30天、40天天气查询。提供降雨提醒和台风路径查询哦
wxee11029db3b7bc65,未来40天天气,Mini Program,,,精准天气预报。天气预报24小时每小时降雨预报，天气预报7天15天30天天气查询，未来30天、40天天气查询。提供降雨提醒和台风路径查询哦
wx73aa857d2c88a71c,未美食荟,Mini Program,,,未美食荟，省疾控中心职工食堂专属餐饮服务平台。为职工提供营养健康的工作餐，用心做好每一顿饭，打造便捷、舒适的用餐体验。
wx52cea082f28e8915,未谷编程小助手,Mini Program,,,未谷编程小助手
wxf38086f863810dd9,末日火车打僵尸突围,Mini Program,,,末日 “颗秒” 盛宴！开局一把枪，升级轰尸潮，轻松当末日生存王者！解压枪战，快来试试吧~
wx5c7cff93129737a5,本元瑜伽普拉提,Mini Program,,,期待您的光临！
wx7698d09d1868d8cf,本地宝招聘,Mini Program,,,为用户提供靠谱的招聘讯息，找靠谱公司靠谱工作，就看本地宝招聘！
wx33df9e9a4be8a76a,本地相机,Mini Program,,,🔥本地水印相机免费提供考勤打卡、工地打卡、建筑工地打卡考勤、智能时间水印打卡相机、自定义地址打卡水印相机、日常工作打卡水印相机、定位水印相机。支持时间自定义、日期自定义、天气温度自定义、团队后台等水印相机打卡防伪溯源服务。
wxa2e940b127e62daf,本心科技童伴家长版,Mini Program,,,童伴家长端
wx2a32a6d73eea620b,本来生活,Mini Program,,,本来生活，给您放心的水果生鲜美食。我们涵盖了蔬菜、水果、海鲜、米面、粮油、零食、小吃、饮品、乳品、轻食、母婴等十余种类。
wx5cd53805301ee3bd,本源CRM,Mini Program,,,我司内部管理系统！
wx74dcedc2f2cd7f7b,本电出行,Mini Program,,,本电出行，为您打造安全的长续航换电平台
wx8538698d73eacaa8,本草铺中药店,Mini Program,,,本草铺中药店是来自深圳实体中药房，提供在线按方抓药，照方配药代煎中药服务，精制中药材购买的网上中药商城小程序。
wx9f260cf4628255c0,本识舞蹈木识一艺术培训学校,Mini Program,,,本识舞蹈，致力于把舞蹈带进大家的生活，让舞蹈也成为一种生活方式。
wxf6c97f764e276ea6,术SHU,Mini Program,,,术SHU
wx7ad817d89dba5c44,朱大叔柠檬茶,Mini Program,,,功夫茗茶底，手打鲜柠茶。
wx25a720891653f88e,朱富贵餐饮会员,Mini Program,,,朱富贵海鲜火锅
wx8e983ab0a77daab2,朴食健康,Mini Program,,,朴食健康服务平台
wx735b03e96578026c,机动私厨菜谱,Mini Program,,,菜谱小程序，用于查看一周家里吃什么，评价菜品质量等
wx5cae50819da11605,机器人编程心得,Mini Program,,,"没有学不会,只有努力的！！！"
wxf0b5957f7b36af69,机场通机票服务,Mini Program,,,为机场通提供票务的服务平台
wx58f9b84454782750,机票出行,Mini Program,,,提供：国内，国际特价机票查询预订平台。可轻松办理：老人，儿童，婴儿，无陪护儿童机票，团队机票申请等特殊旅客机票咨询和预订服务。
wxa2fb891dd1288d97,机票图生成器,Mini Program,,,趣味飞机票、火车票、高铁票订单截图在线生成器，过于真实，仅供娱乐。
wx52b80e6c9d37b618,机票生成器,Mini Program,,,飞机票、火车票、动车票、高铁票、网购订单、酒店预订、余额等设计模板，支持在线自行P图改字设计编辑生成下载图片，个人设计仅供娱乐。
wx50ce52a38f9cdbb8,机票神操作,Mini Program,,,甩尾机票小程序、中转弃程航班小程序、联程航班小程序、特价机票小程序，支持机票次卡、海航随心飞、海航PLUS等，可查南航、国航、东航、海航等所有航司，搜索最便宜、最省钱的机票！【早早机票小程序】
wxf5f8ce7c2e97a6a3,机票积分,Mini Program,,,机票积分
wx10e142426c50675c,机票订单生成器,Mini Program,,,娱乐机票生成器、机票订单图片制作、飞机票截图制作、机票P图、机票修改、改签机票等图片制作
wx60798baf9b6b7181,李宁运动中心,Mini Program,,,李宁赛事活动展示平台
wxaa54acd2854b0ba2,李山山茶事点单,Mini Program,,,可快速点单，在线支付，领取优惠
wx599ea0d150a958e8,李校来啦Ai英语训练,Mini Program,,,致力于提供高效且便捷的语言在线智能训练系统，“秉承科技赋能的发展理念”赋能个体实现自我价值，帮助用户提升语言能力
wxcda5d7aa358d3dba,杏林德正堂预约挂号平台,Mini Program,,,德正堂预约挂号平台
wx94a8c6f575623c31,杏花岭政务工具,Mini Program,,,太原市杏花岭区应急管理数字政务数据采集服务。
wx705867e9efcb60d8,杖剑工具,Mini Program,,,杖剑传说工具：实时赛季时间线、副本战力门槛、原初之星计算、角色经验计算、最新兑换码、委托任务副本怪物、食材地图、装备/遗物/技能/幻兽计算、遗物筛选、技能升阶碎片、技能数值查询、体力产出计算、素材秘境计算、小推车升级计算、秘宝能量计算
wx95d08023dec9437b,杜恩睡眠报告,Mini Program,,,为用户展示设备使用信息和睡眠报告
wx67cd2d2ddd1e24f3,杞县直聘网丨求职招聘找工作,Mini Program,,,杞县本地找工作，招人才，就上杞县直聘网!为求职者提供优质的招聘信息，为企业提供专业的招聘渠道!
wxd70a2e9bc383247c,条码生成器工具,Mini Program,,,条形码生成器，条形码在线生成工具、条形码批量生成、条码扫描器、条码识别、条码生成器、条形码制作扫一扫查询条形码扫码盘点扫码计件
wxa8c3f2bec1e65670,来一票电影+,Mini Program,,,来一票电影为广大观影顾客提供电影票在线选座、预订热门电影票、会员卡在线购票、会员卡在线充值等服务。
wx0e3dd3e2750df0bc,来看阅读,Mini Program,,,超全分类，更新快、不花钱！支持听书、夜间模式，阅读更轻松。点击即读，享受你的阅读时光！
wx42c14f21df9ed959,来福商城,Mini Program,,,来福商城，依托本来生活强大体系下，为员工提供福利、激励、出行服务等综合服务。
wx78ca5d136a79f2cd,杨不吃美食店,Mini Program,,,杨不吃美食店
wx64bf893b86d858c6,杨超考研数学,Mini Program,,,专注考研数学，提供考研数学基础视频与历年真题，助考研数学小白成功上岸，一战成硕！
wx902899a1ae44794b,杭叉智慧餐饮,Mini Program,,,杭叉智慧餐饮，打造数字化餐饮服务与管理平台！
wxf6171aac8ba4673e,杭州口腔医院城西院区直播中心,Mini Program,,,杭州口腔医院城西院区
wxf57452c5631b1b23,杭州地铁常乘客,Mini Program,,,欢迎加入杭州地铁“常乘客”，成为杭铁畅行者 。
wx30de982a08444ebf,杭州地铁荟,Mini Program,,,本小程序归属于杭州地铁商业经营管理有限公司，为杭铁商管公司提供线上服务。
wx313dc375ec83cce1,杭州山也摄影工作室,Mini Program,,,拍摄有趣 有爱 不浓妆艳抹 不造作的婚纱照
wxad5fba8c24751627,杭州市中医院张永华睡眠智能体,Mini Program,,,张永华名中医AI智能人
wxe687c5ebd90105e3,杭州市儿童医院,Mini Program,,,为患者提供更加高效、便捷、安全的就医服务。
wx67e654f9372b07a8,杭州市城市文明程度指数测评,Mini Program,,,杭州市城市文明程度指数测评
wxaa18abd6e037797b,杭州市萧山区衡源职业培训学校,Mini Program,,,学校主营培训业务：成人教育，养老护理员，中式烹调师，中式面点师，育婴员，公共营养师，消防设施操作员，保安证等等
wx7f7ccc63ee7507db,杭州广宏大药房,Mini Program,,,连锁药店销小票晒单管理系统
wx4b7b496b13c95fd1,杭州梦象摄影,Mini Program,,,记录时光中最美好的瞬间
wx17c9e2f20c5e388c,杭州瑞医医疗门诊部报告查询,Mini Program,,,杭州瑞医医疗健康管理中心（含未来科技城院区）体检报告查询
wxf292147bf30a188a,杭州纪田摄影工作室,Mini Program,,,纪田文化创意
wx08b325c8c5ec5426,杭州联合银行营销合伙人,Mini Program,,,营销合伙人是杭州联合银行推出的，用于客户、员工邀请别人办理产品、参与活动的综合服务平台。
wx247f7edb39556486,杭州逅璞焦点解决心理服务中心,Mini Program,,,逅璞健康咨询是专业提供心理健康服务的机构，为您提供亲子教育、婚姻家庭、个人发展、恋爱情感等困扰的心理服务及管理服务
wxabc196535f09945a,杭州附一皮肤病医院预约挂号,Mini Program,,,杭州附一皮肤病医院专科预约挂号平台，为广大皮肤病患者提供疾病科普、在线咨询、预约挂号等服务，杭州附一皮肤病专科医院专治青春痘、脱发、皮炎、湿疹、荨麻疹、疤痕、胎记等皮肤疾病。
wx0e124246cee9c999,杭绍甬城际列车预约乘车,Mini Program,,,杭绍甬城际列车预约乘车，凭身份证等有效证件原件进站乘车
wx55b73cbca493bed7,杭银消费金融借钱,Mini Program,,,由杭州银行发起，持牌消费金融公司。借钱500元至20000元，分期借款，灵活贷款。为轻享贷官方借钱小程序，资金周转，循环额度。申请成功后，最快60秒放款，全流程在线操作。
wx3e1aa2e234fb76f2,杰优宝在线学习,Mini Program,,,杰优宝在线安全生产学习、练习小程序端
wxcc224c0f5440e92f,杰士邦官方自营商城,Mini Program,,,杰士邦官方商城
wx241f6cdc0fc930fe,杰士锂电池付款平台,Mini Program,,,电池租赁服务用户端，提供租电、换电服务。
wxe5b183287db89986,杰杰瑜伽,Mini Program,,,专为杰会员瑜伽大家族打造小程序！服务好每一位杰会员！
wx5d704dd7784a67f3,杰瑞应用办公,Mini Program,,,企业综合管理平台
wx064cdd2b79aead68,松原公积金,Mini Program,,,松原公积金
wx87eacd0ba6271fea,松原市恒爱大药房,Mini Program,,,松原市恒爱大药房，欢迎您
wxc46bbd49791413bd,松果出行,Mini Program,,,致力满足县城用户全场景出行需求，以实惠的价格、快捷的服务，构建中国县城市场智慧交通的出行网络。
wx7e4ca90c97365682,松果约课瑜伽馆会员管理约课系统,Mini Program,,,【开瑜伽馆，都在用松果约课】专为中小瑜伽馆、普拉提馆，舞蹈馆研发。含会员管理、会员卡、排课约课消课、补约代约、消息通知、统计报表等。操作简洁功能全面，瑜伽馆约课系统，瑜伽约课小程序。
wxac82174ba6eab93d,松果集民宿管家,Mini Program,,,集房源管理、订单处理、客户服务、财务统计于一体的智能化运营平台
wx77bb2ccab9f69953,松熙私募基金,Mini Program,,,上海松熙私募基金管理合伙企业（有限合伙）为持有人提供相关服务
wx5bd3fc5db59d31e1,松鼠Ai学习机家长通,Mini Program,,,松鼠Ai学习机家长管理端，家长可通过该小程序对学习机进行管理，并可查看学生的学习情况。
wxe2e035e7b049adce,松鼠Ai经销商平台,Mini Program,,,智能硬件经销商快捷服务平台
wx8a2eaf19bee55beb,松鼠咖啡角,Mini Program,,,我们是一杯属于年轻人的咖啡，拒绝香精，让咖啡回归本真。
wxdc19a3d41b104b47,松鼠记账,Mini Program,,,简单方便的免费记账软件，永久保存，随时记账，云存储。各种收支，生活消费明明白白，记账让你不再做月光族！
wx57679a99c99c8ea9,极兔客户管家,Mini Program,,,极兔客户管家是专为企业和商家打造的集专属智能客服、运单打印、物流跟踪、售后服务、面单购买等功能为一体的数字化工具，助力商家高质量发货。
wx57f72a3f0cf98f0e,极医堂挂号平台,Mini Program,,,为小程序用户提供预约和咨询服务。
wx09c9365ebb7c0030,极好停车,Mini Program,,,掌上云停车
wxfb19cf17e2c0e866,极客Geek机器人编程,Mini Program,,,沅江市极客科学探索培训有限公司服务小程序
wxda4eeded596dc479,极康麦医疗科技,Mini Program,,,经营主体杭州极康麦医疗科技有限责任公司，线上售卖保健食品、仅展示商品。
wx2e1deadc021eaeb9,极斗-客户端,Mini Program,,,极斗客户客户端
wxffa33630a050f2e1,极氪汽车,Mini Program,,,极氪汽车官方小程序，共创极致体验的出行生活。旗下ZEEKR 001、ZEEKR 009、ZEEKR X三款车型，提供线上看车、试乘试驾、定制购车等服务。
wx2ab621c1ef6b50b8,极简运动打卡,Mini Program,,,健步走小程序、团队活动、健身打卡记录表、运动打卡。 支持健走、跑步、平板支撑、俯卧撑、跳绳、爬楼、深蹲、骑行、瑜伽、仰卧起坐、蹲马步、引体向上、凯格尔、八段锦、羽毛球、飞盘等几乎所有运动打卡与数据记录。 自定义运动类型、导出运动打卡记录表。
wx0e752a2b663b7eaa,极致金郡健身,Mini Program,,,极致健身以专业打造运动馆！我们不止是健身房，更是涵盖游泳、健身、瑜伽、普拉提等综合性运动空间，为健身爱好者提供极致体验。
wx009182a6839dfa94,极酷运动GeeCool,Mini Program,,,极酷是城市运动生活方式平台，飞盘、橄榄球、羽毛球、跑步、骑行、攀岩、潜水、划船、露营、篮球、足球、皮克球、高尔夫等，使用极酷，一起潮酷！
wxdf0cfaa35061a457,极食到家I外卖美食奶茶夜宵,Mini Program,,,极食到家，平台涵盖美食外卖、商超百货、生鲜酒水、同城跑腿、代取代送等全场景服务，公司以「送啥都有温度」为品牌理念，赋能本地商家增收、带动乡镇就业，打造乡镇 30 分钟便民生活圈，致力于成为乡村最靠谱、最贴心的本地化生活服务平台。
wxf84519c6359c368f,林教练跑步分享,Mini Program,,,"跑步指导
训练计划、运动习惯养成、跑步知识、营养搭配及补给方案"
wx882a433fdfd20bd3,林里生活 Lin Li,Mini Program,,,林里生活I
wx048db5c7be425dcb,果合少儿编程,Mini Program,,,舟山少儿编程培训
wx4dcfd4515bfd6ba1,果然优员工自用,Mini Program,,,专供果然优仓储&财务人员使用
wx64b4b7eb1f0fa772,果然税务师事务所,Mini Program,,,国内电商财税合规领域头部机构服务年营收千万级电商企业只做可落地的财税咨询
wx657ab888015f89af,果蔬好&阳光之日线上购物,Mini Program,,,本小程序仅用于GSH果蔬好生活超市线上商城使用
wxa0097d5026be748c,果谐人证考试通,Mini Program,,,网约车司机从业资格证（人证）考试题库，全国+地方网约车从业资格考试题库，含上海/深圳/杭州/重庆/贵阳等240余城市，包含出租车考试题库的网约车平台。
wx345946c3f358ce09,枞阳交通码,Mini Program,,,扫码，丰富出行生活
wx73295b0d9531b84e,枣阳兜有美食甄选店,Mini Program,,,枣阳兜有美食甄选店
wx904ec421396a4aee,枣阳市零基础政务服务指南,Mini Program,,,枣阳市零基础政务服务指南
wx1ce9435017a13c77,枫叶阅读,Mini Program,,,热门网络小说，任你挑选阅读~
wx545df97c439c86c8,柏合镇壹碗饮品,Mini Program,,,欢迎光临
wx8a7484c9d89900a3,柏威年购物中心,Mini Program,,,柏威年购物商场所属的停车场用的停车小程序本小程序提供停车缴费、停车记录查询、车辆绑定、最新商场优惠活动展示等功能
wx868f71822954e883,柑橘24H健身,Mini Program,,,柑橘24H健身小程序
wx0c78a659d582d131,柘城直聘I求职招聘找工作,Mini Program,,,柘城本地专业求职招聘平台/柘城招聘/柘城求职/柘城找工作/柘城招聘网/柘城人才网
wx6876f427e3e7be1f,柚子法律咨询平台,Mini Program,,,柚子律师提供7×24小时法律在线咨询。真实认证律师团队，快速响应您的诉求，轻松化解法律纠纷，找好律师首选柚子律师。
wx5e68e2e9055b6ebb,柚子记账,Mini Program,,,3秒快速记账，100万人都在用的记账助手。简单方便的生活记账小程序，随手记录收支，掌握账务状况，是你生活、工作详细的记账本。
wxbaf917b960304331,柚见鲜茶,Mini Program,,,手机自助点餐，享惊喜优惠；下单免排队，外卖送上门。
wx16c0f04d4b433a7c,柠云水印相机,Mini Program,,,免费无广告，时间地点真实防篡改
wx177c513cc05c325d,柠季柠檬茶专门店,Mini Program,,,喝柠季，添活力
wxbee03144104f232a,柠檬树餐饮系统,Mini Program,,,柠檬树餐饮系统。
wx4c1bd5e9cb456cea,柠檬短篇,Mini Program,,,你爱看的故事都在这里！
wx77686d6f331fd9e8,查Omeng车站火车巴士时刻表,Mini Program,,,面向在欧洲大陆境内的用户提供附近火车、电车、公交的到达的出发的时刻表，延误信息。另，也对用户提供部分车站附近厕所位置查询。
wx8775adfd0d168dd0,查尔斯小火车大冒险,Mini Program,,,查尔斯小火车大逃亡游戏
wx56ec5e164df6264e,查尔斯小火车挑战,Mini Program,,,查尔斯小火车
wx53b1564e918c6055,查尔斯火车大冒险,Mini Program,,,一款休闲益智了的小游戏
wx9b44da8c11e10425,查房 澳洲房产地图悉尼买房指南,Mini Program,,,提供针对每个房子的信息汇总和客观分析，做悉尼购房参谋。街区细分、基于AI的中立估价及房源对比功能，是非常有用的独家创新。
wxeb47502ceeffb598,查权重工具,Mini Program,,,
wx81a3ced99a3b1145,查查帮助服务,Mini Program,,,查询使用帮助服务，汇总查询小程序、查询系统、查询公众号、查询链接网址、查询二维码的常见问题。针对查无结果、找不到查询入口、对查询结果有疑问、查询锁定、忘记密码等情况，提供相关查询帮助。查询无需注册登录，适配各类信息查询制作相关使用场景。
wx1b6fd110dd64aa14,查汽车车况,Mini Program,,,"提供车辆事故出险记录查询,4s店维保记录查询,调表里程查询,车辆信息查询,车牌号查询,查车牌,车架号查询车辆信息,查车专家,车架号查询,专业车况查询"
wx999582e65a83ec1e,柳州市工人医院医保支付,Mini Program,,,柳州市工人医院医保支付专用小程序
wx0e6b5eece84c99c6,标婷官方购物平台,Mini Program,,,标婷商城
wxb5148e64929a9e26,标果商城,Mini Program,,,标果工厂为门店提供一站式的生鲜采购、配送和销售服务。标准化、稳定、持续是我们始终秉承的服务宗旨！
wx6e915dd7bbd39036,标绩管理端,Mini Program,,,用于SaaS系统的管理
wx5cc91b2c1224a95e,标题咖啡 Beauty Coffee,Mini Program,,,标题咖啡
wx11a60ab83228cfc6,栖禾摄影,Mini Program,,,发现你的美
wx9f1c2e0bbc10673c,校友邦一实习求职校招找工作,Mini Program,,,大学生实习求职、校园招聘、校招就业平台。海量实习、校招岗位。实习校招岗位精准推荐，校友邦实习校招就业平台。
wx796af3381abe60e0,校园e码通,Mini Program,,,校园e码通是中国建设银行推出的一款面向校园用户群体的智慧校园产品。该产品以电子校园卡为载体，结合电子钱包、动态二维码、身份识别等技术，实现了校内门禁出入、餐饮消费、水电网控、图书借阅以及教务考勤等场景的移动互联应用功能。
wx13552ab331077ecc,校园合伙人营销版,Mini Program,,,校园合伙人小程序是中国电信打造的校园营销轻工具，无缝整合校园销售场景，一站式承接各类校园业务，服务广大莘莘学子
wxc160ec9bc06331c6,校园外卖购,Mini Program,,,校园外卖购是服务于高校综合体的一站式外卖点餐平台，打造点餐、配送、外卖柜交付、售后服务全环节，提供安全、优质、便捷的用餐体验。
wxb151d35a16221f8e,校园课程表,Mini Program,,,课表制作新体验，这款小程序页面精美，操作超简单！支持图片导入，还能分享、复制粘贴课程，一键生成高颜值课表，轻松打造专属你的学习日程，快来试试！
wx4294667ee315a00a,校园足迹,Mini Program,,,实时了解孩子安全到校、离校状态关注孩子在校轨迹快速请假、审批接收学校通知增强家校沟通交流，共同关注学生教育成长！
wxadc5ef8bbc724d10,校圆外卖柜,Mini Program,,,校圆外卖柜智能存取，省时省心省力。
wxa6edb79b7851534f,校安通智慧AI校园,Mini Program,,,校安通提供智能安防、师生出入考勤管理、宿舍考勒管理、家校信息互动、学生生活健康管理、学生行为管理等多元化服务的系统平台。
wx3261cee7d90805af,校小二丨跑腿外卖校园生活服务,Mini Program,,,数字校园生活服务平台：校园创业实践/校内勤工俭学    提供校园外卖/校园跑腿/校园团购/校园集市等服务！
wx2329c5a37708b786,校校猴外卖,Mini Program,,,饭点饿了，就选校校猴外卖，无需排队，到寝选餐。专注效率，专注服务，专注体验的点餐平台
wxfe650ffa7a6eecc1,校生活,Mini Program,,,校内餐厅外卖平台，为高校师生提供优质校内服务
wx216ccb7157a8f192,校钉热水服务,Mini Program,,,为高校等单位提供基于互联网技术的热水洗浴、直饮水等设备运营和服务。
wx8160e6180dddfc5d,校餐智慧管理,Mini Program,,,营养餐智慧管理
wx11c5fcff08684d2b,株洲农村商业银行 美好生活,Mini Program,,,株洲农村商业银行客户积分权益平台，为客户提供优质的金融服务和便捷的积分权益兑换渠道。
wxa1e9270686c9ef53,核桃编程,Mini Program,,,核桃编程
wx32f2550e7e0d272e,核桃编程有活动,Mini Program,,,这里是核桃编程活动营地，我们将持续推送你感兴趣的编程学习资料、也会不定期给你带来惊喜的活动和福利！
wxb7a3eeaf666f07b5,格律型动24h健身,Mini Program,,,“格律，是科学的自律；型动，是自由的奔赴。这里没有营业时间限制，只有你对完美的无限追求。”
wxd40318c024b03c48,格木学习机,Mini Program,,,格木教育学员专用，行测刷题数据分析
wx8c3b3b5fec35efd2,格林酒店预订格林豪泰格美格雅,Mini Program,,,"格美会官方小程序,提供格林旗下格林东方/格美/格雅/格菲/无眠/格林豪泰/格盟/格林公寓/青皮树/贝壳及雅阁/逸柏旗下酒店预订服务!"
wx8296d477afe0abfe,格瑞考试,Mini Program,,,格瑞考试系统
wxd38a807b8188d671,栾城烈鸟招聘丨求职招聘找工作,Mini Program,,,不用填简历的招聘网--栾城烈鸟招聘！栾城招聘网最新招聘信息；找工作，招人才，记住【栾城招聘】四个字；创办8年，烈鸟招聘®栾城站。
wxab8814719136cc0b,桂健康,Mini Program,,,桂健康，广西全民健康信息系统
wx442f1fcfc5bd2cd4,桂建通远程学习,Mini Program,,,广西壮族自治区住房城乡建设行业专业技术人员继续教育学习平台
wx4d02abf47ceb3213,桂林定制公交,Mini Program,,,桂林公交定制业务
wx38215f4d28db256c,桂林市妇女儿童医院智慧医院,Mini Program,,,为人民医疗与护理保健服务，妇女儿童保健及疾病治疗，妇女病普查遗传病筛查，以及其他医疗、保健、护理、教学、科研等医疗业务
wx55836128603f66e8,桂林电影院,Mini Program,,,桂林电影院将为您提供最优质的服务！
wxd8f262277392db8a,桂林银行,Mini Program,,,桂林银行股份有限公司小程序
wx440236e3a64c4169,桂林银行金融小助手,Mini Program,,,桂林银行小程序客户经理端
wx6b962ebc4c2db7fa,桂花学校,Mini Program,,,本小程序用于校园餐的订餐和缴费，支持快捷缴费、状态实时查询、数据统计核对，操作简便、安全规范，有效提升校园餐管理效率。
wx9749c685cceae164,桂阅智学服务平台,Mini Program,,,桂阅智学服务平台是广西新华书店集团升级线下服务并延伸线上教育教学服务，助力行政主管部门、学校教育教学的服务型平台。
wx47ab01ff5283c2a4,桔子摄影,Mini Program,,,桔子摄影服务平台
wxf069f838dd2498dc,桔子海民宿,Mini Program,,,海边民宿、赶海游玩、烧烤团建、特色美食
wx430180b24afc5f85,桔子记账,Mini Program,,,免费无广告多人共享记账，新用户送“保时米”皮肤！日历视图免费！分类预算免费！情侣记账、个人记账、家庭记账、情侣记账、项目记账。
wxd2e9c0cc8f617fee,桥隧工程建设数智管理,Mini Program,,,工程建设管理平台，BIM管理信息化，智慧工地管理。
wxb50307b23a28abdf,桦林山泉润通饮品,Mini Program,,,送水到家
wx82249404f00fa4cd,梁溪智慧停车,Mini Program,,,智慧停车，优化停车
wxd66eedcb8f30cdf2,梅山e检,Mini Program,,,梅山E检
wxbfc428a1b7df8213,梅州百城招聘网,Mini Program,,,1万+企业在线，20万人才简历，每日实时更新岗位！在梅州，求职、招聘，就找我！热线：0753-6131888
wx0c2691ead515836a,梅州直聘丨求职招聘找工作,Mini Program,,,梅州直聘专注梅州本地的招聘平台，服务覆盖梅江、梅县、兴宁、五华、丰顺、大埔、平远、蕉岭等区县。一个更懂梅州人才的招聘平台，为梅州企业解决用工难问题。求职招聘，上梅州直聘！客服：15728770694
wx00d6f35324061425,梅钢设备智能管理AI,Mini Program,,,提高设备管理水平和效率。
wxe3045f73e1b2eff8,梦之岛电子发票服务,Mini Program,,,提供给梦之岛各店消费顾客开具电子发票使用
wxdef5b5442425e45c,梦亚酒店南宁火车站大学路店,Mini Program,,,铂森酒位于南宁市衡阳路31号，是一家年轻时尚，并深受大学生群体信赖的酒店。毗邻南宁站、广西大学、南铁美食街、白苍岭地铁口
wx0ad44f594c5d7c28,梦可咖啡烘焙,Mini Program,,,18岁的梦想是在街角开一个面包咖啡店。平凡的我在努力实现自己的梦想，做好吃的小面包，遇见温暖的人儿。希望每个有梦想的人都能在自己热爱的领域闪闪发光。
wxaf8fe00cadf8f5a0,梦均小说,Mini Program,,,本小程序拥有海量独家高质内容，为用户提供优质的小说阅读服务。
wxfb906c8a3a5f3e7b,梦幻旅行,Mini Program,,,重建被暴风摧毁的克里福斯小岛，与村民们一同迎接全新的生活！
wx8d34670a56a4c6eb,梦灵AI塔罗-心理情感事业问答,Mini Program,,,梦灵 AI 塔罗是一款 AI 对话范心理类的应用
wx024f790c53c8b481,梦题库之考试刷题利器,Mini Program,,,梦题库专业从事各类考试题库开发，销售。主要有建筑类，经济类，统计类，财会类，安全员类等。考试题库有模拟考试，错题回顾。
wx7cc815d100a122de,梵丽瑜伽普拉提馆,Mini Program,,,梵丽瑜伽意指梵我合一，自在美丽。是修行，是健康，是一种好的生活状态。目前旗下有四家直营门店，是衢州市瑜伽健身协会会长单位
wx109dbff4382bb226,梵净山旅游区,Mini Program,,,梵净山旅游官方平台为游客提供旅游资讯、门票、酒店、出行、导游等在线预订一站式服务。
wx059f6708996b69a5,梵悦瑜伽Yoga&Pilates,Mini Program,,,愉悦身心。
wx56836d9b5964a550,梵美人瑜伽服,Mini Program,,,梵美人瑜伽服
wx8ceaa40506b3aae7,棉中棉服装定制,Mini Program,,,智能化服装定制，团体服，班服，广告衫，聚会服，活动服，工作服，订做定做，个性设计，公司企业服饰
wx41af033730d1c5bd,棒棒糖全球母婴甄选会员店,Mini Program,,,i-lollipop网罗全球最受欢迎的高端婴幼儿品牌，为追求高贵生活品质的新生代父母，提供宝宝衣食住行的一整套解决方案。
wx94636935177b311b,森加咖啡店,Mini Program,,,森加SensesPlus意在将复加的感官体验呈现予城市的每一个热爱生活的人，将咖啡做到更好喝，吸引所有人的到来。
wx71db9da57d6754c6,森希楠子摄影工作室,Mini Program,,,郑州首家独立别墅少女风摄影工作室，擅长拍摄日系·纯欲·少女·胶片·时尚棚拍·情侣·小众婚纱，全女子团队，每个人对摄影都无限热爱，期待遇见每一个精致的你
wx40586e6938dcc659,森心DTC药店项目管理,Mini Program,,,DTC药店项目管理
wxfd3fcd2bff8923f9,森森GO电商,Mini Program,,,森森GO电商
wx1be526bd0e62c3f0,森马儿童semirkids,Mini Program,,,儿童成长中的舒服陪伴者
wx5ae0f6bef91d326a,椒江旅游票务,Mini Program,,,吃喝玩乐在大陈，打造一站式轻松游。
wxb8b1869fe465c840,椿田熟成茶行,Mini Program,,,椿田熟成茶行
wx571464a93a1a84f9,椿野里摄影,Mini Program,,,椿野里摄影工作室
wx43e928de81b32049,楚雄州住房公积金管理中心,Mini Program,,,楚雄州住房公积金管理中心小程序
wx3e77b529fd8fcd8a,楼市地图AR,Mini Program,,,福州楼市地图线上AR版，扫描地图，查看更多房产信息。
wx96a11bbccc6e184c,榆林公交,Mini Program,,,提供榆林公交实时公交线路查询、定制线路线上购票服务，用户服务等信息。
wx50e351f5a245e005,榆林市住房公积金管理中心,Mini Program,,,榆林市住房公积金
wxf022c3238fe98553,樂聚娱乐,Mini Program,,,随时随地预订专属包厢。告别前台排队，在线查看房态、选择主题包厢、预订黄金时段。无论是生日派对还是周末小聚，提前锁定麦克风，让欢聚时刻不等待。更有小程序约定专属优惠券，轻松开启你的狂欢之夜。
wxf9b3f8c7083908cc,樟树招聘网,Mini Program,,,樟树招聘网 樟树本地正规大型招聘平台-提供最新企业招聘、人才简历信息-樟树人才网
wx461193c1b2e7399f,模拟汽车驾驶游戏,Mini Program,,,模拟汽车驾驶游戏软件是一款好玩的休闲模拟类游戏
wxcc1500ffe82fcf86,模拟破坏汽车游戏,Mini Program,,,模拟破坏汽车，一款极品飞车冲撞的赛车漂移驾驶模拟器小游戏，享受疯狂赛车，极速狂飙，巅峰对决的过程，一起成为赛车手之王！
wx2c59476b9e4e6e71,模拟经营我的大学,Mini Program,,,这里有宿舍、餐厅、实验楼、学习竞赛、体育中心、科学院、图书馆、教学楼、办公楼、社团、公共建设太多太多等你来经营。
wxcecafa8567a767bd,模拟驾驶火车,Mini Program,,,一款模拟开火车小游戏，海量城市火车轨道大全需要你把高铁火车调度上高速行驶，有中国、美国、世界欧洲火车模拟器等你来模拟开汽车
wxcd65f9f890687c99,横店电影,Mini Program,,,横店电影官方购票
wx456c52f696af558c,横店目的地旅游,Mini Program,,,横店影视城目的地旅游
wx814fe99beac73981,横琴动态公交,Mini Program,,,横琴动态公交是为了解决横琴区域内市民短途出行需求，采取按需发车、动态响应的模式运营的新型公共出行方式。
wx5e3f8ad5fb23b60e,橘子体育运动中心,Mini Program,,,用于买课，预约教练，预约场地使用。
wx5832a50ddd929b8c,橘洲员工办公系统,Mini Program,,,用于长沙城发橘子洲旅游服务开发有限责任公司一线员工日常办公小程序
wx4664da35d0e18364,橘洲预约-景交小火车游船预约,Mini Program,,,本店铺提供橘子洲景区门票预约，人工讲解服务，湘江游轮船票预约服务
wxbb60aef59b88598e,橘票票 电影票预订服务,Mini Program,,,电影票特惠、最新电影；发现美好生活，附近电影院电影票订票，可参考淘票票、猫眼电影、美团电影票市场价；各大影院、在线选座！
wx08fa097f77e0e255,橙亦摄影作品,Mini Program,,,橙亦摄影工作室因为热爱所以乐此不疲诚心诚意做好摄影匠心事业拍摄有温度的照片，记录美好时光。记录瞬间的精彩！
wx789c263b7a484c47,橙仔云菜谱-家庭菜单,Mini Program,,,智能管理每日菜单，自动生成购物清单，让每餐不再纠结。
wxb474817eee19b68e,橙啦AI口语,Mini Program,,,从生活到职场，你的专属AI对话伙伴！智能纠音，情景实战，轻松应对日常交流、亲子英语、商务沟通。每天几分钟，开口练起来！
wxe35f101bfd11b126,橙子CRM,Mini Program,,,成立11年，160万+中小微企业的选择！最佳客户管理小助手！提供CRM、CRM系统、CRM客户管理系统、橙子客户管理系统、销售管理系统，提供免费试用
wx0d8eb33af9813e21,橙子发票查重助手,Mini Program,,,成立11年，160万+用户的选择！针对编号进行查重。
wxbf6a441bd935cb0b,橙子记账本,Mini Program,,,简单方便的日常记账本，可多人共享账本，轻松记录您每天的每一笔收支，还可以设置预算，让您花钱更加的透明和理性，真心帮你省钱哦~
wxdd10b7c7e72b507e,橙瑜伽与橙普拉提,Mini Program,,,橙瑜伽约课小程序
wx7d790c42ee5fcb7d,橙途民宿,Mini Program,,,橙途是纳斯达克上市公司趣活集团旗下的全国性头部民宿运营品牌，目的地超200城，房源突破40000+。业务涵盖城市民宿、乡宿、酒店公寓及民宿软件开发，新增升级版功能性房屋，为客户提供个性化、高性价、品质化的住宿体验！
wxfd483e96e2412ee7,橡树心理健康,Mini Program,,,"公益心理咨询预约选橡树心理健康：焦虑抑郁、婚姻情感、亲密关系、家庭教育、职业发展、免费心理测评等服务。 
服务终旨：看见你的真实、接纳你的全部、守护你的成长"
wxf6587d8a602f5593,橱窗跨境支付,Mini Program,,,橱窗跨境支付
wxf1ccb2ab31585ad7,檬兔生活,Mini Program,,,衢州檬兔本地生活
wxd459cbc4b7a84dc2,欢乐云企业版,Mini Program,,,欢乐云商家是一款专门为游乐场商家定制的包括日常管理、查询、行业咨询及服务的应用软件。助您从此轻松管理，快人一步。
wx9ee4302f5fdcd6c6,欢乐全民斗地主软件 V1.0.0,Mini Program,,,随时随地斗地主，轻轻松松赢话费！
wxd46e1bd1a1c2d3dc,欢乐南通长牌,Mini Program,,,麻将长牌，斗地主，四川大贰字牌，好友约局
wx375c80123d32f83f,欢乐麻将,Mini Program,,,腾讯正版麻将！斗地主、好友组队免费约局！
wx5795644871cfef8c,欢乐麻将用户工具,Mini Program,,,介绍欢乐麻将小游戏活动信息
wx790cc674b0603b8f,欢句直播,Mini Program,,,欢句直播——用weixin，随手播。适用于商业直播、活动同步直播、培训、视频会议、课程直播等众多场景。
wx0eb93ef437281515,欢银电影,Mini Program,,,在线选座、卡券福利、电影、影票
wx7a46eebb3741253c,欣享工具箱,Mini Program,,,免费提供图片/视频压缩，图片/视频提取，视频转音频等工具。
wx3b9b351cb2c25db7,欣欣籽母婴生活,Mini Program,,,孕产教练：欣欣籽 现在三胎（孕中期）中国妇幼保健协会认可导乐师｜全孕期高级导师｜孕产瑜伽导师（为您备孕孕期分娩保驾护航）
wxf519da4800d71f2c,欣聚贤阁餐饮,Mini Program,,,欣聚贤阁餐饮·二号食堂
wx71ef9ccdcb5e3cb4,欧孕母婴精选,Mini Program,,,欧孕母婴精选，售后有保障
wx6d8d50cd8eb0e331,欧态健康,Mini Program,,,持续葡萄糖监测及分析
wx3c0d56205b2341dd,欧洲之星Eurostar火车订票平台,Mini Program,,,欧洲之星Eurostar火车票预订
wxdcda716f97b71403,欧派电商通,Mini Program,,,家具设计中心
wx2d0e5893f45a939f,欧爱观光火车,Mini Program,,,欢迎光临
wx017b0d004414dff1,欧瑞博CRM,Mini Program,,,用于管理欧瑞博客户的管理系统
wx24485ca246054e85,欧铂丽电商通,Mini Program,,,欧铂丽全屋定制，上市集团轻时尚品牌，提供免费上门量尺服务、免费设计的一站式家居空间解决方案。
wxc81c1aa48f5a2360,歌曲连线,Mini Program,,,听歌连线小游戏
wxdc55b07b53626400,正一电影院,Mini Program,,,环球国际影城资讯号
wxc84aaef2ef217be1,正佳药师继续教育,Mini Program,,,执业药师继续教育是由湖北正佳职业培训学校开发，适用于参加湖北省执业药师继续教育学习的用户使用。
wxeef6054516a55dd9,正保财税咨询策划审计税务鉴证,Mini Program,,,为客户提供各种税务咨询和解决方案，包括税务规划、税务合规、税务审计、税务争议解决等，致力为客户提供优质税务服务。
wxee07e2c10a725222,正保跑步俱乐部,Mini Program,,,正保跑步俱乐部
wxf1618066fffcfe37,正圭法律咨询,Mini Program,,,律师在线法律咨询服务，提供刑事代理咨询，协议下载，文书代写一站式法律服务平台。
wxf77a7b2596890ffc,正定慧通云服务,Mini Program,,,上海证券通服务
wxa7cb0ae4bd39dbfa,正定慧通服务,Mini Program,,,用于服务
wxd77a2761c1911ee1,正新CRM,Mini Program,,,正新加盟招商
wx306997c29f3b8dee,正泰客户服务,Mini Program,,,正泰电器官方服务小程序，人工服务时间8:00—19:00，专业客服团队为您提供正泰旗下产品选型、物流查询、安装调试、故障排查等贴心服务。
wxc884b59bd934aac8,正美俪优选,Mini Program,,,服饰类商品的零售及服务
wx50b6589a2d7db69f,此刻心理预约平台,Mini Program,,,高性价比线上心理咨询平台，提供低价、专业的线上1v1视频/语音咨询。700+专业咨询师聚焦【职场、人际、学业压力、原生家庭、亲密关系、情感困惑、焦虑抑郁、情绪管理】等常见心理议题，与你一同探索成长的路径。在这里，你将不再孤单。
wx558c8e8a664669d8,步叮跑步,Mini Program,,,步叮跑步以赛事为核心场景，连接跑者从目标设定、赛事选择、科学训练、执行监控到赛事达成的完整成长旅程，帮助每一位跑者更科学、更高效地实现目标。
wxfa61bdcae299f814,步头街本地生活,Mini Program,,,步头街本地生活平台
wxefec4a884b17fae4,武山县中小企业公共服务平台,Mini Program,,,为武山县中小企业提供综合服务。
wx53c62f0e57e96fec,武强县医院预约挂号,Mini Program,,,河北省武强县医院线上预约挂号小程序
wx27ad3ca02e5504a3,武当山智慧旅游,Mini Program,,,武当山官方旅游服务平台，提供在线预约、咨询投诉、导游导览等旅游服务，是您最可靠的本地朋友！
wx8afd72b51ec0f092,武志红心理咨询,Mini Program,,,武志红心理咨询预约，专业心理咨询师团队，提供亲密关系、焦虑抑郁、个人成长、原生家庭、职场人际、亲子教育等心理咨询服务。
wxd1e353b072f3f24b,武志红心理平台,Mini Program,,,武志红读书会
wxd8e0901857fcd61b,武昌万象城智慧导航,Mini Program,,,此为武昌万象城室内及寻车导航，希望带给您美好的体验，如有任何建议，请致电商场信息部，电话：17771855608，谢谢！
wx81a071c43d3a4c86,武汉万科产业办公,Mini Program,,,武汉万科产办业务以“用心服务、助您成功”为宗旨，致力于为企业客户提供优质服务与差异化的办公体验。
wx286a0f6fa437933e,武汉交通职业学院招生办,Mini Program,,,为家长学生呈现最新的学校资讯和招生信息
wx5f7f8955d101c695,武汉从业人员预防性健康检查证明,Mini Program,,,武汉市从业人员预防性健康检查证明，预约，体检，发证
wxb02573b6aa844188,武汉健康证服务,Mini Program,,,查询你想了解的信息
wxf6e143123c59f6f8,武汉儿童医院便民服务,Mini Program,,,武汉市儿童医院武汉市妇幼保健院便民服务小程序
wxb2cc4bf48982d6ed,武汉光谷未来学校一卡通,Mini Program,,,武汉光谷未来学校一卡通业务相关
wxaa1d01cdc96a2c0c,武汉公交,Mini Program,,,武汉公交集团实时公交查询及定制公交购票小程序。
wx0d3c1c8d4c8b4782,武汉公积金,Mini Program,,,武汉住房公积金管理中心官方小程序为缴存职工提供网上自助查询及业务办理服务
wxf2b1fab82afd6178,武汉公积金餐享通,Mini Program,,,一站式企业福利平台
wx714ce975c9dc92e0,武汉动物园票务,Mini Program,,,“武汉动物园票务”是武汉动物园为方便游客购票而开设的一个线上购买动物园门票、年票等和预约入园的服务平台
wxf2f12709da8eed12,武汉华夏理工通识教育,Mini Program,,,华夏理工通识教育信息化平台
wx354b0b29535faa5f,武汉华大餐饮有限公司,Mini Program,,,华大内部员工采购物资平台
wxd07219591f885e68,武汉协和医院,Mini Program,,,智慧、互联网医院融合版小程序
wx72d6a80296ec9bae,武汉协和医院健康管理中心,Mini Program,,,体检预约
wx233b69d68c2ce760,武汉圣旺饮品,Mini Program,,,我们从事炸鸡、汉堡、西式快餐、中式快餐、奶茶等餐饮行业原材料的批发零售及配送。
wx926c35e1d0ce8eea,武汉地铁,Mini Program,,,武汉地铁官方小程序，为您的地铁出行提供全方位信息服务，让您享受每一公里的方便与快捷，出行改变生活，让每一公里都舒适无比。
wx20c84b5431897095,武汉地铁AFC运维管理系统,Mini Program,,,本程序主要用于武汉地铁内部AFC系统日常运维管理。
wx88327c945c3a61e2,武汉大学中南医院互联网患者端,Mini Program,,,武汉中南医院互联网医院用户端小程序。
wxbc87d696686451a9,武汉市交通运输从业资格考试报名,Mini Program,,,提供武汉交通运输行业从业资格考试报名入口
wx10d19a5837b8c8fe,武汉市心理援助平台,Mini Program,,,武汉市心理医院心理援助平台
wxa087d0b2ae36b765,武汉康健妇婴医院移动支付,Mini Program,,,便捷就医服务平台
wx43f2d4d97230a779,武汉新华学习服务平台,Mini Program,,,武汉市新华书店有限公司打造的文化教育服务平台
wx13b08ba80be3beea,武汉环亚白癜风在线挂号,Mini Program,,,武汉环亚中医白癜风医院官方挂号平台，提供免费咨询、在线挂号等服务，获取白癜风治疗、预防等资讯。医院位于武汉市硚口区解放大道，集白癜风科研、诊疗、教学于一体，专病、专研、专治。
wxfd38dc4fb4dfe010,武汉理工大学医院挂号,Mini Program,,,用于校内师生就医挂号使用
wx44d13e9df55a9467,武汉职业技术大学身份通,Mini Program,,,武汉职业技术大学身份通
wx94b73f5b2b94fd01,武穴市政务服务智约导办系统,Mini Program,,,为武穴市企业和群众提供掌上办事指南、网络预约、排队叫号、大厅引导、办事评价等服务。
wxe9d58fd6e1221aad,武胜公交,Mini Program,,,武胜公交实时查询等相关内容。
wx7d26936140e8065c,武钢中冶综合管理平台,Mini Program,,,武钢中冶综合管理平台，涉及公司员工考勤打卡，考勤审批等公司内部办公管理功能
wx9aeaf75bc00a697a,武铁协同办公,Mini Program,,,武铁协同办公小程序
wxe125b1d5757f4136,残疾儿童康复继续教育管理平台,Mini Program,,,继续教育项目申报、学时认定和线上教育培训课程学习。
wx92397587f18650ac,母婴优识,Mini Program,,,"力求対有志于从事月子会所从业者，以学习为引导, 让所有学员在日常经营工作上，有一个可以拓展行业视野及提升自身竞争力的平台。"
wxc38a97b0d61eeaa4,母语感英语启蒙,Mini Program,,,十二年教研，只为让每个孩子都能轻松习得二语。
wx6925d419b74d8339,每天与阅读,Mini Program,,,天天开心，天天快乐
wxe97bde012f78e5fd,每天记账小管家,Mini Program,,,"简单易用的日常记账小管家，轻松记录日常每一笔支出和收入，更有图表统计，让每一分钱都花得明白。
支持日历记账，农历可见，有账标绿点。"
wx99943942b08c360f,每天记账簿,Mini Program,,,专业记账账本，提供账单统计、消费流水、财务报表等核心功能。涵盖日常开支、差旅办公、家庭账务等多种场景。极简设计，随手记账更方便，是你生活理财的好帮手。
wx0197c62458bc4d9e,每日工具箱,Mini Program,,,每日工具箱是一款集合100+实用工具的小程序，涵盖视频去水印、图片处理、计算工具、单位换算、朋友圈利器九宫格等生活、学习效率工具，助你快速解决日常问题！
wx40fa580561239ba4,每日记账薄,Mini Program,,,生活不过柴米油盐酱醋茶，适当规整有利于身心健康。账单、账本、流水、记账、财务、随手记、开支。现在就开始记录生活吧
wxb41f263fd57a77d1,每日麻将记账,Mini Program,,,用于麻将娱乐记账记分的免费工具，记账过程简单。
wx7537c85ad8296fa3,每橙专车,Mini Program,,,网约出行服务平台
wx28e1995a885028a8,每选商城,Mini Program,,,每选集团小程序商城
wx6013954931115303,毓舫医疗 减肥抗衰中心 疫苗接种,Mini Program,,,毓舫医学减重连锁门诊，30+核心城市设有60+家门诊，已服务超3万+减重用户。为用户提供菲塑美贝那鲁肽、诺和盈司美格鲁肽、穆峰达替尔泊肽、玛仕度肽等药物干预减重的同时，也为用户提供个性化减重规划、全程减重管理的专业专属服务。
wx0a5a8395937b095a,比个叶安卓编程,Mini Program,,,Android编程学习一把梭
wx9af6487c6c2bedf7,比亚迪商用车CRM,Mini Program,,,商用车销售服务系统
wxc7e0284a7089469a,比星咖啡,Mini Program,,,love coffee love BeanStar
wx48cd51bdd0978488,毕节市住房公积金管理中心,Mini Program,,,该小程序由毕节市住房公积金管理中心开发，为公积金缴存职工提供住房公积金查询、公积金业务办理等功能。
wx13ed2da331ea24ef,毛驴快跑超市购物车,Mini Program,,,毛驴快跑超市购物车
wx9373875f24a046f8,民宿云管理信息系统,Mini Program,,,民宿入住登记，备品提报一体化信息管理工具，线上登记，物资提报，高效管理房务信息。
wxa1765b29dde44d73,民宿及防消排查系统,Mini Program,,,防消排查，单位内部应用
wx826e695720f4b378,民宿大管家,Mini Program,,,【民宿大管家】移动便捷且免费使用的民宿管理系统，为民宿主一站式管理解决方案，助力民宿高效运营。
wxee89e3d769b5df89,民宿日记365,Mini Program,,,提供民宿，餐饮，景区门票，商超等服务
wx3fa7125637a46966,民政政务,Mini Program,,,提供民政政务信息系统部分移动端功能
wxe4b009ef94a5bf81,民权直聘I求职招聘找工作,Mini Program,,,民权本地专业求职招聘平台，每周推荐最新招聘岗位，提供民权人找工作、企业招聘、校园招聘、扶贫岗位、人才猎头、产业合作等服务！
wx704ac74a993fef53,民泰银行民泰+,Mini Program,,,民泰银行为行内收单商户打造的一款集交易查询、对账、终端管理、商户管理为一体的金融服务小程序。
wx7042dbe3fedc9b7e,民生银行企业账户e+,Mini Program,,,中国民生银行面向公司客户提供的账户综合服务
wx12ba2529e680d9d1,民生银行全民推荐官,Mini Program,,,中国民生银行全民推荐官小程序
wx8212297b23aff0ff,民生银行推荐官,Mini Program,,,提供高效便捷的民生银行信用卡推广服务！
wx78da5dbde2c44397,民航微出行无人陪伴儿童机票购买,Mini Program,,,官方出品，安心放心。无陪儿童少年、补订儿童婴儿、无陪老人机票、机场值机安检协助，登机出站引导。
wxb7cad72f3e57de3b,民航微出行特价机票,Mini Program,,,民航微出行特价机票网上订票，办理无陪伴儿童乘机和补订儿童婴儿机票等服务，民航微出行在线查询预订机票方便快捷低价！
wxab271d0a8a912c4f,民航微出行特价机票预订,Mini Program,,,民航微出行官方小程序。民航微出行提供特价机票预订、办理无陪伴儿童及补订儿童婴儿机票、机票查询飞机票网上订票等服务。
wxc76eb45d66f21a05,民航微机票,Mini Program,,,民航微机票小程序提供国内国际特价机票、儿童婴儿无陪机票、补订儿童婴儿机票、老人协助登离机机票、伤残军人警察特惠机票预定服务。
wxde9ee6c9a632eead,民航总医院,Mini Program,,,民航总医院医疗信息服务平台
wxf58b323623c95f60,民航机票随享飞,Mini Program,,,民航随享飞小程序提供特价机票预订、办理无陪伴儿童及补订儿童婴儿机票、特殊机票查询飞机票网上订票等服务。
wxe0323b5684792d93,气泡音乐AI写歌,Mini Program,,,AI写歌AI唱歌一站式音乐创作工具，作词作曲编曲一键生成。AI翻唱经典老歌、AI定制专属音色，说唱/流行/古风多风格智能押韵。零门槛做原创AI音乐，作品可发布至网易云音乐、QQ音乐、汽水音乐等平台。
wx01142293b7f2c8a4,氧气音乐节,Mini Program,,,氧气音乐节由浙江广播电视集团隶属的广播交通之声创意主办，是叱咤浙江的第一原创音乐品牌。自创办以来，火爆浙江，席卷全国。
wxa4c29ddfbe328619,氧物派商城,Mini Program,,,轻生活新消费理念，打造“品质好货，品质生活”的新零售生态购物平台，努力为每一个家庭提供“好-快-多-省”的网络购物体验。
wx8e2e5c85f03f3ea5,水产客户通,Mini Program,,,水产客户通，可查看水产交易信息
wxf6787d4590f762e9,水佳乐服务,Mini Program,,,小程序充值水费，实现智能水表的线上充值。方便快捷!
wx021ce9f59edc48d5,水印图片拍照,Mini Program,,,水印相机，可拍视频，时间地点水印相机，今日水印相机，相机水印，视频水印，水印相机打卡，水印拍照、水印视频，考勤打卡，拍照自动添加水印，工作真实防篡改
wxd9218b3bc10b7306,水印版相机,Mini Program,,,水印版水印相机，简洁轻便的水印相机。拍照时添加时间、位置等水印样式，真实可靠。
wxba020c0ffb5fa6e8,水印相机云,Mini Program,,,水印相机拍照，地点水印相机时间水印相机，防篡改水印相机，工程水印相机，免费水印相机
wxf471beab4e65f9e9,水印相机打卡,Mini Program,,,水印相机，考勤相机，时间位置水印打卡相机，九宫格切图，压缩图片，证件水印，加水印，视频制作，优质处理图片工具。
wxc8915a16cc43d165,水平仪相机助手,Mini Program,,,手机水平仪、气泡水平仪与坡度测量工具，支持相机找平、角度测量和结果保存。适用于贴春联、挂画、家具调平、装修安装及排水坡度检查，打开即用，无需登录。
wxdda729baf2683279,水控客户端,Mini Program,,,4G物联网水控机，蓝牙扫码水控机，4G电控机，开水器，大口径洒水车用水控机等
wxedc443fa7b5ffb08,水晶城购物中心网上商城,Mini Program,,,杭州水晶城购物中心会员小程序
wxe5bf77376b6f616e,水果车 美食水果零食,Mini Program,,,水果车专注各类新鲜水果、零食、牛奶，您的需求和满意是我们前进的动力
wxf2473e2d938b7eb6,水电十四局劳务管理,Mini Program,,,水电十四局劳务管理小程序，主要用于农民工入场登记、考勤管理、工资管理等方面。
wx9c91e9676babce3d,水豚学编程,Mini Program,,,免费少儿编程视频教程，Scratch+Python，360+集
wxa4ec60ad5e0d9f53,水豚数学乐园,Mini Program,,,免费数学启蒙动画，含数学课、奥数动画等1900+集
wx1aeac47be24c6d92,水韵旅游,Mini Program,,,水韵文旅公司深耕数字文旅领域一余年，是专业的文旅一卡通、公共文旅平台研发和服务商，致力于提供品质、便捷、超值的游玩体验!
wx6e2efc073942989f,永健外卖,Mini Program,,,集外卖、跑腿、团购、信息发布为一体的同城线上服务平台！高效率配送、高标准服务是我们不变的服务理念！
wx287e78d58543a363,永兴中心商城会员端,Mini Program,,,位于郴州市永兴县的中心商城使用的会员积分小程序
wxdb01f0b379fcce95,永安保险,Mini Program,,,永安保险自助服务小程序
wxdbfe5577db7242df,永安职校线上延期教育平台,Mini Program,,,线上延期复核的工种：电工、焊工、架子工、信号工、塔吊司机、升降机司机、吊篮安拆工、桩机操作工、压路机、挖掘机、装载机司机
wxc8611fa05d194334,永川工会法律服务扫码办,Mini Program,,,有法可咨询，有难可援助，有话可谏言。
wxadf2deda3469b806,永州市中心医院云智慧医疗,Mini Program,,,永州市中心医院云智慧医疗
wx2f44df6df0492ee1,永德县益寿堂药店,Mini Program,,,齐益寿延年，用心创造健康美好生活:
wxdd595872093b8b55,永旺金融,Mini Program,,,深圳市永旺小额贷款有限公司，隶属永旺集团，主营个人小额贷款及消费分期贷款业务，致力于为客户提供与生活紧密相关的金融服务。
wxbb18e8c7bf05d629,永法服务一码通,Mini Program,,,永法服务一码通，由永修法院建设。
wxe746d22be5ab25b1,永誉天泽私募基金管理有限公司,Mini Program,,,青岛永誉天泽私募基金管理有限公司，成立于2021年1月27日，并于同年8月27日完成登记备案，登记编号为P1072402。永誉天泽以股票alpha策略为核心，深耕中国资本市场，专注于策略研究，力争为投资人提供更好的投资服务。
wxe1323a7b9f8ec87b,永诚保险理赔服务,Mini Program,,,提供企财险、工程险、责任险、货运险、船舶险及家财险业务线上理赔的服务与沟通平台。
wxcb93b58813c5624a,永辉招聘,Mini Program,,,永辉招聘
wx2208d9a87351cb0c,氺印相机智云Camera,Mini Program,,,水印相机时间地点水印相机打卡水印相机经纬天气水印相机
wxbd72b4f214d10f15,汀小厨餐饮,Mini Program,,,会员、商城、点餐！
wx218db550bf66dc38,求学地图,Mini Program,,,求学地图
wx9ae121e11cd208f9,求职e码通,Mini Program,,,围绕数字经济人才 “引”、“育”、留”、“用”、“转”，为企提供一站式人力资源服务。
wx2d4ffcade14a5e43,求职简历制作婷婷版,Mini Program,,,个人简历制作、简历模板免费下载，在线简历制作工具，高效个人简历 、电子版空白简历表格，word下载，在线编辑，求职简历模板
wxe9a307606925cd58,求职精灵,Mini Program,,,100万+央企国企外企大厂岗位实时更新，40万+笔试题库，Ai全真模拟面试，一键简历优化。求职精灵致力于为大学生、留学生和职场新人等提供实习与就业解决方案！
wx687a56324b45cd93,汇付基金,Mini Program,,,针对投资者对象适当性管理的基本信息搜集以及信息展示等功能。
wxdc8d380f8a83c799,汇伯招聘丨诸城招聘求职找工作,Mini Program,,,最新诸城招聘信息，找好工作，上汇伯网！
wx18fdd4a086605815,汇唐停车,Mini Program,,,汇唐停车是一家综合停车服务平台，主要解决停车难，洗车、加油、充电，提供易用便捷的生活服务，提倡绿色出行，享达生活
wx3de7231499447667,汇捷科技,Mini Program,,,汇捷科技便民自助充电站为您提供技术领先，系统稳定的专业充电服务。
wxcd87c7cf5afd003d,汇智糖压健康记,Mini Program,,,提供血糖血压记录服务，为用户提供便捷的健康数据管理工具，助力慢病患者科学控糖调压。
wx9c608129869af91e,汇智酒店+,Mini Program,,,全球「酒店+」数智化综合服务平台Global 「Hotel+」 Data Intelligence Service Platform
wx0d68be14027c9dfc,汇桦出行,Mini Program,,,汇桦出行，便捷出行
wx191dae1aa71e26f7,汇海跑步,Mini Program,,,汇海校园训练营
wxc4da2a1a2e0035c6,汇科物联停车,Mini Program,,,人工智能 云计算 智慧交通 智慧社区
wx3a805b42e4c9ca0c,汇能健康,Mini Program,,,一款商品售卖小程序
wxf0fc30c72ab0cea2,汇通农商银行智慧食堂,Mini Program,,,福清汇通农商银行智慧食堂
wxfa6dde7ee6304a11,汇隆公交,Mini Program,,,汇隆公交，与城市同行，畅享智慧交通
wx985bcc335367b51d,汉中市住房公积金管理中心,Mini Program,,,支持住房消费，惠及千家万户。
wxf2ed5ef2477d5db5,汉仲出行,Mini Program,,,互联网共享电单车短时租赁平台
wx5c8a9897143b0cf8,汉光百货丨购物美妆女装女鞋家居,Mini Program,,,汉光百货小程序
wxf9153302e70313c8,汉口大药房国大药房商城,Mini Program,,,汉口大药房&国大药房商城欢迎您！
wxf5bc9be65f22c5d8,汉口银行微银行,Mini Program,,,汉口银行，在您身边
wx155908f3ebd78f84,汉口银行易缴费,Mini Program,,,汉口银行生活缴费
wxb23d13dcd84ce3fe,汉瑜伽,Mini Program,,,汉瑜伽·普拉提
wx9f00103cc7741bef,汐里心理,Mini Program,,,汐里心理
wxf10f6d90a79070f5,汕头大学医学院第一附属医院,Mini Program,,,汕头大学医学院第一附属医院互联网医院
wx9ab86e6ca84efeb2,汕头市住房公积金管理中心,Mini Program,,,汕头市住房公积金管理中心官方小程序
wx394bc19f21af2f44,汕头市福利院配餐小程序,Mini Program,,,本程序只供汕头市福利院在院职工订餐，不对外使用
wx336688374c1827a7,汝城县教育基金会,Mini Program,,,湖南省汝城县教育基金会
wx9b51d26a3c0cd070,江东停车,Mini Program,,,常州市金坛区城维城市公共资源经营管理有限公司
wx53fb12dcc2351487,江中食疗购物商城,Mini Program,,,江中食疗官方旗舰店
wx6ca3fedfcaaf1c4e,江北院区院内导航-南安市医院,Mini Program,,,南安市医院江北院区院内导航
wx0576249f7e0a7555,江南大学附属医院智慧医院,Mini Program,,,提供挂号预约、门诊缴费、报告查询及线上问诊等便捷诊疗服务。
wx67574cc9f7e88f5a,江南好生活,Mini Program,,,以我行网点为中心，辐射周边居民生活的各方面，将周边餐饮类商户、便民生活类商户、娱乐消费商户整合在同一平台。
wxf1e99c844a9c2704,江南布衣+官方商城,Mini Program,,,"Better Design,Better Life."
wx4fd0b3bc99245f04,江南爱停车,Mini Program,,,江南爱停车系列小程序
wx5dd46d93b6dbe887,江宁停车充电平台,Mini Program,,,致力于向公众提供安全便捷的充电服务
wx2ec79d4a61ef1276,江津实时公交,Mini Program,,,提供江津区实时公交查询服务
wx068772bf5378a235,江苏传媒学校E卡通,Mini Program,,,校园一卡通充值、购电、查询、密码修改等功能
wx021b54bfc031d159,江苏凤凰教育出版社,Mini Program,,,本程序隶属江苏凤凰教育出版社官方店铺，为江苏凤凰教育出版社公众号订阅号服务。
wxb580f00ebaaa5c96,江苏合家欢供应链电商商城,Mini Program,,,江苏合家欢供应链管理有限公司是一家专为学校、机关、部队和企事业单位食堂，配送食材全品配送公司。
wxa1bb6dc36378adc4,江苏大学一卡通,Mini Program,,,江苏大学校园一卡通服务小程序
wx27dc168307a87511,江苏方正税务师事务所有限公司,Mini Program,,,江苏方正税务师事务所有限公司
wxacb96ee66c3dee84,江苏省中医院互联网医院,Mini Program,,,江苏省中医院互联网医院小程序，提供在线挂号、缴费查报告等服务！
wx94bf5f52c1dd728c,江苏省交通技师学院校园卡,Mini Program,,,为师生提供校内校园卡功能
wx8adc28e6e8fb0531,江苏省人民医院互联网医院,Mini Program,,,预约挂号、在线问诊、处方开立、医嘱缴费、报告查询、药品配送等
wx5372d3bdab3a623a,江苏省从业人员健康证明助手,Mini Program,,,用于江苏省从业人员健康证明发放及查验
wx1de6bcf91d5df39b,江苏省医疗保障研究会,Mini Program,,,江苏省医疗保障研究会
wx941c95ea6dc9508f,江苏省环科学会法律实务知识训练,Mini Program,,,本小程序主要为从事生态环境法学、环境执法等领域的人员提供生态环境法律法规、政策标准、技术规范等基础理论知识训练
wx716df220b7c66947,江苏税务实名认证,Mini Program,,,江苏省税务局在线实名认证平台
wxc62d206c3112de5a,江苏税务社保缴纳,Mini Program,,,本小程序可供城乡居民与灵活就业人员在江苏税务管理范围内进行社保费的日常缴纳  : )
wxb1d504f9ec37735c,江苏辖区农商银行,Mini Program,,,E路有我，乐享生活
wx5e1bbe781661adb8,江西交通职业技术学院招生,Mini Program,,,江西交通职业技术学院招生小程序
wx8ffd7721c319678c,江西喜临门健康睡眠科技有限公司,Mini Program,,,公司内部管理使用
wx90bb6fa807a359ff,江西师范大学校园卡,Mini Program,,,为江西师范大学师生及相关人员提供校园卡服务。
wxb33dc009dacc4905,江西昌盛大药房有限公司,Mini Program,,,江西昌盛大药房为您的健康保驾护航！您身边的健康专家！
wx8993ea48cf6d11c2,江西省儿童医院,Mini Program,,,江西省儿童医院用于网络挂号、线上就诊等服务
wxf5f3ccbce14a1a3a,江西省妇女儿童医学中心,Mini Program,,,主要承担妇女儿童医疗、科研、教学、康复、预防保健、辅助生殖服务等工作，履行公共卫生职责。
wx89303a501bcd0f57,江西省科技馆预约,Mini Program,,,为公众提供江西省科技馆的区县开放日预约和门票预约等服务
wx148c9f33a67ef5cf,江西省胸科医院医疗服务,Mini Program,,,同于就医患者自主预约挂号缴费等。
wx488ffb19101a0c47,江西科技职业学院缴费平台,Mini Program,,,江西科技职业学院学生缴费小程序
wx855d1b3ded9f85e9,江西税务刷脸办税,Mini Program,,,用于PC端和移动端纳税人登录江西税务电子税务局和手机APP实名办税服务
wx909c3eae62c9fa50,江西青原弘济慈善基金会,Mini Program,,,弘扬禅文化，慈悲济众生，天下结善缘，觉世静心灵
wxb904f18f77d9c950,江门公积金,Mini Program,,,江门市住房公积金线上业务办理
wx0fe9b1e49ebec8e5,江门妇幼院内导航,Mini Program,,,江门市妇幼保健院院内导航服务
wx1a874f5d19536398,江门市中心医院,Mini Program,,,江门市中心医院智慧医疗小程序
wx6b839e7008284b64,江阴港口集团学习平台,Mini Program,,,江阴港口集团学习平台小程序，内部人员学习。
wx69a8ae4f56406913,汤姆猫跑酷,Mini Program,,,谁来阻止讨厌的浣熊罗伊抢走所有的黄金。必须帮助汤姆猫在狂野的世界中加速、滑行和躲避，追上罗伊并夺回宝藏。惊心动魄的追逐、精彩纷呈的计时赛、激动人心副场景。解锁各位朋友、有趣的新服装。在跑酷过程中解锁会说话的安吉拉、金杰猫、狗狗本和汉克狗!
wx23d4ef6bb54690f6,汪汪汪电影票,Mini Program,,,❌❌不是这里！！订票请到服务号！！
wx26a2e51e0564c7d4,汽水音乐达人,Mini Program,,,通过节奏来用光剑劈砍方块，体验快节奏的音乐游戏
wx70fb4e70cca43392,汽车4S潜客管理,Mini Program,,,汽车4S潜客管理是专为汽车销售店设计，旨在帮助4S店高效管理潜在客户和提升成交率。
wx84dd50b996d3d862,汽车之家,Mini Program,,,为汽车消费者提供选车、买车、用车、换车所有环节的全面、准确、快捷的一站式服务。
wx70d4b52533d2f2b6,汽车之家报价大全,Mini Program,,,汽车之家报价大全
wx8ebc8f3586c7321f,汽车之家极速版,Mini Program,,,为汽车消费者提供选车、买车、用车、换车所有环节的全面、准确、快捷的一站式服务
wxd32646bc23c54d30,汽车之家车主服务,Mini Program,,,养车之家依托汽车之家车主数据积累，通过内容切入用户痛点，结合用车场景为用户匹配相应的服务，为用户推荐最优的服务网点选择。
wxca5343e78a5cfefd,汽车人变形跑酷游戏,Mini Program,,,汽车人变形热血赛车小游戏，全新汽车人变身变形跑酷竞速小游戏，汽车人模拟驾驶，在各种赛道中变换形态，闯过重重障碍完成闯关，享受刺激的变形跑酷体验！
wx740f441fe242082c,汽车以旧换新,Mini Program,,,用于为个人消费者提供汽车以旧换新补贴申请入口
wxcd87affbb99ed388,汽车力量二手车估价,Mini Program,,,汽车力量专注二手车行业服务，历史车况查询，二手车车源，二手车估价，三大业务，致力于为二手车行业营造诚信、透明的市场环境。
wxd28ebc1801220173,汽车大师,Mini Program,,,专业汽车问答！超过25万4S店品牌技师在线为您一对一提供可靠的汽车咨询服务。服务覆盖汽修、故障、保养、改装、电子、新能源领域等，是您汽车的专属医生！
wx38bf77003be75e8c,汽车山路赛,Mini Program,,,真实模拟汽车驾驶小游戏，山路、沙漠、断桥随便跑！
wx5b0182654872b979,汽车开放世界,Mini Program,,,一款趣味又刺激的汽车漂移驾驶模拟器，在这个自由度极高的开放世界里多种汽车极速狂野漂移，甚至还有重型坦克，重型卡车，各种奇特驾驶器供你选择，一起感受冲撞赛车的狂飙吧
wxfb4e0eb0a16a002b,汽车模拟驾驶,Mini Program,,,真实汽车驾驶模拟游戏是一款刺激超凡的汽车模拟器游戏，在这个自由度超高的汽车开放世界里，你可以尽情享受汽车极速狂野漂移，一起来感受赛车的乐趣吧。
wxe2a282e6479a1066,汽车模拟驾驶游戏,Mini Program,,,模拟汽车驾驶游戏是一款好玩的汽车驾驶小游戏，玩家需要在规定时间抵达终点，完成汽车赛车比赛。
wx8206fe509cd948a4,汽车电源智能开关,Mini Program,,,汽车电瓶控制器小程序控制端，通过蓝牙连接后，可查看当前电瓶电压，打开或关闭电瓶输出，设置低电关闭和反馈。
wx5c441aa7f4bf20ae,汽车画桥大师,Mini Program,,,画线搭个桥，帮小汽车闯关
wx1edd9c0b4915d676,汽车真实驾驶模拟器,Mini Program,,,汽车车祸模拟器，一款真实的极品赛车开放世界小游戏，沉浸式驾驶，超多车型，极速狂飙，疯狂冲撞，一起来点燃你的肾上腺素！
wx1fdaab1994b97999,汽车维修记录上传,Mini Program,,,汽车维修记录数据上传小程序主要用于汽车维修经营者根据《机动车维修管理规定》要求上传汽车维修电子记录信息。
wxf29f0434f4b04c06,汽车驾驶真实模拟,Mini Program,,,真实汽车驾驶模拟是一款热门好玩的汽车小游戏，体验疯狂的赛车游戏，在这个自由狂飙的开放世界尽情飙车成为飞车之星吧。
wx7dd8ac5c3a0bb4cf,沃充科技,Mini Program,,,沃充科技是一家专注于研发当前市场上功能先进、符合物业需求、能得到业主认可的电动车智能充电系统；
wx6be6695cbcea77af,沃尔沃汽车沃世界+,Mini Program,,,沃尔沃汽车中国官方小程序，为您带来最新产品资讯和品牌活动、提供预约试驾/养修、查找经销商等全方位出行服务。
wxe7460c44b35bbd7f,沅江直聘丨沅江招聘求职找工作,Mini Program,,,沅江人才，服务沅江本地企业及求职者，让就业更简单！
wx3a66a20dbbcce819,沈师教职工就餐支付,Mini Program,,,教职工就餐认证及支付
wxed56529b1b33ee19,沈河政务,Mini Program,,,沈河政务
wxd2f66b0fd921809f,沈阳中亚白癜风中医院银屑病挂号,Mini Program,,,【沈阳中亚银屑病医院挂号】小程序，为牛皮藓、银屑病患者提供便捷的挂号服务。您可通过小程序直接预约挂号，一站式解决就医需求。
wxeef0d6607ba43c3f,沈阳卓奥医疗门诊,Mini Program,,,补充线下服务业务，提供患者线上咨询预约等服务。
wxb6c02c270eda901f,沈阳地铁集团置业有限公司,Mini Program,,,地铁置业
wx25e6ecc910d33f4c,沈阳宝贝壹选母婴商城,Mini Program,,,母婴用品相关一站式服务
wx97dd63ba6d58eb0a,沈阳市儿童医院就医平台,Mini Program,,,在线就医平台
wxfb4b262baf12226c,沈阳市皇姑区清醒饮品,Mini Program,,,\u6c88\u9633\u5e02\u7687\u59d1\u533a\u6e05\u9192\u9152\u5427(\u4e2a\u4f53\u5de5\u5546\u6237)
wx0bdb35cf4f043131,沈阳银康中亚银屑病挂号中心,Mini Program,,,【沈阳银屑病医院中亚挂号】沈阳中亚银屑病官方挂号-沈阳中亚银屑病牛皮癣官方挂号平台24小时提供预约挂号、在线问诊。若您有银屑病（牛皮癣）相关问题，可通过沈阳银屑病医院小程序直接挂号咨询。
wx9a69d5ca6ccae58c,沐羽摄影工作室,Mini Program,,,记录时光中最美好的瞬间
wx08eb5e33eb42f9bd,沐足人才网丨技师招聘求职平台,Mini Program,,,招技师是沐足人才网旗下的一款技师招聘小程序，可和老板在线直聊。 覆盖了全国的足浴门店和技师，招聘技师效果好，技师找工作速度快。
wxa2a449343b9263dd,沐风跑步,Mini Program,,,沐浴阳光，迎风奔跑，沐风跑步服务于爱好跑步喜欢运动的群体，为其提供优质的服务，打造一个完善的数据管理平台
wx97eca599b712066a,沙拉匠艺术课程合作,Mini Program,,,沙拉匠艺术课堂，画画首选，提升少儿美术，让更多的孩子进入童画，让进入童画的每一个孩子终身受益。
wxe95030adf7be7b12,沙河壹号招聘网,Mini Program,,,沙河壹号招聘网是一个广州沙河服装生意人档口转租、招聘求职、二手买卖、生意事项等等的信息交流平台！汇集了南城、金马、万佳、益民、沙河广场、网批等众多服装人。
wx64bc4e36edc2f605,沙湾市智惠政务服务,Mini Program,,,推进沙湾市政务公开，规范行政审批行为，提高工作质量和效率。
wx06c84f8c68adec92,沧州中西医结合医院移动支付,Mini Program,,,河北省沧州中西医结合医院移动支付，为医保患者提供更便捷的医保结算方式，免窗口排队，节省就医时间，提升就医体验感。
wx5131e5f4e3e2ad3e,沧州国清大药房,Mini Program,,,查积分，找药品，注健康，享优惠，尽在国清药房
wxb0e7951b1cf0eca4,沧州大运河展馆票务,Mini Program,,,中国大运河非物质文化遗产展示馆简介、门票预约、新闻资讯等
wx563c5566e24df500,沧州市新华区文化惠民卡小程序,Mini Program,,,沧州市新华区文化惠民卡小程序
wx7cdf937ab3f437b4,沧州政务服务预约平台,Mini Program,,,沧州政务服务
wx0feeb2de2dd0e540,沧州银行智慧聚合沧聚财,Mini Program,,,多渠道收单、对账、账务统计、管理
wx696a3e221f50654a,沧州高新区实验学校配餐,Mini Program,,,专为沧州高新区实验学校师生家长打造的智慧配餐服务平台。一键缴纳餐费、查看食谱明细、追踪食材安全，用餐更安心，缴费更省心。
wxeaf5222fee1ac0bc,沪学习商城,Mini Program,,,为上海中小学生提供课内外学习、阅读等优质教育资源——
wxcc872eed7b6a77c3,沪尚回收 企业版,Mini Program,,,帮助可回收物服务开展业务所需的数据记录、汇总、查询等功能的业务系统
wx2d2d0463bd3c9e5f,沪教英语课本点读,Mini Program,,,沪教英语课本点读，深圳地区中小学3-9年级使用，点读听力，连读磨耳朵，翻译对照学习，课前预习，课后复习好帮手
wxbf2271fe5ba21231,沪江睡眠筛查,Mini Program,,,睡眠筛查用于睡眠状态自评、作息记录、阶段趋势查看和健康活动服务预约，结果仅供个人健康管理参考，不用于医疗诊断或治疗。
wx74fb269263ce6b00,沪老服务,Mini Program,,,社区居家养老服务
wxc59dcd80251b4c75,沭E达公共法律服务,Mini Program,,,临沭县掌上公共法律服务平台
wxa02d831abe8aaf2e,沭阳农商银行运营小助手,Mini Program,,,沭阳农商银行运营小助手
wxf1c8b50770e8b29b,河东妇幼医保线上支付,Mini Program,,,医保移动支付线上结算
wx21a343dabccdf0ab,河北中联电影院线,Mini Program,,,“金棕榈”是河北影视集团中联影业院线公司成功打造的连锁影城品牌，在省会石家庄已经家喻户晓，深受广大电影观众的青睐。
wxa9e77c4439e6f197,河北公安政务服务,Mini Program,,,河北省公安厅政务服务平台
wx4b46a132c6db4933,河北医大一院生活服务平台,Mini Program,,,河北医大一院生活服务平台
wx410c75320eee6c2b,河北医科大学第三医院智慧医院,Mini Program,,,河北医科大学第三医院掌上医院，提供患者挂号、缴费、查询等功能
wx92862a5f09882168,河北医科大学第二医院,Mini Program,,,本小程序用于预约挂号、线上咨询、在线充值、查看检查检验报告等
wx1b4b08d967ef3394,河北医科大学第四医院服务平台,Mini Program,,,河北医科大学第四医院暨河北省肿瘤医院，是以诊治肿瘤为重点的大型综合性“三级甲等”医院。咨询电话：0311-86095588
wx6ac419e25fa6e8c1,河北大学附属医院诊疗服务平台,Mini Program,,,河北大学附属医院诊疗服务平台为患者提供诊疗服务
wx7d2da33fd6f516b1,河北新闻广播,Mini Program,,,好听，好看，好精彩！
wx71069962a7dcdfba,河北省人工智能学会,Mini Program,,,河北省人工智能学会线上功能承载平台
wxe3c82fe9005a82fc,河北省儿童医院医证签,Mini Program,,,河北省儿童医院电子签名医证签小程序，仅供医院内部使用
wx995ec61452b9d507,河北省省直住房公积金,Mini Program,,,用于由河北省省直住房资金中心提供的官方小程序
wx16ec62ad89e37834,河北社保缴费小程序,Mini Program,,,河北社保缴费小程序提供河北省社保费缴费记录查询、社保费缴纳、缴费证明开具等功能，
wx691a42ece31dbcf1,河北银行消费金融,Mini Program,,,本小程序主要为客户通过个人贷款类金融服务。
wxd7940aad95f60bbe,河北领冀税务师事务所有限公司,Mini Program,,,领冀财税服务范围：财税顾问、税务合规、股权设计、乱账整理、涉税疑难处理、高新辅导、汇算清缴、涉税审计、电商合规、出口退税
wx8ab93ca672b937e1,河南人才招聘求职网,Mini Program,,,"【河南省人才网】✅立足河南，服务全国！在河南找工作,河南招聘,求职,兼职,公务员报考,教师录取,警察扩编,事业编聘用,猎头,校园招聘,招聘会,面试!"
wx22927342598d3664,河南博物院票务预约,Mini Program,,,河南博物院票务预约
wx01596767907b93fe,河南宝泉旅游区票务官网,Mini Program,,,河南宝泉旅游区官方购票小程序
wx84d7cdea09a5ffd2,河南玺月母婴护理中心,Mini Program,,,13年专业母婴护理，30000+新生家庭信赖。
wxa3a3a532aa72f027,河南理工大学校园卡,Mini Program,,,河南理工大学校园卡
wxa44d254241b4474f,河南省中职教育统一招生平台,Mini Program,,,本系统是河南省教育厅、河南省人力资源社会保障厅批准用于河南省中等职业学校招生录取的唯一平台。
wx1cf2640dcc17a7e0,河南省人事考试中心,Mini Program,,,发布人事考试相关信息
wxdc10f2c7ffdca04d,河南省妇女儿童发展中心报名系统,Mini Program,,,全国中小学生研学实践教育基地
wx9b684245619ac3a4,河南省教育考试院图像采集,Mini Program,,,用于河南省成人高校招生考试、高等教育自学考试等在线报名过程中的图像信息采集。
wx3322e540351c5163,河南省新闻出版学校意见箱,Mini Program,,,河南省新闻出版学校
wx3d474e06e92b878a,河南省新闻出版学校课时统计,Mini Program,,,教学课时管理与评价
wx70cf6d4a0b55d1ee,河南省洛正医疗器械厂,Mini Program,,,洛阳正骨共享设备
wx568057473e1ccc29,河南省科技馆票务预约,Mini Program,,,河南省科技馆门票预约、活动预约等票务服务
wxc7cb332bfe9db195,河南科技大学第一附属医院,Mini Program,,,河南科技大学第一附属医院位于“千年帝都、牡丹花城”洛阳市，拥有60年建院历史，是首批全国百佳医院，三级甲等医院。
wx7f2c5d671c5230c3,河南税务,Mini Program,,,主要对自然人提供办税缴费服务。
wxe71d17ef5420b016,河南财政金融学院招生就业处,Mini Program,,,河南财政金融学院官方小程序平台。
wxb740c8c8099d2bf3,河南静态交通,Mini Program,,,河南静态交通是一款集停车、充电、找停车位、找充电桩、线上缴费、无感支付、包月优惠等功能于一体的智慧停车充电平台。
wxac6410be99b9c29b,河头老街票务,Mini Program,,,河头老街景区购票，导览，服务相关
wx6ece9b10d39a216a,河工外卖,Mini Program,,,覆盖校园商家服务，打造线上线下一体化的校园服务平台！
wx2a4e76f0400bc6fa,河池招聘网,Mini Program,,,河池招聘网，快速、精准、有效。
wx46ff61c3b34b089c,河津市中翔购物广场,Mini Program,,,中翔好又多购物中心欢迎您
wxd1b3600fc2660695,河源市新河实验学校,Mini Program,,,河源市新河实验学校小程序，以素质教育为核心，让家长实时了解学生在校情况，实现家校互通，打造云服务综合教育平台！
wx468b8da3b55a88dd,河美生活圈,Mini Program,,,薅羊毛的机会来了！快乐薅羊毛，好物轻松购！
wx0899144ed3d56d3a,河间求职,Mini Program,,,河间求职招聘网是服务于河间本地企业和就业人员的专业平台，河间找工作、招聘来河间求职招聘网
wxb86199c6d936568f,河马叔叔儿童美发连锁,Mini Program,,,Uncle Hippo专业儿童美发，专为0~14岁小朋友提供专业、健康、安全、美丽的儿童理发服务。
wxf40dbf6f5eda2a9b,河马秀社交娱乐空间,Mini Program,,,不管笑与悲，卡拉永远OK
wx553251b2a0dbdb55,油葱健康,Mini Program,,,我们的使命：致力健康管理，提升生命质量；愿景：健康数字化，成就亿万家庭幸福；价值观：以客户价值为中心，以健康服务为己任！
wxa6d39d74e536b10b,泉州公积金,Mini Program,,,泉州公积金
wx624b039efd899b8a,泉州天使宝宝母婴坊,Mini Program,,,天使宝宝
wx8795c4bafffb5b42,泉州市儿童医院,Mini Program,,,泉州市妇幼保健院儿童医院
wx1bc525f7ed419db3,泉州市生态环境局政务管理,Mini Program,,,政务管理
wx49fa0ef86cd772d9,泉州政务服务,Mini Program,,,发布与审批服务相关的新闻公告，并为社会大众提供办事指南查询、网上预约等公共服务。
wxcae8c25479eb7d00,泉州新天城市广场购物中心,Mini Program,,,新天城市广场线上购物平台
wx01b37e9a72533985,泉州静态交通,Mini Program,,,提供泊位查询、停车导航、车位共享、车位预约、无感支付和投诉建议等服务，打造本地化智慧便民停车平台。
wx9939b670a2e15501,泉智基金,Mini Program,,,电子签约平台
wx3b5ec9b0db0e0f8f,泊安飞停车,Mini Program,,,全国机场、高铁站预约停车服务连锁门店，停车场车位覆盖全国40+城市，致力为车主提供便捷、安全、经济的停车体验。
wxf2af270eb52577d7,法临法律咨询,Mini Program,,,法临提供免费法律咨询、在线律师咨询、专业律师免费问、打官司维权、律师咨询、法律服务、24小时在线提供律师咨询服务，找好律师，上法临法律咨询。
wxfb527259bbfef187,法大夫法律服务平台,Mini Program,,,国内领先的法律服务品牌中小企业一站式法律服务平台
wx1cc27dcceab702be,法律出版社,Mini Program,,,法律出版社官方微店
wx2d65e5f37c10b345,法律咨询在线法丛,Mini Program,,,法律援助，法律援助中心12348，免费一对一律师咨询，免费律师咨询30分钟，车祸赔偿咨询、交通事故咨询、免费社保、欠钱不还、消费者维权、工伤认定、劳动辞退赔偿、退定等法律咨询问题，逾期协商是真的吗？欠条怎么写？被骗钱怎么追回。
wx3560c699cbcad091,法律咨询平台24小时服务,Mini Program,,,法律咨询免费平台，免费24小时律师咨询，律师咨询免费不收费，律师咨询24小时在线法律援助中心，律师咨询免费平台，提供一对一民事诉讼、交通事故、房产纠纷、离婚诉讼、刑事辩护、债务逾期、债权债务纠纷、劳动工伤、婚姻家庭、合同纠纷、找律师等服务。
wx6cab2ec9f0dbb604,法律咨询律师在线解答,Mini Program,,,律师免费咨询，法律援助中心12348，律师在线咨询，律师事务所，民事诉讼，找律师，律师咨询免费平台，免费一对一律师咨询，法律咨询服务平台，代写文书、合同审查，发律师函，提供法律相关的律师咨询服务。
wx0ae59f70241de3eb,法律快车在线咨询,Mini Program,,,提供在线法律咨询、找律师等一站式法律服务。有法律问题，上法律快车
wx000a21741b87cbdb,法律援助中心12348国律,Mini Program,,,法律援助中心12348，法律咨询免费平台，法律在线咨询顾问，法律援助在线免费咨询，法律援助，法律咨询，法律咨询平台24小时援助免费、法律文书裁判网、律师咨询服务、律师事务所、律师咨询24小时在线法律援助中心
wxd46ee2d36d0d978c,法律援助中心12348律谏,Mini Program,,,在线法律援助中心服务，12348法律援助公众号，12348法律顾问咨询平台，在线律师咨询免费，法律咨询24小时在线，专注处理各类债务纠纷、拖欠工资、劳动仲裁、合同纠纷、离婚协议、律师函、催款函、刑事辩护、消费维权、债务逾期协商还款等服务！
wx3e97ee9f2fcc7f90,法律援助中心律师咨询免费田丁,Mini Program,,,律师咨询24小时在线服务，法律免费咨询服务，法律援助，起诉离婚、看守所会见、刑事辩护、经济纠纷、劳动纠纷、劳动仲裁
wx1234cf817df765d6,法律援助中心律师在线免费咨询网,Mini Program,,,法律诉讼网上立案，律师在线咨询免费平台24小时，律师免费咨询不收费，法律援助免费咨询！法律援助中心12348在线律师咨询！法律咨询律师在线免费24小时在线！专业提供律师免费咨询、离婚咨询、经济纠纷、合同纠纷、打官司维权各类法律服务等。
wxa8cf3676736ff628,法律明白人网校,Mini Program,,,法律明白人网校
wx27328e1d16490c82,法律村村通,Mini Program,,,让法律走向每一个角落，增强广大人民群众的法治获得感、幸福感、安全感。
wxb2f2ab900ac3f5d8,法律猫头鹰,Mini Program,,,实用法律AI工具，包括：录音智能转文稿、定制精美电子名片、查询各地城镇人均可支配收入等统计数据、智能提取身份信息、计算诉讼费用、计算违约金、计算利息、查询历史和最新LPR数值、要素式起诉状转换、智能生成起诉状并整理证据目录、智能生成律师函。
wx14f999ad92b71f0e,法律计算助手,Mini Program,,,法律人必备司法计算器，含全国各省市律师费计算、法院诉讼费计算、迟延履行债务金额计算、违约金计算、日期天数计算等工具
wxa2e153bb41650529,法律铭家讲堂,Mini Program,,,系统专业的法律知识学习平台！
wx80f818e51564a46e,法治教育网,Mini Program,,,法治教育网
wxbbb5427a0075c593,法润白玉掌上公共法律服务平台,Mini Program,,,为白玉县广大人民群众提供便捷的法律资讯与服务！
wx7429549ec816c2db,法豆在线法律咨询,Mini Program,,,法律咨询律师咨询平台，免费法律咨询律师在线问答，专业律师实时法律解答，随时、随地、免费！
wxebca4055567f6d06,泗县人民医院支付,Mini Program,,,北京航空总医院泗县医院
wxe723a5b47b00c875,泛微发票报销助手,Mini Program,,,泛微发票助手，国内领先的电子发票SAAS平台，是泛微（泛微网络科技股份有限公司，简称泛微）旗下专注电子发票管理的云平台。
wx3d79afb2e61fe51a,泡泡多饮饮品店,Mini Program,,,为客户提供优良服务
wx04a073811cb46fa6,泡泡玛特服务中心,Mini Program,,,泡泡玛特客服中心
wx3ebb00d644363522,波兰旅游专家,Mini Program,,,波兰旅游专家旨在为中国旅游业者提供最新波兰旅游产品、路线等信息。
wx0807c15007eb997b,波兰旅游局,Mini Program,,,提供波兰旅游相关讯息、服务
wx9c2293536d6c2056,波比BobyAI,Mini Program,,,波比 AI 依托前沿 AI 技术，是孩子成长的贴心伙伴，不仅能陪伴孩子健康快乐成长，更能陪伴孩子学习，提升孩子的学习效率与体验。
wxf11c4e22cd4bf9c3,波点音乐福利君,Mini Program,,,波点音乐福利君助您享受免费好音乐
wxdc00f4b9acaf47e9,泰保险,Mini Program,,,泰康保险激活卡销售，同时包含保险相关的保单查询，自助保全，自助理赔等
wx847de028533b0c17,泰安市中心医院线上智慧服务,Mini Program,,,提供线上医疗服务
wxefdd0ab3a4f12596,泰安市口腔医院线上挂号,Mini Program,,,泰安市口腔医院线上挂号、导诊
wxe288dca71349e2ee,泰山保险客户服务,Mini Program,,,提供保单查询等客户服务
wx76838d264f3f57e9,泰山旅游游客服务平台,Mini Program,,,致力于为游客提供优质的服务体验，秉承线上线下一体化保姆式服务理念，让游客玩的开心放心。
wx8322685cce6f2bd5,泰州好停车,Mini Program,,,泰州好停车官方小程序，提供停车相关服务。
wx69711685c20cb3d8,泰康人寿保险商城,Mini Program,,,泰康人寿新业务事业部保险产品及服务商城
wx5df8231a6236c9e0,泰康仙林鼓楼互联网医院客户端,Mini Program,,,泰康仙林鼓楼医院是泰康保险集团旗下首家医、教、研一体化三级甲等综合医院，是南京大学医学院附属医院、南京鼓楼医院集团成员、武汉大学临床学院、南京中医药大学教学医院。
wx9e3e7020c4a10356,泰康在线保险,Mini Program,,,泰康在线官方小程序，包括百万医疗保险、重疾险、防癌险、健康险、意外险、出行险、少儿保险，对社保进行补充，并提供1对1咨询与定制服务。
wx5a70e22e71a18b15,泰格斯恒业关公娱乐麻将,Mini Program,,,关公麻将集合运城扣点点、稷山新绛八叶、绛县手把一、闻喜万荣贴金等多种地方玩法，快邀请好友一起玩吧。
wxba8c8862fe785a28,泰格移动办公,Mini Program,,,门店经营管理移动化智能变革，门店数据触手可及，一键轻松对账、各类数据进行深度解析，开启智能移动办公。
wxbdc2473d8e16d081,泰湖科技,Mini Program,,,泰湖锂电可以进行租赁、换电
wxda56ac03a29de29a,泰禾出行,Mini Program,,,泰禾智慧出行致力于为乘客打造一站式出行服务，提供各类个性化定制出行服务！
wx5855ef5582ceae5c,泰隆银行,Mini Program,,,更亲，更近，更温暖——泰隆银行
wxd641735c3b62d76e,泷珠制茶,Mini Program,,,可快速点单，在线支付，领取优惠
wx257ec2c47bf3cf04,泸州低空政务飞行服务平台,Mini Program,,,泸州低空政务飞行服务平台
wxf71c2fcbd9d93c1f,泸州医疗器械职业学院,Mini Program,,,发布招生资讯、政策方针、录取查询、校园生活资讯等。为您的青春筑梦保驾护航。
wx2c6d68f7573bed58,泸州小蚂蚁招聘,Mini Program,,,找工作、招人才就上泸州小蚂蚁招聘平台，集聚国企、民企招聘信息于一体。
wx5a43d2be9d189b8e,泸州银行鼋宝支付,Mini Program,,,对鼋宝支付商户提供相关服务，包含订单查询、门店管理、店员管理等相关功能。
wx91e159f333ba813c,泽元基金,Mini Program,,,【泽元基金--您最忠诚的投资伙伴】查询净值、持仓/线上签约
wx77dee4f9672780a0,泽安饮品,Mini Program,,,批发、零售 桶装水 箱装  一键下单 送水到家
wxe20ab1acf626b8f9,泽州县村居法律顾问服务平台,Mini Program,,,泽州村居法律顾问服务平台，您掌上的法律服务专家。
wxc85a5017fe1894e4,泽攸饮品,Mini Program,,,公司内部饮品下单小程序
wx89bab963d701d35a,泽雪电影票,Mini Program,,,泽雪电影票：国内知名电影在线购票平台，3-9折，每张电影票优惠5~30元！前沿电影资讯和电影福利都在这里。
wx35ea4fdeaf3df2cf,洋河酒厂CRM,Mini Program,,,洋河酒厂—苏酒集团贸易小程序
wxb27fae063257b4b1,洋葱数学,Mini Program,,,洋葱数学，匹配小学、初中各版本数学课本，运用动画拆解几何、函数、方程、应用题等重难点知识，搭配同步习题、错题整理、专项刷题、单元测评，用分层讲解降低数学学习难度，适配课前预习、课堂巩固、课后刷题、期中期末备考，高效攻克数学薄弱知识点。
wx8f01402904c0d745,洛克孵蛋工具箱,Mini Program,,,洛克王国的孵蛋查询工具
wx6349f37d12ce63b3,洛宁政务服务,Mini Program,,,洛宁政务服务
wx8dd5f53cd98cf969,洛杉矶旅游局天使汇,Mini Program,,,“洛杉矶旅游同业小程序” 致力于打造一站式的信息分享和业务培训平台，加强与行业伙伴的交流和互动，促进业务的增长和可持续发展。
wx02d5a70297e818d5,洛阳孔繁荣医疗美容,Mini Program,,,洛阳孔繁容医疗美容有限公司，以品质医美、责任塑美为导向，致力于为求美者提供高品质的医美服务。
wx0328821b85fea31a,洛阳市住房公积金管理中心,Mini Program,,,洛阳市住房公积金管理中心电子签名服务
wxd389847442352a2a,洞天旅游,Mini Program,,,洞天（DONG Luxury Travel Collection）汇集了中国各地区的高端旅游服务商，提供前往全球各地、度假品类丰富的高端旅游服务。
wx1f3367258f46b67d,津甜摄影工作室,Mini Program,,,宇宙山河浪漫，生活点滴温暖
wx2edbd5ca77f652ec,洪兴大药房员工助手,Mini Program,,,洪兴大药房会员管理员工助手小程序
wx6c93945039c16dec,洲际酒店集团IHG商旅平台,Mini Program,,,“IHG 商旅”是隶属于洲际酒店集团的官方小程序，为企业提供酒店房间预订，查询会议信息，管理商行会账户等相关差旅服务。
wxe4f9ee68fae12079,活多多丨求职招聘找工作,Mini Program,,,活多多提供货车司机/客车司机/工程车司机/押运员/装卸工/快递员等蓝领工作，后续会开放更多岗位。找活不用愁，活多多里啥都有
wx222c65a5da483b27,洽洽食品优选商城,Mini Program,,,洽洽食品会员店，专注于为你带来每日坚果香瓜子休闲零食的优选体验，掌握关键保鲜技术，尽享健康美味！
wx36957cc8397cf1cf,派单工具丨发单招募审核结算,Mini Program,,,面向达人探店接单场景的效率提升工具。
wxcaedc791023e645c,派森健身,Mini Program,,,派森健身高校俱乐部，见证中华青年力量。
wx1e28b17b878a7f2e,流水记账,Mini Program,,,简单好用的记账小程序。支持多账本、多人共享记账、AI语音记账、自定义分类标签、记账提醒、月度预算、收支统计、资产管理和Excel导出至表格。适合家庭、情侣、朋友一起记账小工具。
wx345ee4b4e565aa02,流量主服务助手,Mini Program,,,微信广告官方小程序，流量主数据及财务服务工具
wxefd8ee89a0d8e02f,浅止满满一杯饮品,Mini Program,,,可快速点单，在线支付，领取优惠
wx329c372e4920be4b,浅言阅读,Mini Program,,,热门网络小说，任你挑选阅读~
wx1f31ddd62ba76fd5,济南一可摄影,Mini Program,,,一可摄影官方小程序
wx2b2a0a92389cc179,济南初七摄影,Mini Program,,,初七影像（济南店）
wx914b5c6f793ab108,济南市儿童医院便捷就医,Mini Program,,,辅助进行医疗流程导航
wxbc21a1382c9aafcd,济南市第五人民医院预约挂号,Mini Program,,,济南市第五人民医院线上门诊预约挂号功能
wx02e073cd339535ca,济南泉益邻法律援助服务平台,Mini Program,,,为济南市志愿法律服务和专业法律志愿服务活动提供数据支持。
wxf97e69015ba0ba86,济宁全域旅游年卡,Mini Program,,,济宁全域旅游年卡是济宁旅游惠民卡的升级，是市委、市政府推出的一项重要旅游惠民工程。
wx43c2bf0e1976f58c,济宁市公共卫生医疗中心,Mini Program,,,济宁市公共卫生医疗中心互联网医院患者端
wxdd4e25afb4d515c4,济宁市第一人民医院院内导航,Mini Program,,,济宁市第一人民医院东院区门诊医技楼1-5楼导航
wxefacf10c3f990326,济宁银行微银行,Mini Program,,,济宁银行微银行
wx18a4341d96b514b2,济源公交,Mini Program,,,实时公交、网约公交
wx059164c21c664c88,济高生活+,Mini Program,,,济南高新生活集团信息化系统建设将以构建智慧管理平台为核心，重点打造物业城市、社区物业及资产管理三大业务模块
wx30747c10946af5af,浙商供应链金融,Mini Program,,,浙商银行运用金融科技开发的新型金融服务平台
wx75390fc2e06b2818,浙商证券,Mini Program,,,浙商证券官方小程序，提供财经干货，实时资讯，专业投资服务。
wx456a2f15f893dad9,浙商证券研究所,Mini Program,,,展示浙商研究所研究成果，深度服务浙商证券客户
wxf74eff0cc9034e59,浙商财产保险,Mini Program,,,浙商财产保险股份有限公司官方小程序，为客户提供车险、家财险、意健险业务查询、办理、咨询和购买的一站式服务平台。
wx594944b2a65d29bd,浙商银行,Mini Program,,,为您提供理财产品、黄金、外汇牌价查询以及网点线上预约等服务。
wxb014f2e83714a4e8,浙工之家新闻,Mini Program,,,浙工之家，掌上娘家。与时代同步！与职工相伴！与工运共进！
wx5ec39404ba6fefa5,浙江健康导航,Mini Program,,,浙江省卫生健康委员会官方授权平台，浙江统一健康门户，为您提供浙江省内医院预约挂号、体检预约、排队叫号等多项健康服务。
wx81b74b35736f7653,浙江农信企业互联,Mini Program,,,企业互联围绕企业客户多层次的需求，将金融功能与非金融功能予以融合，为企业客户提供更为开放、便捷、智能化的服务。
wx6c807e62139637ba,浙江农信微服务,Mini Program,,,浙江农商联合银行官方小程序，为您提供便捷、轻量查询、预约等金融业服务
wx8c611edfad41c38d,浙江华策影视高级技工学校,Mini Program,,,招生，迎新，缴费等
wx3458e630d8186be7,浙江大学医学院附属儿童医院,Mini Program,,,实现线上预约挂号、当日挂号、门诊缴费、住院预缴；发热门诊快速就诊；线上查询检验报告、检查报告；室内导航精准定位。
wx02ab9863777b5a06,浙江大学继续教育学院一码通平台,Mini Program,,,浙江大学继续教育学院一码通平台小程序是为培训学员在校期间提供学习生活服务的智能化、数字化平台
wxecbffa47b2d24120,浙江海亮乡村教育振兴基金会,Mini Program,,,让乡村孩子共享美好校园
wxe91aeebce830cc66,浙江省人工智能学会,Mini Program,,,发挥智能科技创新共同体作用，致力于推动本领域科学、技术、教育、应用和产业的发展，为本领域核心产业发展和技术应用服务。
wx01a4856d8a894c95,浙江省汽车置换更新,Mini Program,,,浙江省用于为个人消费者提供汽车置换更新申请材料上传入口
wx0a7c0e9d33f0b074,浙江省肿瘤医院院内导航,Mini Program,,,提供浙江省肿瘤医院就医导航服务，同事可查看院区三维地图，支持目标搜索，并提供目的地导航功能。
wxb5199aad7e2d8d22,浙江税务社保缴费,Mini Program,,,提供参保人办理社保缴费、他人代缴、自动扣款、银行协议签约等社保业务。
wx9f1fc490b8c2a1ed,浙江艾克斯人工智能,Mini Program,,,天猫精灵销售服务小程序，为零售商提供天猫精灵品牌及产品培训学习、考试问卷、销售奖励发放、活动福利通知等服务。
wx72e6c145f12b3cbf,浙江财经大学校园码,Mini Program,,,一码在手，校园畅游~
wx316bc5861b6fa32f,浙里票务,Mini Program,,,浙里票务是“浙文旅”应用授权的票务营销平台，致力于提供一站式演艺票务、演出信息、娱乐宣发等公共服务。
wx0bbc60e0e52bbcca,浠水润达国际购物中心,Mini Program,,,集购物、休闲、餐饮、娱乐、体验为一体。“全业态、全客层、一站式购物”的定位，将全方位满足浠水周边县市消费者的购物需求。
wx990fe2e6f385499d,浦东教育安全助手,Mini Program,,,浦东教育安全管理中心针对所管辖学校的安全事务管理程序
wxd158d3dd3bdf73cc,浦发银行,Mini Program,,,浦发银行官方小程序
wx5b11cd9591d1d80b,浦发银行公司金融,Mini Program,,,浦发银行公司业务官方小程序，为企业客户提供便捷的银行服务
wx9b3b8eaeefcc30d2,浩海阅读,Mini Program,,,🔥热门小说阅读小程序，豪门、校园、宫斗、江湖、快穿、纯爱、悬疑、推理等各个分类千万本正版书陪你度过书荒的每一天💋💋
wx31acddbd3364bfec,浩航服饰,Mini Program,,,智能化服装定制，团体服，班服，广告衫，聚会服，活动服，工作服，订做定做，个性设计，公司企业服饰
wxdbc2426ab5b7879b,浪漫美食祭,Mini Program,,,人生重开，公主和我开间小店
wx9cf218d04c8d97d5,浮游泡泡工具箱,Mini Program,,,玩法工具箱，答题器，估价工具，玩法信息
wx7519e26c1d2f9edc,海乐生活,Mini Program,,,海乐洗衣
wx682823119ebaec6e,海云天考试服务平台,Mini Program,,,海云天考试管理服务平台内部管理系统
wxe8d22c26c3935e5e,海军军医大学招生小程序,Mini Program,,,海医大招生小程序由教务处主办，设置有学校概况、专业介绍、招生动态、历年分数等板块，主要为考生及考生家长提供招生咨询服务。
wx45651a83a1dc804c,海南医科大学第二附属医院,Mini Program,,,海南医科大学第二附属医院线上咨询问诊等便捷服务平台
wxe9313826df330dd3,海南智慧消防企业管理系统,Mini Program,,,海南重点单位消防安全标准化管理，实现单位基本情况台账电子化、巡查检查数字化、安全教育培训线上化，打造企业标准化管理体系。
wx9f2dd26cafbdf33a,海南海洋欢乐世界地图导览,Mini Program,,,海南海洋欢乐世界地图导览
wx041fd4b489b20f25,海南电影通,Mini Program,,,影业传媒、发行放映、商业综合体管理服务
wxb5c424f31b4b587b,海南省妇儿医学中心互联网医院,Mini Program,,,海南省妇女儿童医学中心互联网医院，患者可以通过小程序进行在线问诊，申请复诊开方，报告解读，报告查询等就医服务。
wx3a2095a9f64fb7a4,海南科技职业大学,Mini Program,,,海南科技职业大学
wx0f07099ebd88c57a,海南科技馆,Mini Program,,,海南科技馆官方小程序，为您打造更轻便、更智能、更沉浸的科普体验
wx88d1da9d30f4fd3f,海南税务码上办,Mini Program,,,"""码上办""是海南税务线上办税平台，让纳税人足不出户即可方便的在家完成税务咨询、业务办理、线上排队等功能。"
wxfbe6d7ff71f7a5fd,海口智慧微公交,Mini Program,,,海口智慧微公交是海口公交面向广大市民推出的一种新型公交出行方式，通过线上下单进行乘坐，微公交具有快捷、舒适、低价等特点。
wxc382bd47c00753e3,海口经济学院招生办公室,Mini Program,,,海口经济学院是2008年经国家教育部批准成立的海南省第一所独立设置的民办本科高校，为理想的求学胜地。
wxf4cea39c346a29d7,海口远大购物中心,Mini Program,,,海口远大购物中心是集亲子、娱乐、休闲购物为一体的现代化大型购物中心。
wx394caee600528488,海员看天气,Mini Program,,,方便海员查看海上天气实况、天气预报、历史海况的小程序
wx8e743e9c040d1a08,海大运动场馆预约,Mini Program,,,以大连海事大学运动场馆预约为目标，满足游泳馆、羽毛球场地、网球场地、足球场地、篮球场等场地预约及缴费需求。
wx5fc2136a48a2eb94,海大鱼打车,Mini Program,,,湖南海大鱼信息科技有限公司是成聪软件（股票代码830905）旗下专业从事各类电商业务与互联网服务的子公司。
wxc98ba00f10077a1d,海天学校家长订餐,Mini Program,,,深圳市宝安中学（集团）海天学校家长订餐小程序。
wxcb8253cb829392ef,海宁招聘网,Mini Program,,,海宁招聘网。帮你找工作 ，帮你招人才。
wxddc8369e7b9467c9,海尔商城,Mini Program,,,来海尔商城，省心又省力！ 海尔官方平台，冰箱、洗衣机、空调、热水器等全系大家电与正品周边一站购齐。官方直营、原厂服务，轻松购，安心享。
wxcccf08b6dc9594c2,海尔消费金融借钱借款够花,Mini Program,,,
wxec2296fe9ecc7fd0,海尔消费金融够花,Mini Program,,,
wx095bacd82ca2632b,海尔消费金融官方借钱入口,Mini Program,,,⭐⭐⭐⭐⭐海尔够花官网借钱入口是海尔消费金融旗下的信用贷款平台，最高20万额度纯信用贷款，随时随地解决您的借钱需求。
wx6343090816c216b4,海岛交通运输服务,Mini Program,,,交通运输行业人员(包括安全管理人员，各类驾驶员、教练员等)安全教育、继续教育和岗前教育培训等;
wx1db9f853c02f4bd7,海康云停车,Mini Program,,,海康云停车，为您提供快捷缴费、找停车位、车位预定、领优惠券等功能，方便您的停车，满足您的日常停车需求。
wxd879aea7e7a3faa8,海康科技 智行商家版,Mini Program,,,海康科技 智行商家版
wxae3128ca13df70fa,海德林咖啡餐厅,Mini Program,,,最终幻想14海德林咖啡餐厅官方微商城
wx9cc6c2245b8918ef,海心健康,Mini Program,,,肿瘤患者全病程管理平台。帮助肿瘤患者活得更久，活得更好！
wxfaf81862d2d9b87a,海思睡眠监测,Mini Program,,,睡眠监测设备佩戴情况信号查看工具
wx6fba1357f2f3a2e7,海悦电影票,Mini Program,,,购买电影票的小程序
wx22533431ae121507,海拔经纬相机,Mini Program,,,经纬度海拔水印相机，实时时间，定位地址，定位海拔水印，现场拍照工程巡检、外勤打卡、施工留痕，精准经纬度与时间，支持备注功能，助力高效工作记录与场景取证。
wx505dc9044707a269,海招君直播间,Mini Program,,,海康威视招聘官网唯一指定直播小程序。查看海康威视热招岗位信息；了解最精彩的海康威视雇主文化；一键投递简历！
wx5144ce8c111814a9,海洁餐饮,Mini Program,,,主要业务包括机关/学校等团体早、中餐；餐饮器具集中消毒服务；中小学生校外托管服务。
wx3e9dc638375641c9,海淀医院健康管理中心,Mini Program,,,体检预约
wx1be14c4d99bd81fa,海灵格课程,Mini Program,,,海灵格课程，广泛应用于教育、商业、伴侣、亲子关系，企业组织发展等领域。在爱中深度体验，从此打开新境界。
wxef93eff2325807cd,海燕发票查重验真平台,Mini Program,,,一个用于发票管理的工具平台，包括查重、验真等管理功能。
wx80c1ca2e0d55637c,海纳CRM,Mini Program,,,凌霄云公司旗下CRM管理
wxc8b0913bdf278ac6,海绵英语阅读,Mini Program,,,海绵英语轻阅读工具，专为管理类联考研发。语言学习需要不断积累，如何让学习变的轻松，快乐、高效是我们一直努力的目标。
wxb02fdcaafb6af937,海能投顾,Mini Program,,,海能投顾秉持客户至上的服务理念，以“量化+大数据”为核心技术引擎，为投资者提供科学理性的证券投资顾问服务。
wx074e82294cc92ed2,海舟云餐饮,Mini Program,,,海舟云餐饮提供线上订餐、自提预订等餐饮服务功能
wx3696b4888f13833e,海航航空商城,Mini Program,,,为您提供一个简单、快捷、愉悦的购物体验。立即体验我们的小程序商城，开启您的便捷购物之旅吧！
wx601ac06660b2840c,海螺职工福利商城,Mini Program,,,海螺职工福利商城秉承“至高品质、至诚服务”的服务理念，全程为集团内部职工和企业提供个性化的购物服务服务。
wx310ea079269db174,海诚母婴优选,Mini Program,,,专业供应链：选品、补仓、采购、询价、对账、下图、一件代发。
wx1835c6446c2778ee,海量悦生活,Mini Program,,,为线上云店，线下云店及厂商提供的线上经营服务工具
wxd56d1eb32e5fc82e,海阳市中医医院诊间支付,Mini Program,,,海阳市中医医院线上医院服务
wxd8d3e1b19e2229f6,海青的课程助手,Mini Program,,,海青言语课服工具，支持老师排课消课，学员在线约课、查询课时记录，高效处理课务。
wxd0653907ab832937,海顺证券投资,Mini Program,,,海顺证券投资员工版，仅供内部员工使用
wx39d7d63059a8c580,海马体取片服务,Mini Program,,,海马体照相馆看片服务端，照片远程修改、打印一站式服务。
wxe048f52a1cdb822e,海马体商城,Mini Program,,,海马体商城是海马体照相馆的线上商店，提供全新的周边产品购买体验。
wx62dea0464776fa42,消消小星星经典,Mini Program,,,手机休闲必备，超级好玩的经典消除小游戏！
wxd8b3b7fddb2958e5,消消美食街,Mini Program,,,无需下载点开即玩的全新消消乐游戏
wxa2c324b63b2a9e5e,消灭病毒,Mini Program,,,消灭病毒，躲避病毒，升级武器消灭病毒
wxea0d8df5f2aca6b3,消防救援人员心理健康测试平台,Mini Program,,,本小程序用于在消防队伍中开展心理测评工作
wx5e8840b295905779,消除美食摊,Mini Program,,,消除美食摊，快乐每一天
wx015e1ae80a10e550,涉县政务,Mini Program,,,智“惠”涉县小程序创新接入DeepSeek大模型，通过智能交互与人性化服务重塑办事流程，进一步实现企业群众办事“掌上办、零跑腿”
wxcc8da7db630366a6,润沅餐饮职工食堂,Mini Program,,,欢迎来到智能人脸识别智慧餐厅!
wxb9699ba95caae7d2,润泽云办公,Mini Program,,,辽阳市中成自来水有限公司移动办公云平台
wxddce33f87c5fe4a6,润泽园教育,Mini Program,,,润泽园教育小程序是一款线上线下联动的教育服务平台，立足于中华优秀传统文化的创造性转化，助推中小企业战略创新。
wx3fc4ae4a01afbfa8,润禾大药房,Mini Program,,,河南润禾贰拾肆小时医药连锁有限公司位于河南省新乡市，2015年在国家医改背景下成立的一家新型“专业医院店”医药连锁公司。
wx3cb94f2d817a1cd2,润缘大药房,Mini Program,,,主要经营药品售卖，专注重大慢性基本，熏药特药齐全，力争以病人为中心，并配备有专业药师团队
wx95a56b6cff8c313c,涵悦科技优选,Mini Program,,,涵悦科技优选专注于线上日用品销售
wx268e49644bc5857b,淄博留仙湖电影城,Mini Program,,,留仙湖影城购票小程序
wx75927422f649d4a2,淘嘉祥招聘网,Mini Program,,,嘉祥招聘/嘉祥求职/嘉祥找工作/嘉祥招聘信息/嘉祥招聘求职网
wxece3a9a4c82f58c9,淘宝闪购 l 饿了么外卖美食超市,Mini Program,,,中国领先的外卖订餐服务平台，配送美食、生鲜、水果、鲜花、蛋糕、甜品、超市百货，准时必达！
wx553b058aec244b78,淘票票电影,Mini Program,,,淘票票，淘出好时光；中国最佳用户观影决策平台，提供在线购票服务及丰富的电影资讯，预告片、剧情介绍等，供网友评分、评论等。
wxd40331aaa8b963e5,淘课程,Mini Program,,,淘课是一款线上下单的教育软件
wxa17b4249ebb6f3c4,淘金者基金,Mini Program,,,基金数据查询，投资知识分享。
wxec20c41fa9582ad0,淘鲜生I餐饮招聘求职找工作,Mini Program,,,"餐饮招人、找工作、进餐饮厨师群！店铺出租转让、档口招商招租！餐厨二手买卖、厨房求包承包！招聘求职、顶班、带班、替班,淘鲜生一站搞定！"
wx63cd0f6f840a3bae,淦吧健身,Mini Program,,,淦吧健身，全国直营，期待你的加入
wx2713db24304561e5,淮北城管便民生活地图,Mini Program,,,淮北城管便民
wxa4d3a22ac5f96d9e,淮北矿工总医院支付中心,Mini Program,,,淮北矿工总医院是国家三级甲等医院，1958年建院现拥有床位1500张。是集医疗教学科研与预防为一体的现代化大型综合性非营利性医院
wx297bc7d276de2eb0,淮安公共交通,Mini Program,,,鹏鼎控股公司员工工作服免费洗涤小程序
wxfd19e5f5065fc971,淮矿学习平台,Mini Program,,,淮矿学习平台小程序是一款面向淮矿员工的在线学习工具。
wx70e22451af9cf061,深中跨市公交专线,Mini Program,,,用于深圳中山跨市公交服务
wxcfa447c949ec11f1,深光彩,Mini Program,,,深圳小微企业和个体工商户公共服务平台
wx2d13d83084fb0e2c,深国际e交通,Mini Program,,,深国际湾区投资智慧园区平台智慧交通系统。
wx890a39c1c6f24f59,深圳中山妇产互联网医院-药店端,Mini Program,,,深圳中山妇产医院互联网医院
wxe5654af566761b86,深圳医顺考试通,Mini Program,,,深圳医顺考试通为学员提供‘医师资格考试’一站式考前辅导服务， 包含：学习通知、正课考试、强化练习、学习答疑、订单服务、课程服务等。
wxf6429ff5543ec7d1,深圳国际美术馆票务预订系统,Mini Program,,,票务预订系统
wx6d4f758288145fd4,深圳图书馆数字阅读馆,Mini Program,,,深圳图书馆数字阅读平台，整合移动端在线阅读资源，为读者提供电子图书、期刊、音频听书及特色馆藏视频等，推广全民阅读。
wx0c7677b636e8b13d,深圳地铁,Mini Program,,,深圳地铁
wxa929ad84b6be51af,深圳地铁线路图,Mini Program,,,深圳市地铁地图，能自由缩放，可查询地点，加载快速，使用流畅，是深圳通行的好助手。
wx979a9352d7fa92ce,深圳外国语学校初中部食堂,Mini Program,,,深圳外国语学校初中部食堂充值系统
wx33ad0f2ca72d49ee,深圳大学城校园一卡通,Mini Program,,,深圳大学城校园一卡通为持卡人提供各种实时服务：校园卡充值、账户余额与状态查询、消费记录查询、卡片挂失与解挂功能等。
wx7d4a429a7d3999dd,深圳大学校园参观预约,Mini Program,,,深圳大学访客预约参观校园使用
wx7e09c2a9b913808d,深圳实验光明学校食堂,Mini Program,,,深圳实验光明学校食堂订餐、请假、查看菜单等。
wx907988772eae192a,深圳市众志公益基金会,Mini Program,,,集众人之志，成天下之公！
wxe345ff3aa71bef44,深圳市儿童医院,Mini Program,,,风起云涌观后海，仁术仁心致精诚，护佑健康，托起希望，初心不改，建设一家有温度的现代化国际化高水平儿童医院。
wxedc39844540a6110,深圳市宝安区裕安学校食堂订餐,Mini Program,,,裕安学校食堂订餐
wx59f51abc83eb4e6a,深圳市智理技工学校,Mini Program,,,深圳市智理技工学校智慧校园平台
wx1e62e51e83b98193,深圳市残疾儿童定点康复打卡,Mini Program,,,用于深圳市残疾儿童定点康复打卡。
wx43de6373092514d2,深圳市海岸城购物中心,Mini Program,,,海岸城购物中心
wxb9596ee1483ee0f5,深圳市消防政务服务平台,Mini Program,,,现代化指挥平台与业务平台对接，实现政府、部门、社会单位消防安全管理工作“一网通办”。
wxc8ccf0893154490d,深圳市福田区石厦学校,Mini Program,,,服务于学校和家长，方便家长给小孩交餐费，请假，退餐。
wx6be6eab9c0a4049e,深圳市龙华区华盛学校,Mini Program,,,欢迎光临深圳市龙华区华盛学校。
wx843f252eb5f47e81,深圳市龙华区振能学校,Mini Program,,,深圳市龙华区振能学校，创办于1914年，是深圳市龙华区教育局下属的九年制公办学校。
wxda19b9eb1b8de3a1,深圳市龙华区观湖外国语学校,Mini Program,,,本小程序用于校园餐的订餐和缴费，支持快捷缴费、状态实时查询、数据统计核对，操作简便、安全规范，有效提升校园餐管理效率。
wx0f3f1572161b542c,深圳新闻网,Mini Program,,,深圳城市门户，做有温度有态度的新闻，每天提供百万文字量内容资讯，是全世界网民了解深圳的窗口。深圳新闻网，从这里爱上深圳。
wx8beaea82a368da62,深圳新鹏城足球俱乐部票务,Mini Program,,,为广大新鹏城球迷提供比赛日主场票务销售服务！
wxe6d45eb8e4d3143b,深圳法律服务博览会,Mini Program,,,以法律服务展览为媒介，搭建交流平台，实现法律服务业供需双方现场交流与对接
wx229af0b9903edd00,深圳益尚白癜风官方预约挂号平台,Mini Program,,,【深圳益尚白癜风专科】官方预约挂号|医生咨询平台，深圳益尚白癜风坐落在罗湖区怡景路1019号，坐诊医生有林铄泓，谢召宏，全年无休，还有夜间门诊。详情可来电咨询，门诊电话：400-6768-656。
wx320a317895e62842,深圳精诚医疗集团如皋医院,Mini Program,,,深圳精诚医疗集团如皋医院（原如皋广慈医院）以信誉为前提，为患者提供品牌医疗，一切为了患者、一切方便患者。
wx988817c8114e46db,深圳美莱医疗美容医院餐厅,Mini Program,,,粒粒皆辛苦
wx7bf86d70d54a620f,深圳音乐厅微票务,Mini Program,,,深圳音乐厅票务官方小程序，提供音乐厅演出门票查询、“在线选座”购票等。有一种感动，只能在音乐厅发生。
wx15e2cd6799989fb9,深圳预警发布,Mini Program,,,按照深圳市台风暴雨高级别预警分时段学校防御指引，本小程序旨在为深圳市民和广大师生极速推送深圳天气预警和相关停课信息。
wx752859e9ca363529,深圳鹏爱医疗美容医院微商城,Mini Program,,,深圳鹏爱医疗美容医院旗舰总店微商城
wx527060800c0ff9c0,深圳龙华区行知学校食堂订餐系统,Mini Program,,,深圳龙华区行知学校食堂订餐系统
wxe22d5fd926cecfc6,深岩人工智能石材ERP,Mini Program,,,由人工智能驱动的石材ERP
wxa6bc4f93a096b188,深悦荟停车,Mini Program,,,深悦荟停车小程序
wx626414d9fb6355cb,深晖企业,Mini Program,,,深圳市深晖企业有限公司官方小程序。
wxe2ac6980832b34cd,深汇充汽车充电,Mini Program,,,深汇充汽车充电小程序为您提供新能源汽车充电一站式服务
wx0d53fa28f0f8c770,深燃小电,Mini Program,,,深燃两轮电动车充电小程序。
wxfb7d500f27d7d995,深蓝保保险经纪,Mini Program,,,中国领先保险测评平台，9年测评4500+产品
wx515ba43e876cfd0b,深蓝充电客户端,Mini Program,,,深蓝电源为电动自行车用户提供高效安全可靠的充电服务
wx67198fd1efcadb50,深铁商城,Mini Program,,,深铁商城
wx138422979890d6e4,混剪小说推文,Mini Program,,,混剪小说推文是集视频混剪、混剪二创、图文成片、文生动漫，图生视频，soora视频生成，AI漫画推文等功能的创作工具。提供文字转语音(配音工具)、去水印、改写文案，助您一键生成原创视频，轻松实现内容变现。
wxe1b0a20f2a9941a0,混合蜘蛛列车,Mini Program,,,向更远的未来冲锋吧
wxb88ee4e9232cbab2,淼淼阅读,Mini Program,,,🔥热门小说阅读小程序，豪门、校园、宫斗、江湖、快穿、纯爱、悬疑、推理等各个分类千万本正版书陪你度过书荒的每一天💋💋
wxf40f7ec91dbffc36,清城区医疗卫生共同体,Mini Program,,,广东省清远市清城区人民医院小程序
wxd2b4345dbef39003,清心睡眠,Mini Program,,,清心睡眠是睡眠科医生专属的轻量化管理工具，能帮助医生便捷管理诊疗行程、实时跟踪患者睡眠治疗进度，让睡眠患者管理更高效。
wxacaf9f7453ca273e,清心睡眠管理后台,Mini Program,,,清心睡眠是睡眠科医生专属的轻量化管理工具，能帮助医生便捷管理诊疗行程、实时跟踪患者睡眠治疗进度，让睡眠患者管理更高效。
wx2357c3424dcc2ee5,清悠阅读馆,Mini Program,,,这里的小说非常丰富，欢迎你来试试！
wx55001c3bfd39356e,清永陵守护文物慢跑打卡,Mini Program,,,清永陵慢跑打卡小程序上线啦！实时记录运动里程，一键完成打卡留存足迹。让运动与文旅相融，快来开启你的户外慢跑之旅吧！
wx276bd48a2e50ae6b,清沐沐江南咖居法菲亚酒店预定,Mini Program,,,用于清沐集团旗下酒店日历房、钟点房的预定以及品牌宣传
wxa6d5dcfd2c572eff,清茶饮品,Mini Program,,,可快速点单，在线支付，领取优惠
wx3a681031c53a776a,清财支付,Mini Program,,,向校内师生和校外人员提供校内收费业务的结算服务。
wx6625decedc81664c,清闲民宿,Mini Program,,,小程序主要用于在线预定房间，线下使用
wx1c9944c8fe3c14f6,清雅直播,Mini Program,,,清雅直播提供表演直播、娱乐直播、文化直播、带货直播等各类网络经营直播、视频。
wx839f3de14081806f,渑聘网丨求职招聘找工作,Mini Program,,,渑池招聘丨渑聘网-专注商企人才服务，找工作招人才真实、靠谱、专业、高效！
wx44b8be0956f10727,渝快营销助手,Mini Program,,,重庆农村商业银行对客营销助手
wxda8e8725129edcf3,渝蚁出行,Mini Program,,,渝蚁出行志在为区域内客户带来便利的出行方式，手机扫码即可轻松助力生活，为广大人民群众带来便利。
wxa3ca386721c75be3,渤钢系企业职工管理服务平台,Mini Program,,,做好渤钢系企业职工管理服务工作
wx04bbfc7a50e9d2c2,温医一院导航,Mini Program,,,温州医科大学附属第一医院基于物联网架构导航系统
wxf14fa646abb9d396,温医一院龙港院区导航,Mini Program,,,提供给患者院内导航服务。
wx5acbf23a3417385e,温尼伯数学,Mini Program,,,温尼伯数学辅导机构针对1-12年级学生
wxeafe9dfeee8865e0,温州市人民教育基金会,Mini Program,,,由温州市人民教育基金会发起的线上捐赠小程序，用于募集、管理、使用教育资金，开展奖教奖学、救助帮扶、人才培养等工作
wx61d4890f83271c9e,温州市跑步运动协会,Mini Program,,,温州市跑步运动协会
wx8a9e86100873f1c2,温州轨道交通,Mini Program,,,提供温州轨道出行乘客码服务。
wx040c54a340bd40f5,温度新闻,Mini Program,,,温州地区唯一官方媒体
wx2ffae6b201aa2528,温文尔雅学编程-少儿编程,Mini Program,,,少儿编程是一款面向5岁+儿童的积木式编程启蒙小游戏，设置基础入门、科学探索、经典故事、互动游戏和《西游记》五大课程。通过拖拽积木，编排《孔融让梨》《西游记》等经典故事，探索科学现象、创作小游戏，实践中培养逻辑思维、创造能力和中华文化认知。
wx665c8f61e404ccca,渭南市住房公积金管理中心,Mini Program,,,渭南公积金大屏展示
wxfcba07f05d22fa1f,渭南高新政务,Mini Program,,,渭南高新区政务服务中心办公位置：渭南高新区敬贤大街东段（万达广场北口西100米）。咨询服务电话：0913—2110129。
wx47626b9616f0c16a,港前行母婴,Mini Program,,,母婴自营
wx44a83b94b45e8ba0,港岛美食地图,Mini Program,,,港岛美食地图致力于提供全面、准确的港岛餐厅信息
wxe224aa98027c97af,港汇公寓客户端,Mini Program,,,港汇1101公寓客户端
wxd2da2c41a5bc8b87,港澳专车出行,Mini Program,,,港澳专车出行
wx8e266fef68cb6f62,港澳旅游地图,Mini Program,,,给到港澳两地旅游的人提供旅游路线和攻略的
wx392c7c819135ba8a,游侠客丨主题旅行平台,Mini Program,,,游侠客，好玩的主题旅行平台。从探索小众目的地到升级玩法体验，不断深耕主题旅游。推崇“旅游+社交”的模式，纯玩无购物。
wx3146cc7059c40c9f,游虾旅游预订,Mini Program,,,专注奢华旅游市场，致力于服务中高端旅游者。Make the trip more convenience.
wx31075b995b4eae26,湃队健身,Mini Program,,,湃队健身为您服务！
wxb3f75aa943159855,湉瑜伽普拉提芳香,Mini Program,,,瑜伽馆会员约课使用
wx929c3db227dcd51f,湖北交通职业技术学院,Mini Program,,,湖北交通职业技术学院是经湖北省人民政府批准、教育部备案的全日制公办普通高等学校，由湖北省交通运输厅主办
wx6d1305130c4d49ce,湖北医疗保障,Mini Program,,,本小程序主要为湖北参保群众提供信息查询、办事等医保服务。
wx62add167a6ada00d,湖北新华教育服务平台,Mini Program,,,湖北新华教育服务平台是升级线下服务并延伸线上教育教学服务，助力行政主管部门、学校教育教学的服务型平台。
wx5c289b7b9be778b7,湖北民大聚合支付,Mini Program,,,湖北民大聚合支付
wx8dce531a23f6fb65,湖北省博物馆AI地图导航,Mini Program,,,湖北省博物馆AI地图导航，为观众提供馆内外精确便利的导航服务及智能化的问答服务。
wxd3cd9ad4699a4ccb,湖北省高速公路人工收费电子发票,Mini Program,,,承担湖北省高速公路联网收费的实施，通行费的归集、清分与结算，公众服务热线的受理，收费信息系统的维护管理等工作。
wx4ef19952b688ad8f,湖北航天医院手部心理旋转康复,Mini Program,,,开展湖北航天线上诊疗业务-视频咨询。
wxcc7194b4e7ecd3bf,湖北银行小微金融,Mini Program,,,湖北银行小微贷款申请小程序，助理小微企业实现理想的金融伙伴。
wx230e22e6b6300c27,湖北银行股份有限公司,Mini Program,,,湖北银行官方小程序，集账户查询、线上贷款、生活缴费与客户服务为一体，为您提供省时省力的高效金融解决方案。
wxb9c63eb5b78cfbda,湖南中医药大学第一附属医院,Mini Program,,,提供患者移动服务与支付，包括导诊挂号、费用支付、报告查看、就诊指引、就医反馈等全流程闭环服务。
wx070deebf1930dcec,湖南乐贞教育,Mini Program,,,湖南乐贞教育科技有限公司旗下学员管理平台，为学员提供课程安排、作业打卡、课堂评价等服务。
wx15bfaaf2d97ddb48,湖南妇女儿童医院,Mini Program,,,湖南妇女儿童医院官方小程序。
wx87d444aadcd38422,湖南妇女儿童医院互联网医院,Mini Program,,,湖南妇女儿童医院互联网医院
wx459a409c546e2fc6,湖南慈利县教育基金会,Mini Program,,,慈利县教育基金会的宗旨是奖学奖教，助学助教
wx01c4fc3c8f14e5de,湖南汽车票务网,Mini Program,,,湖南汽车票务网是由全省各车站共同推出的联网售票和出行服务平台，提供括汽车票预定、班次查询、定制快线、机场专线、包车等。
wx7badc8b7fe841334,湖南省临湘市教育基金会,Mini Program,,,宗旨：服务教育事业，关爱教师学生。弘扬尊师重教的社会风尚，推动全社会关心支持教育，促进教育公平，促进教育事业和谐发展。
wx71cf6768ae13b075,湖南省安仁县教育基金会,Mini Program,,,募集资金并加强基金管理；制定并实施教育系统“奖优扶困“方案；组织以提供教师素质为目的的“园丁之家”活动。
wx3b1528f2ef80494d,湖南省科学技术馆票务系统,Mini Program,,,湖南省科学技术馆展厅展览购票
wx23a7702fa8b9fa32,湖南税务实名认证采集,Mini Program,,,湖南税务实名认证采集小程序为纳税人（缴费人）提供湖南省电子税务局线上实名认证采集功能
wxe1a3e3f119611675,湖南联旺智能科技有限公司,Mini Program,,,向小区业主提供一站式充电服务，支持扫码充电、充电进度、断电结算、记录查询等，为小区住户打造安全、便捷、高效的充电体验。
wx9689954eef9f55bf,湖南财政电子票据和非税收缴服务,Mini Program,,,提供湖南省非税收入缴费、票据下载和退付服务。
wxa4ccbc055779df18,湖南退役军人基金会服务关爱平台,Mini Program,,,以“数字化赋能退役军人服务保障”为核心，聚焦退役军人“生活保障、就业创业、精神关爱、政策落地”需求，构建线上服务体系。
wxaa56fddbce4f095f,湖南闲来娱乐,Mini Program,,,茶室展示，包房预定
wx7254dbeb4e41f326,湖州心理健康在线,Mini Program,,,为广泛开展心理健康教育，普及心理健康知识，为全市人民提供优质的心理健康服务建立南太湖心航心理健康服务平台。
wxe4a3e01d07b5961d,湘教音学校端,Mini Program,,,堂堂网阳光校园学校端
wxd63a43d6c330ca55,湘源医药食品教育广东平台,Mini Program,,,执（从）业药师继续教育及考前培训，药师（非临床）职称、健康管理师、医药商品购销员等医药食品类教育培训。
wx182b5412114db05e,湘约华图考试信息,Mini Program,,,华图湖南考试信息，为大家提供湖南各类公考信息。
wx6d7bbe967bfd1db6,湘西自治州人民医院OA办公,Mini Program,,,湘西自治州人民医院协同办公系统。
wxe27010bf54161bcd,湘钢工程技术技能学习,Mini Program,,,用于企业内部技能的学习，督促员工对所从事的工种掌握技能。
wx367ba1f3289fe638,湘阴县城发智慧交通,Mini Program,,,经营范围包括一般项目：工程和技术研究和试验发展；停车场服务；发电业务、输电业务、供（配）电业务。
wx5a9cb3f152a867fd,湛江科技学院,Mini Program,,,湛江科技学院小程序提供便捷的校园服务，助力学生高效学习生活。学生可通过小程序快速访问所需功能，享受智慧校园生活。
wx8e1a8b19c4b51303,湛江科技学院热水供应系统,Mini Program,,,湛江科技学院热水供应系统
wx7e57ca4e2485ee15,湾区专车,Mini Program,,,湾区专车
wx9a3f6cc24235508b,湿地环湖小火车,Mini Program,,,虎丘湿地环湖小火车
wx482f2b6b027bc762,源存宠物食谱计算助手,Mini Program,,,源存品牌及小红书：不想熬夜的白尔免费犬猫熟自制生骨肉食谱营养价值和热量计算器
wxd29a55061da3560d,源悦里公寓酒店长租OriLive,Mini Program,,,源悦里青年服务式公寓，是源悦里继系列品牌产品后的又一全新力作。
wxf36a7d877b911fc9,源电商户版,Mini Program,,,电动车综合平台
wxbeacfc1b35f581ea,源诺科技,Mini Program,,,源诺——体测数据管理平台！轻松记录健康数据，精准分析体测结果，助您全面掌控健康状况，科学管理生活。
wx3d536cde83fdea8a,溢思达学习平台,Mini Program,,,覆盖电工作业、高空、焊工等全作业工种题库，含真题、智能错题及模拟解析考试功能，适配手机端学习
wxbd7cf6edab24ce06,溢源商贸,Mini Program,,,亚洲牛奶
wx18f62157ea8d9f86,溢起美食,Mini Program,,,溢起美食
wx340a4719df2e9525,溧停车,Mini Program,,,溧停车小程序
wxfd7361e5e2fed886,溪暮小说,Mini Program,,,本小程序拥有海量独家高质内容，为用户提供优质的小说阅读服务。
wx6eb0e6550d5e319a,溪洞院壹号民宿,Mini Program,,,溪洞院壹号民宿欢迎您
wx7f1159544a65d2fc,滁州酷卡贝家庭娱乐中心,Mini Program,,,亲子 游乐
wx71b772c7df605b02,滇约打车,Mini Program,,,滇约出行打车平台，为您提供满意的用车服务，打车价格更优惠，快来体验吧！
wxc99b21f544dc0bcf,滇西大建设行业继续教育,Mini Program,,,建设行业继续教育及岗前新培，报名、缴费、发票申请及下载、线上学习。
wx0db8b0be12f384d7,滕州速聘找工作,Mini Program,,,找工作，招人才，就上滕州速聘网。
wxf4cb04c684ac4563,滕王阁旅游区公众端,Mini Program,,,滕王阁旅游区官方购票小程序
wxcb4a34ad228716f1,满世智运客户端,Mini Program,,,满世智运货主端，是货主应用小程序，货主进行货源管理、运单管理、基础数据维护等功能
wx3344d0c9906d14d3,满分小镇,Mini Program,,,你的生活小助手
wx3ecab979cfd2069d,满分课程学习,Mini Program,,,学生及家长可以通过小程序方便快速的联系到老师
wx472d1788ee64249e,滨州健康科技职业学院智悦膳餐厅,Mini Program,,,滨州健康科技职业学院智慧餐厅
wx6ab071f94b3caad5,滨河兵沟发票开票系统,Mini Program,,,该程序用于滨河、兵沟黄河大桥收费站开具电子发票使用。
wxe4b1c6ad65cf329a,滴滴企业版,Mini Program,,,滴滴企业版确保员工出行符合企业规定，减少违规风险，降低出行成本。同时帮助客户简化财务报销管理流程。
wx42cb8958c03cb374,滴滴公交,Mini Program,,,滴滴公交，提供查询实时公交、乘车码、查询公交路线等信息服务。更有优惠福利红包，轻松拿！公交多久到，一查就知道，让出行更美好。
wxaf35009675aa0b2a,滴滴出行丨打车骑行公交租车代驾,Mini Program,,,滴滴出行提供网约车、两轮车、顺风车、代驾、公交地铁乘车码、跑腿送货、租车、机票、酒店、火车票等出行和生活服务，以及加油、充电、洗车、看车选车等一站式车主服务
wxdda4c7baff6748d1,滴滴顺风车,Mini Program,,,真顺路，更省钱！省钱出行就用滴滴顺风车。
wx768a20126c008277,漂亮房子民宿Beautifulhomes,Mini Program,,,漂亮房子民宿在阿那亚.北戴河 阿那亚.金山岭在这里预定哦
wxf59a81d2acc17cf4,漫境摄影,Mini Program,,,漫境，只为捕捉女性美丽独特的一面，她们的自信、风采和内在美无与伦比。
wx1bd39b4a5664e6ea,漫拉迪家庭娱乐,Mini Program,,,漫拉迪是一款线上线下双线运营，积分、兑换、分享、动漫体验全覆盖，专注于为用户提供高性价比产品及服务的平台。
wxd87d1668af521907,漫改相机,Mini Program,,,2026爆火Q萌风格，免费图片转漫画！拥有海量漫画滤镜和风格模型，一键将照片变成惊艳的漫画作品！真人照片一键转漫画卡通手绘素描，头像照片转漫画神器。漫画滤镜特效，一键变漫画，动漫漫画卡通脸头像免费制作生成器！二次元插画涂鸦等漫画相片生成制作
wxf62ac95372dee4ad,漯河缔莱美医疗整形,Mini Program,,,缔美俪官方小程序，给您带来更多优惠活动!
wx317e3465c70936bd,漳州公交乘车码,Mini Program,,,为市民提供刷码乘车、线路查询等公交服务
wxcb184379f084976b,漳州市住房公积金中心,Mini Program,,,可以进行公积金缴存和贷款数据，办理公积金提取业务
wxe36a7ac6e8dedd4d,漳州智慧停车,Mini Program,,,“漳州智慧停车”是漳州市智慧停车管理有限公司投建，实施城市公共停车管理，立足于建设漳州市统一的停车设施信息智能化管理平台。
wx979b2d7e150f901b,漳州闽运公交,Mini Program,,,一键申领乘车码，扫码即可乘车，还能查询公交实时动态、预约网约公交。
wx30b208a266e70ba2,漳州阳光宝贝母婴,Mini Program,,,漳州阳光宝贝母婴成立于2006年，专注于孕婴童最新中高端产品和服务的专业连锁企业。
wx0436683cbe092bb3,潍坊互联网新闻信息人员管理系统,Mini Program,,,平台涵盖时政热点、新闻采编、网络安全等领域，采用“理论筑基+练习实训+考试强化”模式，助力行业标准化发展与人才梯队建设。
wx1afa0d4d16a7f33b,潍坊公交云站牌,Mini Program,,,为乘客提供停靠公交站点的所有线路实时动态信息，包括线路首末班时间、车辆当前位置
wx1160cf9afea1e6a9,潍坊市妇幼保健院移动支付,Mini Program,,,潍坊市妇幼保健院医保移动支付小程序
wx2963100fe4e42ad4,潍坊银行微银行,Mini Program,,,潍坊银行微银行为客户提供账户管理、金融理财、生活服务等便捷服务窗口，是集营销、服务、交易为一体的综合移动服务平台。
wx8960a686cbbbbd83,潍坊高新教育服务,Mini Program,,,潍坊高新区义务教育入学报名平台
wx9cce46372b95d38a,潘律师法律咨询,Mini Program,,,专业律师提供法律咨询。法律顾问帮助劳动纠纷、审查合同、完善制度。民事专注合同、股权、货款及担保、融资等领域。刑事提供律师会见、取保候审、缓刑辩护、无罪辩护等。目前常驻广东，直达城市包括广州、深圳、佛山、肇庆、江门、东莞、清远、云浮等。
wxb1f53cc2b898ffa2,潘朵拉摄影总店,Mini Program,,,洛阳潘朵拉官方小程序
wx8a610a091d9c3943,潜江公交,Mini Program,,,潜江公交
wx944c178687d974db,潮州公积金,Mini Program,,,潮州市住房公积金业务办理
wx57f0bb8f50710ab5,潮州市尚膳餐饮,Mini Program,,,潮州食堂报餐
wx879656a16bc908a1,潮汐时刻旅游,Mini Program,,,潮汐时刻表
wx22601703572cdf6e,潮玩奇兵家庭娱乐中心,Mini Program,,,一站式电玩娱乐服务平台，线上购币、扫码取币、会员积分、福利活动一键直达。
wxdf2dfb9231b05cd0,潮鹏健康,Mini Program,,,提供综合体检服务
wx7f5749dd22070db2,澜庭雅居民宿,Mini Program,,,小程序实际经营内容与用途是提供了一种方便快捷的在线预订服务，用户可以通过简单的搜索，浏览并选择各类特色房间。
wxbb3922302a96770e,澜慕瑜伽普拉提健身,Mini Program,,,澜慕瑜伽
wxf00ea99f217611a0,澳华CRM系统,Mini Program,,,澳华CRM系统是面向企业内部员工的小程序，为企业员工提供客户关系管理服务。
wx6d702c4992ac26be,澳洲CF海淘直邮药房,Mini Program,,,澳洲药房Chemistforward Pty Ltd 总部位于澳大利亚墨尔本市。创始于2006年 ，直邮中国，商品包邮，包税。
wx2c417ad996ea0e1b,澳绅乐Bueaty news高奢护肤,Mini Program,,,澳绅乐秉承无尽探索，恒久之美的初心，将不断革新，创新!
wxf1628b5b7369b6e4,澳觅外卖丨澳门旅游美食优惠推荐,Mini Program,,,澳门美食外卖服务平台！提供澳门旅游美食优惠红包，网红餐厅吃喝玩乐购物优惠覆盖全澳。
wxd6fc4d7533512316,澳門保康藥房,Mini Program,,,澳門保康藥房
wx7edc58dbffff8827,澳門門店導航,Mini Program,,,在地圖上展示澳門線下門店位置，並規劃到達路線，方便客戶找到線下店鋪。
wx4c7a19a7da25c652,澳门直播协会,Mini Program,,,澳門直播協會在澳门經濟及科技發展局支持成立澳門直播服務中心，免費為澳門中小企、市民提供一站式的新媒體、電商咨詢和配對服務
wx73ce4efca2f75da8,濮阳市政务服务中心,Mini Program,,,濮阳市政务服务中心小程序
wx7d2859e6028a3b8b,瀍河文旅小程序,Mini Program,,,瀍河文化和旅游局为推介瀍河文旅资源，传播瀍河文化，特推出该小程序。
wx265287cf60b229fd,瀚思心理,Mini Program,,,瀚思心理专注心理学，致力于提升我国人民心理健康素养，为有需求的客户提供专业化、个性化的心理服务。
wx4839ec8a95cd51b0,瀚思心理线上课堂,Mini Program,,,瀚思心理青少年心理健康成长相关业务服务小程序。
wx367efab3bc520269,瀛络法律咨询,Mini Program,,,这是一个用于律所管理咨询接待的小程序
wxfd03c2e849ccff7a,灌木咖啡,Mini Program,,,主经营咖啡
wxee721fdd1eb206bb,火柴数学题,Mini Program,,,移动一根火柴棍使得等式两边成立，快来开动脑筋，看你最高能过多少关！
wx04db7a72b20de890,火河科技,Mini Program,,,火河专注提供以联网智能门锁为基础的综合解决方案，赋能公寓、民宿、酒店提升管理效率。
wx035033ba5510d121,火火电商,Mini Program,,,关爱为根本 健康为一切
wx2308852923c31131,火烧云AI,Mini Program,,,火烧云SAAS服务平台
wx3fa9c5600f902c94,火爆美食摊,Mini Program,,,经营披萨店，成为首富指日可待
wx2cd9509501f5d307,火车买买买,Mini Program,,,经营你的火车旅店！
wxc5c46fd9ac118268,火车动车生成,Mini Program,,,超实用娱乐票务生成工具！支持动车票、高铁票制作，高铁 / 火车动车票订单截图生成，可在线自定义编辑。还原真实票务细节，操作简单秒出图，生成后直接下载保存。
wx3cd9373682232eae,火车大亨程序,Mini Program,,,玩家扮演一名火车站调度员，管理火车站的一切事务。在游戏中可以建造升级各种基础设施，获取各种各样的火车，开通线路排列火车
wx147a1ce34b6cfec7,火车头英语领读,Mini Program,,,英语有人带，听说学得快。
wx31f671311b665461,火车打怪大冒险,Mini Program,,,别躺平架塔开战，小怪来犯直接火力拉满！
wxd663fdf3c2f70349,火车挖矿,Mini Program,,,驾驶你的小火车，赚取金币升级更强大的火车车厢、解锁炫酷技能，操作简单易上手，融合挖掘、合成与放置，看矿车一路变强超解压！
wx64aa68b659442170,火车旅行日志,Mini Program,,,便捷智能的行程收集与信息统计工具，导出纸质日志，列车餐食点评，火车票行程提醒，火车信息查询。铁路旅行日志，让每次铁轨上的奔赴，都成为可触摸的回忆。
wxa8b302adb706ee6b,火车旅行轨迹,Mini Program,,,在地图中展示每一次火车出行轨迹，记录旅行日志，分组管理行程数据，查看数据统计，以及生成并下载车票图片，弥补纸质火车票告别的缺憾
wx6a097c2ec297614b,火车旅馆日记,Mini Program,,,一起来经营你的火车旅馆吧！
wx848300787475c5e6,火车时刻助手,Mini Program,,,火车时刻信息查询，包括站站查询和车次查询。
wx4c26fdaef2439b71,火车晚点,Mini Program,,,列车查询工具，支持全国高铁、动车、火车车次实时查询，一键查看列车时刻表、票价、剩余车票、途经站点，晚点车次，便捷查询各类出行列车信息。
wxa755053419395e58,火车木材商,Mini Program,,,建设和不断扩大铁路网络，连接新的矿山和城市，让资源和财富源源不断地流入自己的帝国。建立矿产开采生产线，挖掘丰富的矿产资源，为致富之路奠定坚实基础，建造更多新建筑，推动城市繁荣与发展，随心所欲地规划并建造铁路线路，创造出独一无二的铁路帝国。
wx207a6fdd5ac76cab,火车调度员,Mini Program,,,火爆的开火车小游戏，多种类型的关卡，超考验你的眼力和调度能力，你能通过所有的路段吗？
wx5c5796b7505d571d,火鸡查查,Mini Program,,,来看热门言情、恋爱、家庭、校园小故事
wxb8e4f03655d8c15b,灯塔分级阅读,Mini Program,,,每日更新四六级等考试同题源英文文章，文章标注难度级别，并配有听说读写译多环节训练，适合备考训练、外刊精读等学习目标。
wx443c6ec5e0fc0b86,灵伽瑜伽,Mini Program,,,会员约课 线上售卡
wx608d4c0ec205411f,灵当CRM软件,Mini Program,,,灵当CRM主要解决客户管理和销售管理两大难题，产品功能有客户管理、销售管理、移动审批、OA表单、工作汇报、拜访签到等多个模块
wxdf81f94f186809eb,灵汇办公,Mini Program,,,企业内部办公系统。
wx475b7fb74449b961,灵涛基金,Mini Program,,,该小程序为我司与妥妥递合作的第三方电子签约平台。
wx21fe5b310cb1e75f,灵灵数学测试,Mini Program,,,小学数学测试模拟器，锻炼你的心算、口算、计算能力。适合小学生练习数学运算，也适合成年人激活大脑。数学口算、数学心算、数学计算。
wx40dd601d9ca1614d,灵猴记账丨随身账本,Mini Program,,,免费便捷记账小程序，满足个人记账、家庭记账、公司记账、生意记账、差旅记账、班费管理等，是日常必备的专业记账工具！
wx0862d9adf27bfa46,炜泰恒企业管理,Mini Program,,,小程序主要用途为展示并且售卖自己公司的经营业务内的商品，   不涉及文化，直播，广播电视节目前置审批内容。
wxbfb41fe92ada497a,炫份外卖,Mini Program,,,校园外卖平台
wx8436f133dd951a76,炫茶狮饮品,Mini Program,,,可快速点单，在线支付，领取优惠
wx9034707b92b7a418,点团帮丨霸王餐0元外卖红包优惠,Mini Program,,,点团帮霸王餐官方账号，优惠外卖0元探店秒提现
wx1d37c0f5d4b30003,点数相机,Mini Program,,,拍照1秒点数，支持：钢管、钢筋、原木、方木、布料卷等大量物品
wx0b544921bace2813,点点外卖123,Mini Program,,,商家和骑手都喜欢的外卖跑腿平台！
wx72f7086c0b9ef7bf,点点英语跟读,Mini Program,,,英语学习神器！完美支持人教版、外研版、译林版、北京版等主流教材同步学习，提供单词表、句子点读、课文朗读、拼写练习、发音跟读、音标学习、看图识字、自然拼读等丰富功能，让孩子轻松掌握英语，提高学习兴趣与成绩，家长老师好评如潮。
wxb6b1427bf5039cd8,点生活Life,Mini Program,,,点生活，秉承“让社区更智能、让服务更贴心”的理念，为用户提供智慧社区一站式综合服务。
wx5a19e4224f4c9e4d,点石跑步表现,Mini Program,,,点石跑步表现工作室，一个创立于上海的全新独立跑步运动空间。
wx4616b351e0b89510,点记账,Mini Program,,,简单好用的个人记账工具，轻松记录每一笔收支，助您理财更轻松。
wx1e3b29c8a34528e3,点评相机-智能照片点评,Mini Program,,,AI 照片点评小程序：五维评分、一键修图、人像实时指导。构图光线色彩打分、按建议智能修图、拍照时悬浮提示摄影技巧，帮你拍出更好看的照片。
wx6dfc4a30f45f1c93,点锄外卖,Mini Program,,,【点锄外卖】始于云南永善｜昭通本土高质量外卖配送平台｜主打线上与实体同价
wx3fd9e645c4172234,炽道留学课程管理系统,Mini Program,,,炽道留学教育咨询公司的课程管理系统
wx3737ac9120ba3207,烈隐商城,Mini Program,,,千万博主 听风的蚕 自营烈隐品牌
wx8389476f3c915a57,烛火小书,Mini Program,,,热门小说
wx3b99a2b47a3809b3,烟台半岛皮肤病医院预约挂号,Mini Program,,,烟台半岛皮肤病医院【官方】线上入口，可在线问诊、查询排班、预约医生，为患者守护肌肤安康。
wx1d5f584b23f51cfe,烟台市心理康复医院诊间支付,Mini Program,,,为患者提供线上服务
wx11b23c4d5c553a70,烟台市政务服务中心数字大厅导航,Mini Program,,,政务服务中心线上导览系统
wx5626f2ea19736a1f,烟台市烟草专卖局政务服务平台,Mini Program,,,烟台市烟草专卖局政府服务平台是重点服务于社会公众前来申办烟草行政许可有关事项，实现烟草专卖零售许可事项的“一链办理”。
wxdace0562a2e978ea,烟台市福山区人民医院诊间支付,Mini Program,,,烟台市福山区人民医院诊间支付
wxb928a688d2b3fc65,烟台市莱阳中心医院诊间支付,Mini Program,,,莱阳中心医院
wx30443f389b7384b9,烟台银行小微商户服务,Mini Program,,,烟台银行官方商户服务平台，提供商户注册、交易查询、消息推送、设备绑定等服务。
wx2d111d343502187b,烧脑小火车,Mini Program,,,硬核烧脑的挪车厢游戏，你没玩过的原创游戏
wx6805d4ccc744c3da,热炼岛运动空间,Mini Program,,,热炼岛，你的专属运动岛屿。24小时自助，按月付费，无推销，高端器械，尽享自由健身。
wxed50cb29360f4a9e,热立方CRM,Mini Program,,,热立方&九点数字化营销平台
wx5ebcba2dcb00d453,無老板管理端,Mini Program,,,让老板们随时随地查看门户数据，时刻掌控门店最新情况，一端在手，运营无忧！
wx1a0a2219e0387a5e,煤矿考试中心,Mini Program,,,煤矿考试
wxde8d5882209e4166,照月基金,Mini Program,,,成都照月私募基金管理有限公司，2018年在中国证券投资基金业协会登记的私募证券投资基金管理人，登记编号为P1067191。
wxd6aa6a9b753a535c,照片修改大小尺寸,Mini Program,,,免费 | 照片修改大小 | 照片修改尺寸 | 照片修改大小kb | 照片压缩 | 照片压缩大小 | 照片压缩工具 | 照片修改工具
wx45249c52b44344d5,照片修改大小尺寸助手,Mini Program,,,免费|图片压缩神器|照片修改大小尺寸|图片压缩小程序免费|照片压缩|图片格式转换jpg|图片格式转换
wxc13e391bee34fd2e,照片压缩尺寸格式修改得优,Mini Program,,,全能图片处理工具！支持图片压缩、照片压缩，一键修改图片尺寸、转换图片格式，还能快速给图片加水印。操作简单，无损处理，日常修图、办公配图都能用，轻松搞定各类图片需求。
wxb078a38ef61bd365,照片压缩改kb大小,Mini Program,,,免费无广告，在本地进行压缩，快速一键进行图片压缩，照片压缩，修改kb大小，图片压缩神器。界面简洁清爽。
wxe2220ea09028f6a2,照片压缩改大小神器,Mini Program,,,图片压缩kb大小，图片压缩，照片修改大小尺寸，图片改格式，图片改尺寸，照片改尺寸，照片大小修改，照片压缩小程序，支持照片压缩，照片改大小，照片改格式，证件照改尺寸，图片格式转换jpg，图片转jpg格式
wxc51a14878720e7e7,照片压缩改尺寸神器,Mini Program,,,照片压缩，图片压缩，图片压缩kb大小，图片压缩免费版，图片压缩大师，照片修改大小尺寸，照片改尺寸，证件照改尺寸
wxc82b5b38dfa8293f,照片处理助手,Mini Program,,,免费证件照制作，寸照制作，图片处理，图片压缩，图片尺寸修改，图片裁剪，图片格式转换，图片拼接，一寸，二寸照制作，照片处理
wx9250746f70f1ac7d,照片拼图神器,Mini Program,,,免费拼图神器、照片合成、拼图助手、爱心拼图，免费拼图，九宫格切图，照片拼图，易飞拼图，拼图软件，拼图猫、拼图小程序、照片拼图软件
wxdd33134df93bccc2,照片拼图软件,Mini Program,,,提供免费拼图神器，支持多张照片组合拼图，各类精美丽的海报拼图模板，九宫格照片墙风格的多样化拼图使用，满足您所有的拼图功能需要
wxa493f4bd80b0ae08,照片拼接拼图神器,Mini Program,,,照片拼图神器，专业图片拼图软件！支持长图拼接大师、无缝拼图、九宫格拼图切图，轻松完成照片组合排版合成，多种拼图样式随心选，操作简单好用，一键拼接整合图片，满足日常各类图片拼接排版需求，实用高效的图片处理小工具。
wx457fcc2353ab986f,照片换底色神器,Mini Program,,,照片换底色，证件照换底色，证件照底色更换，蓝色、红色、白色。图片换底色，图片压缩，图片裁剪，图片转格式，图片转jpg、png。
wxf856cfe52fb46256,照片换背景底色苍晨,Mini Program,,,免费证件照换底色，证件照换背景，照片换背景，标准证件照制作，一寸照片，证件照换正装，证件照生成器，证件照拍摄，改尺寸，照片变漫画
wx34f96ab1c50d5115,照片收集表,Mini Program,,,照片收集小程序，支持图片照片文档收集，健康码照片收集，行程码照片收集，活动照片收集，截图照片收集，图片照片收集打包下载
wxba68cb386c9757ca,照片风格转换器,Mini Program,,,「照片风格转换器」AI一键让照片换风格！支持吉卜力、手办生成、宠物手办、ai手办、宠物证件照、头像表情包、Q版风格、少女漫画等超多热门风格。适合自拍、头像制作、宠物、穿搭转换等多种场景。使用照片风格转换器，开启专属你的AI绘画之旅！
wxe04dee10dc990157,照片验真丨今日水印相机,Mini Program,,,照片验真功能开拓者，快速查验照片真伪。防伪码溯源、水印检测 、AI像素分析。
wx5775fab18e5c9b00,煮墨咖啡,Mini Program,,,白天享受咖啡厅的温文而雅，悠然自得。夜晚体味酒吧的自我随意、无拘无束。
wxa79555253827b9a1,煮有谱丨厨房菜谱,Mini Program,,,菜谱大全，提供海量食谱、家常菜、厨房美食、早餐、午餐、晚餐、汤类、儿童餐等菜谱推荐。每天一日三餐推荐，支持菜谱搜索、食材搜索、收藏和自定义菜谱，解决今天吃什么、做什么的难题。
wx956a9e62e9664cfb,熊喵出行,Mini Program,,,熊喵出行志在为区域内客户带来便利的出行方式，手机扫码即可轻松助力生活，为广大人民群众带来便利。
wxd29861cdf6ad7f9e,熊大爷餐饮,Mini Program,,,熊大爷现包饺子云吞
wxfb6c1b09f4ff8599,熊猫AI宝,Mini Program,,,AI让幼儿园更安全、更简单，您身边的幼儿园信息化助手
wx74b50e7638c19cf9,熊猫健身PandaPower,Mini Program,,,熊猫24h健身，24小时营业，家门口的健身房。无推销不打扰。
wxf3692c4cfe2890de,熙予阅读,Mini Program,,,熙予阅读，认真读好书！
wxd20235e1911b4dd1,熙澜数字地图,Mini Program,,,用户可以通过小程序绑定和控制各种物联网设备。
wx41930965ea5b8259,熙蒙摄影,Mini Program,,,记录时光中最美好的瞬间
wxb2012b93fa1bce7d,熙街外卖,Mini Program,,,你动嘴，我跑腿，全城送
wx45d2b46f8baf8ed4,熠视频下载提取器,Mini Program,,,视频下载提取器、视频下载、视频一键提取神器
wxe8864cb45fec0eee,熬乐多食谱,Mini Program,,,熬乐多食谱
wx47405ad2b80baf3a,燃虎健身连锁 24H,Mini Program,,,让运动成为习惯。
wx7851d6b68de447aa,燕塘乳业CRM,Mini Program,,,燕塘乳业客户下单、奶卡核销、对账、外勤工作记录、考勤打卡
wx7b5cd50931ac3aab,燕川实验学校学生用餐管理,Mini Program,,,深圳市宝安区燕川实验学校学生餐管理小程序，主要功能是学生用餐管理，缴费，请假，菜谱公示等
wxf5fe4a14b6dc1a56,爆炸实验室科学实验课程材料商城,Mini Program,,,爆炸实验室小学、幼儿园、亲子、儿童、家庭科学实验课程材料商城，科学实验材料，DIY科技小制作小发明，科学玩教具，爆炸盒子，儿童科学实验课程，批发零售。
wx4d099d8ca524cffc,爱助农客户端,Mini Program,,,爱助农水果蔬菜代采
wx68e473f454d8ebee,爱劳动运维助手,Mini Program,,,用于运维学习，获取最新的运维知识库。
wx4aa19c1c92670af9,爱占星丨星座运势星盘心理,Mini Program,,,根据日历时间计算行星所在的天体位置，心理测试分析及疗愈等
wx7e490492b4c23e98,爱回收,Mini Program,,,爱回收为您提供二手手机回收、数码回收、笔记本电脑回收、旧衣服回收、潮流鞋服回收、奢侈品回收、黄金回收、名酒回收、家电回收等服务；支持门店回收、上门回收、快递回收。同时我们严选二手商品，在线下单，退换无忧，快来选购吧！
wx7c878c09e4fb6515,爱团餐餐饮店,Mini Program,,,"爱团餐点餐小程序。
爱团餐专业连锁团餐配送企业，明厨亮灶，食材现采，菜品新鲜无预制。"
wxb90584199618f6de,爱夜猫外卖,Mini Program,,,专业的网上订餐平台
wxdb266e16cde2f2bf,爱妮果汁饮品店,Mini Program,,,爱妮果汁饮品店点餐小程序
wxfa734c0306a2a84b,爱学习养成日记,Mini Program,,,习惯养成，查漏补缺，提高成绩
wx6600bb77cfb929fd,爱客AI智联,Mini Program,,,国内3C领域，专业数字化方案提供商
wx6a02cfa4079f036b,爱家委 I 收班费记账必备工具,Mini Program,,,🔥爱家委免费为班级提供收班费、报销、记账、退费等一站式经费管理，还有发私密成绩、报名接龙等功能，全方位解决家委会班级管理难题！
wx6e301a5f72f4a860,爱尚易支付,Mini Program,,,爱尚易为一卡通应用提供移动支付、远程充值、生活缴费等便捷服务
wxcccb1412745cb541,爱尚游票务平台,Mini Program,,,爱尚游景区、游乐场、儿童乐园、水上乐园在线购票
wx9d80ad24a903aa65,爱山东政务服务,Mini Program,,,山东省政务服务移动端总门户
wxe8d9a85477ad5ea3,爱康云医丨挂号就诊,Mini Program,,,爱康云医患沟通平台
wx73980980c5cbb0ae,爱康国宾健康服务,Mini Program,,,极速约体检，及时查报告，爱康为您提供健康体检、疾病检测、齿科服务、私人医生、职场医疗、疫苗接种、抗衰老等健康管理服务。
wx014da88a1a33ed51,爱心贝儿母婴,Mini Program,,,小程序主要从事于母婴用品销售、化妆品零售等内容
wx3ddff20f0d35de7d,爱投顾,Mini Program,,,爱投顾提供专业合规的互联网证券投资服务平台，为证券投资者提供实时解盘、传道授业，答疑解惑，在线交流等一站式证券投资服务。
wx198e68c0fc376cc6,爱数学爱打卡,Mini Program,,,爱数学，爱打卡，我们一起坚持打卡做题，享受数学的乐趣！
wx3959b9d9353b29a2,爱来心选电影,Mini Program,,,心选福利电影购票平台
wx83e281f186d567f6,爱来时班费记账本,Mini Program,,,"简单实用,永久免费的班组团体收支记账本。账本创建者即管理员，默认只有管理员才可以管理和记账。如需他人协助记账，可以添加多个协助记账员。收支可以直接记账，也支持发起“统收”或“团购”接龙，接龙完成后直接入账。"
wx21ff58fd609c9a76,爱来最美电影fans,Mini Program,,,最美电影是垂直于影院自有会员信息化产品建设的门户，致力于为影院提供标准软件产品，营销策略，O2O活动与贴心的运维服务。
wxe4c5d7b92de2f326,爱校生活,Mini Program,,,爱校生活是一款为家校提供个性化沟通和服务的小程序，涵盖信息互动、亲情通话、生活自助等内容。
wx1ab0f586c31154b2,爱歌曲音乐,Mini Program,,,征歌大赛平台，内设AI智能体，创作者灵感伴侣、爱好者成长导师、教学者智能助理！
wx178c0634e4318e53,爱物志ai,Mini Program,,,爱物志是一个以好物集结为出发点的智慧购物场。提供商业赋能价值的轻创业平台，我们热爱万物，热衷分享，邀您成为志同道合的队友
wxb1520e6f2fb8a0b9,爱特母婴优选购,Mini Program,,,母婴用品
wxf8c9458241881de4,爱玛出行共享钥匙,Mini Program,,,爱玛出行共享钥匙提供手机启动/关闭车辆、查看车辆位置，寻车鸣笛等智能功能，提高出行效率与生活便利。
wxcfd21d8675feb7d1,爱玩工具箱Pro,Mini Program,,,无尽冬日兑换码、奔奔王国兑换码、游戏工具、便捷工具、无需下载，即开即用！一键解决繁琐流程！
wx69e64bd6a5ecee51,爱票票电影票特价购买,Mini Program,,,✅电影票特价购买，19.9元起全国院线在线购票，自动对比猫眼、淘票票电影票，就是便宜！🔥
wxbc4ffa745b86b80a,爱编程成长中心,Mini Program,,,领取爱编程少儿编程课
wx36b4657e440f5b36,爱美云-美业AI助手,Mini Program,,,爱美云-美业AI助手专注让每个美业人活出更加精彩的自己，使用AI提高美业人的核心价值
wx85f5826f119f7112,爱聆心理测评,Mini Program,,,提供专业的心理测评，帮助您快速了解当前心理状态。认识自己，是改变的第一步。
wxf0a14f5e2e2da284,爱融荟城购物中心,Mini Program,,,商场有时尚零售、精品餐饮、教育培训和亲子娱乐等业态，为消费者打造16万方精致休闲购物体验空间，提供新潮、趣味，舒适的购物环境。
wx4f604be3ae5cf662,爱课约课排课工具,Mini Program,,,爱课是一个瑜伽健身舞蹈等排课约课工具。馆主点点就能排课，会员一点就能约课，一键生成课程表，还有会员卡管理等功能，操作极简，解决排课、约课、签到的麻烦。
wxfdec4683ede4b687,爱跑步Run,Mini Program,,,跑步工具小程序
wxa69a51a9e483b0d6,爱轻 - 减重食谱与手账,Mini Program,,,爱轻食谱:【哈佛28天食谱】的瘦身跟吃手账。 ✅ 手账打卡：三餐食材自动拆解，一键打卡，记录偷吃 ✅ 喝水打卡：体重推算喝水量✅ 精准计算TDEE热量缺口 ✅ 绝美极简折线图与阶段蜕变海报 🔒 免注册，保护隐私数据。把减肥交还给科学与时间
wx61d66664e66570fe,爱运动山地越野,Mini Program,,,爱运动山地越野
wxdcabb205586e070d,爱阅读小打卡,Mini Program,,,中小学课外阅读打卡与学习辅助工具，有完善的班级管理、打卡管理与数据统计功能，适合学校、机构和广大师生课内外阅读与学习管理使用
wxc71a68790d0e251f,爱食光菜谱大全,Mini Program,,,收录海量家常菜做法与保姆级食谱。下饭快手菜、减脂餐等各类美食。调料精准到克，新手秒变大厨，快来解锁你的每日营养菜谱吧！
wx99ccd01dff1cf3dc,爱马哥咖啡,Mini Program,,,提供美味可口的品质饮品和轻食
wx05ebe56a7eaaed18,爱麻社24H娱乐,Mini Program,,,胡多多无人共享棋牌
wx6d706cd3b4496d5c,爵渴咖啡JUECO,Mini Program,,,爵渴咖啡是来自中国“天府之国”成都的新中式咖啡品牌，以高性价比现磨咖啡为主，将东方风味与西式咖啡结合，让世界重新认识中国咖啡。
wxafa7ad406528babc,爷爷茶管家,Mini Program,,,爷爷不泡茶 办公
wxc33150cad311bffc,爽嗨智能出行,Mini Program,,,爽嗨智能出行志在为区域内客户带来便利的出行方式，手机扫码即可轻松助力生活，为广大人民群众带来便利。
wxed2c3fc97eab1bf8,牛客求职 应届生找工作,Mini Program,,,实习校招求职招聘找工作，牛客提供可靠的全职/实习等优质岗位，覆盖互联网/机械制造/通信硬件/产品运营等各类岗位。
wxfd391217d72419e5,牛小二招聘丨求职招聘找工作,Mini Program,,,牛小二招聘是蓝领招聘和找工作大平台，覆盖物流运输、建筑装修、工程车司机等行业，热招货车司机、客车司机、铲车司机、挖掘机司机、吊车司机、装卸工、快递员、押运员、焊工、电工、瓦工、油工、小工等，超多全职/兼职/学徒工等附近职位。
wx355d6c10ddf9309b,牛小匠课程表,Mini Program,,,澳洲各个大学课程表，查看学校校历，各个课程表，作业时间，考试时间
wxb488c92af56dfc81,牛油果英语点读,Mini Program,,,专注中小学教育软件研发
wx44d0fa23865fb0e5,牛百得心理测评,Mini Program,,,免费提供mbti，disc等心理测试题及结果，支持查看历史测试结果，提供每天的十二星座运势，配对信息等、解锁每天的运势和心理变化状况。
wx320866bc1b289f1a,牛约堡美食+,Mini Program,,,适用于牛约堡品牌下门店堂食商品售卖（顾客点餐）
wxca82e39ebd23c125,牛角共享健身,Mini Program,,,在线约课
wxae75e8ebe263e209,牛马AI去水印,Mini Program,,,免费视频/图片去水印、文案提取、文案改写、视频二创、人声分离与AI配音、去字幕。
wxdade39a023a8750d,牛马图片去水印,Mini Program,,,永久免费图片去水印，去字幕，简单易用。
wx6750b4ed34cf210f,牟政务,Mini Program,,,小程序隶属于牟定县政务服务管理局，主要提供办事群众和企业咨询、建议，投诉服务，办理事项检索，办事指南查询，在线预约等功能
wxd8eafcd9173dddb2,牡丹江市12345政务服务便民热线,Mini Program,,,“牡丹江市12345政务服务便民热线”是牡丹江市人民政府设立的专门受理企业和群众诉求事项的公共服务平台，语音呼叫号码为12345。
wxfa9cc81495b513b5,牡丹江市口腔医院智慧医疗,Mini Program,,,牡丹江市口腔医院智慧医疗，给患者提供智慧化的医疗环境，提升医疗服务水平，优化患者就医体验。
wx000b9a9e8fdbf199,牧原实业发票,Mini Program,,,牧原实业集团发票采集小程序服务于我们公司和我们供应商的一个发票采集工具
wxf4801734f0de5633,牧心瑜伽,Mini Program,,,瑜伽，普拉提，塑形
wxae5487ec682419c3,物发行政办公系统,Mini Program,,,天津港物流发展有限公司行政办公系统
wxa479c0e8b20b3490,牵企健身,Mini Program,,,【牵企健身】是瑞安医疗旗下健身品牌。主要服务于中大型企业健身项目，企业内部健身房运营、工间操、企业健康活动、健康讲座等。
wx5aa4d75191e58870,特价机票国际机票查询-翼凤,Mini Program,,,机票、特价机票、国际机票、机票查询、商务舱、头等舱、机票预订及机票改签服务，热线：0755-36841888
wx735793d2471fa261,特安出行,Mini Program,,,特安出行志在为区域内客户带来便利的出行方式，手机扫码即可轻松助力生活，为广大人民群众带来便利。
wx90d0972d152b79dc,特步儿童会员中心,Mini Program,,,特步儿童会员中心
wxaa1cde4ecb06a7e3,特步跑步,Mini Program,,,特步专属跑步，跑团，活动，预约小程序平台。
wxfd726679f13e64d5,特步跑步官方商城,Mini Program,,,特跑族新优选商城专业特步跑步装备 跑步周边销售
wxfa1544111cab4f08,特种作业考试学习帮,Mini Program,,,安全生产考试题库，特种作业人员、特种设备、安全员ABC、电工证焊工证、一建二建、监理咨询消防造价工程师操作证报考模拟考试刷题练习。
wx9c9837860cf92f44,特种作业考试题库,Mini Program,,,特种作业操作证考试题库
wxb183d0cc41a5263c,特种设备企业服务平台,Mini Program,,,对单位内特种设备进行台账管理、特种设备安全学习、责任落实、通知待办、人员管理、网办业务办理。
wxe59960c97437b381,狗哥高数学习打卡,Mini Program,,,数学打卡！
wxe055ee240b741f6f,独家御膳房,Mini Program,,,免费制作电子菜单，家人之间一起DIY独家御膳房电子菜单、情侣电子菜单、点单小程序、菜单生成器、家庭厨房、家庭版点菜小程序、家庭小饭馆、菜谱大全，一起下单，一起经营家庭小饭馆，计划每天吃什么，一起大展身手吧！
wx4d70579bfaefd959,猎聘丨招聘就业求职找工作,Mini Program,,,猎聘官方招聘小程序，海量校招/社招岗位可供投递，名企大厂hr及猎头在线招人，可与hr/猎头在线开聊；职场白领全职/兼职岗位，大学生找实习找应届岗位，均有对口工作；还提供求职面试/简历模板等求职工具，助力求职upup！
wx05c1c045b190e118,猛士汽车,Mini Program,,,猛士汽车针对用户打造的一站式专属服务平台。在这里，你可以获取最新的品牌资讯、体验越野活动，全方位定“智”你的车生活。
wx1ab696b068673c12,猩士力健身,Mini Program,,,猩士力健身铁馆，24小时健身，无推销，无打扰。
wxf38899eed399b267,猫创作一键去水印工具,Mini Program,,,去水印 猫创作一键去水印工具 去水印免费工具 短视频去水印 图片去水印 无水印保存视频 免费去水印软件助手 去水印工具 去水印解析 万能提取 视频下载提取器 去水印保存视频 一键去水印工具 高效无痕 全网通用 去水印保存视频 创作猫
wxa501c36b93761f58,猫咪记账屋,Mini Program,,,猫咪记账屋是一款能和你聊天一起喂养猫咪的记账小程序
wxa079b134dfaeea91,猫宁morning 甜品咖啡,Mini Program,,,点单平台
wxd09eb398b354d4e7,猫影电影票,Mini Program,,,各种电影优惠活动，尽在猫影！
wxc9e5c4ea423846a9,猫影票务,Mini Program,,,电影票在线订票。欢迎来龙餐馆，奥德赛，八仙！蜘蛛侠:崭新之日，牛来，功夫女足，去你的岛，痴迷，空枪，不想失去你，逃出绝命街，怒之杀，机器人总动员，大唐妖探，猫影电影票，横店电影城，中影国际影城，百老汇影城，万象影城，华夏影城，金逸影城
wx9b320c9c9da2b996,猫狗地铁逃亡,Mini Program,,,福利大放送！每日上线即送超多宝箱，大红拿到手软！
wx185b9ca25790e4af,猫狗地铁逃亡2,Mini Program,,,三角洲战场，超凡摸金，成功撤离！
wx098925b22de5c18d,猫狗地铁逃生,Mini Program,,,修猫三角洲搜打撤离，哈基米猛攻行动！
wxdbb4c5f1b8ee7da1,猫眼电影演出玩乐I电影票演唱会,Mini Program,,,猫眼电影演出玩乐提供优惠电影票、演出票、演唱会、音乐节、话剧、音乐剧、展览、脱口秀、玩乐门票等一站式购票服务。低价免费福利多
wx3cab31e230ecc345,猫研所宠物药房,Mini Program,,,猫研所由一群志同道合的动物医学研究员组成。喜欢猫咪，关注猫咪健康福祉，致力于构建中国最高效的猫咪健康问题一站式解决平台！
wx4bdc8b4d6c637030,献县火车头烧烤,Mini Program,,,献县火车头烧烤
wxd10b18cab7c8c33d,猴子去水印工具,Mini Program,,,去水印小程序，免费一键去水印，去水印一键去除，无水印视频下载
wx04b8ba52c2452e24,猿创编程,Mini Program,,,专注3-18 岁青少年科创教育品牌。课程：乐高创意、机器人编程、人工智能编程、信息学奥赛编程、国际机器人竞赛课程等课程体系。
wxdce6bb8a0f8b6cf6,猿编程地推,Mini Program,,,猿编程GAIA是一款服务于线下用户进行客户服务、业绩查询、签到打卡等功能的小工具。
wx1af5044caeb5f19f,猿编程好课资料库,Mini Program,,,猿编程好课资料库，海量知识畅学
wx449b333d9680c72b,猿编程家长,Mini Program,,,来猿编程，学真正的编程
wxac6013e925acbf6a,猿编程星球,Mini Program,,,猿编程是专注于青少年编程教育的科技教育品牌，致力于通过创新的教学模式和优质的课程内容，培养孩子的计算思维能力和创新意识。
wx84d3803ed27018ed,猿编程科创营,Mini Program,,,猿编程小程序
wx04472f7d364c5062,猿编程训练营,Mini Program,,,从小猿编程，长大赢未来
wxa7918f34d45c6b9d,猿编程赛考活动,Mini Program,,,来这里，为您提供最新的青少年AI编程活动信息与惊喜！
wx50e797ef21e97df6,猿辅导在线教育,Mini Program,,,猿辅导在线教育，以科技创新驱动教育进步。
wx85be3d822760f26d,玉林城市停车服务,Mini Program,,,玉林智慧停车服务平台
wx839f828ecd595d07,玉林市住房公积金管理中心,Mini Program,,,提供常见公积金业务办理指南、网点查询等服务。
wx4b79a213d0109eaf,玉林桂南医院阿康互联网医院药店,Mini Program,,,玉林桂南医院阿康互联网医院药店服务
wxea1ada1922d0e5b9,玉溪市儿童医院,Mini Program,,,玉溪市儿童医院，为患者提供互联网健康服务。
wxc702729e025fa8e6,玉溪招聘网,Mini Program,,,免费求职，免费招聘，秉承 “人才与共，企业繁荣” 的经营理念为客户创造最大的价值。
wx6a75210d31df7325,玉米报名工具,Mini Program,,,官方推荐：报名填报、预约、取号排队、投票、接龙简单实用，功能丰富，适用团体/活动/班级/拼团/聚会/组团，支持按名单登记，支持统计导出
wx0b054f0720c60640,王力汽车公告,Mini Program,,,王力汽车公告数据更权威、更新更及时、查询更方便。
wxb748c63f7ec82abb,王府井购物中心办公,Mini Program,,,王府井购物中心办公小程序。包含审批、报表、日常办公、巡检等功能
wxef912c56dbef7698,王府井集团e办公平台,Mini Program,,,王府井集团商业运营办公一体化协同平台
wxeda5e464284875cb,王智云学习,Mini Program,,,你若不想吃生活的苦，就请先吃下学习的苦！
wx99b1b4fb77f26a7e,玖元协同办公,Mini Program,,,企业协同办公管理平台
wxf4cecb2ec644861d,玖加玖健身,Mini Program,,,玖加玖健身欢迎您！
wxe0e0655633c5bdab,玖拾陆摄影工作室,Mini Program,,,一家有温度的摄影工作室～“证件照.个性写真.婚纱.形象照”
wx2f4ad9a5c27de7a6,玖玖专车出行,Mini Program,,,玖玖专车正规网约车平台，提供拼车包车、同城快车、小件快运等服务，我们用心专注的服务每一位出行客户，让客户拥有美好出行体验。
wxdbebad33bde793eb,玛捷斯食谱,Mini Program,,,源自法国的Magimix玛捷斯，为你来带海量在线食谱，随心搭配你的每一餐，从精制到精致。烹饪，让我们乐享欢聚时光。
wx925fc3c634c86623,玛沁格塘雅栖民宿,Mini Program,,,用于点菜用
wxa5b40af3b8a2482f,玟超极选工具,Mini Program,,,玟超极选工具
wx9b3a6fe68a3ee0e6,玩着玩着学编程,Mini Program,,,玩着玩着学编程，是一款给小朋友的免费儿童编程启蒙小游戏。不用上课，打开就有 39 个免费编程小项目——小猫跳舞、火箭绕月亮、小鱼吐泡泡。孩子边拖积木边玩，就把「顺序」「循环」「如果」想通了。全程免费，家长放心。
wxff32c3224f8fd011,玩转外卖APP,Mini Program,,,玩转外卖平台拥有美食外卖、同城跑腿、超市到家、果蔬市场、特产联盟等二手市场等便民信息。
wxa7a6c80491dd5ad7,玩转大学云印社,Mini Program,,,玩转大学云印社自助打印，覆盖全国20+省份，可自助打印文件资料、照片、证件照、简历、身份证等，可到店扫码打印或远程预约打
wx72622539c274d6f1,玩转大星娱乐,Mini Program,,,开启你的快乐之旅~
wx8421653a13c0ae81,玫琳凯商城,Mini Program,,,玫琳凯顾客商城，提供优质的产品和服务。
wx117a9be7a3d89201,环安辐射安全与防护考试题库,Mini Program,,,国家核技术利用辐射安全与防护考试考核培训，辐射安全与防护考试考核题库，先顺序刷题练习，再模拟考试评估，7天备考100%通过。放射工作人员培训、注册核安全工程师考试、大型医用设备上岗证、无损检测NDT、临床医学工程、放射技师医师职称考试。
wxe691176daf37984f,环球网校考试报名查询,Mini Program,,,考试助手，提供报名条件、报名时间、考试时间、证书成绩查询等，一建二建、消防造价、经济师会计、教师考研等考试必备
wx2df2d72fe1eea4ec,环球网校考试资讯助手,Mini Program,,,职教考试资讯中心，报名时间、考试时间、成绩查询、证书领取等资讯都在这里，还有海量题库等你来刷哦~
wx2a779ce2a7d60f89,环球青藤课程兑换,Mini Program,,,课程兑换中心，拥有建筑工程、财会经贸、职业资格、医药卫生、教师公考等五大类上百个考试项目的在线录播、直播课程
wx27e70a0d7225f793,现代保险,Mini Program,,,现代保险官方小程序，提供百万医疗险、高速公路驾乘意外险、防癌险、健康险、意外险等投保、保单管理、7*24h自助服务及增值服务等功能。
wx786371a47f3f6454,现场力地图,Mini Program,,,用于公司员工日常考勤及其他办公需求
wx259637506af91b1e,玺承电商EMBA,Mini Program,,,玺承电商EMBA，用领先的理论，科学的数据，全案的咨询，老板+团队同频共创，打造电商头部企业的经营增长系统！
wx763aeae96a0d46eb,珀莱雅零售客户报货系统,Mini Program,,,珀莱雅零售客户报货系统，仅提供给珀莱雅B端用户报货使用。
wx02a9cd3808eed531,珂徕出行,Mini Program,,,租车好帮手、领军行业租赁软件
wx495001d7250cd6de,珈尼萨瑜伽普拉提,Mini Program,,,珈尼萨瑜伽普拉提，为您提供专业、优质的课程！
wx1ae262b969a6ddc1,珍珠外卖,Mini Program,,,本平台属于大学生就业平台，专注打造藏区外卖平台。一群高原者的创业梦想
wx4317386fd17a8828,珞珈睡眠,Mini Program,,,【睡眠管家】小程序以“科技+健康”为核心，通过数据化、个性化服务，解决用户睡眠痛点
wxa6135965e62c62ac,珠啤BOSS服务系统,Mini Program,,,珠江啤酒终端门店使用的小程序
wx33c7041b300463ea,珠城法律服务,Mini Program,,,珠城法律服务
wxab772a095ffc0fc4,珠江医院智能导航,Mini Program,,,珠江医院智能导航为您提供快速、精准的院内导航服务，让您就诊更快捷，更贴心。
wx21b3bbca5bf594e3,珠海公交安全管理信息平台,Mini Program,,,用于实施珠海公交集团安全管理信息系统
wx8ab8f74af695e360,珠海工贸后勤管理,Mini Program,,,后勤管理
wx71be02bb6994ca4a,珠海市住房公积金管理中心,Mini Program,,,珠海市住房公积金各类查询及业务办理。
wx1a235ec7ec869b59,珠海市海枫清枫连锁民宿,Mini Program,,,海岛民宿
wx6849ea93e930a60a,珠海市轨道交通运营监管小程序,Mini Program,,,辅助铁路与地方段长高效对接处理铁路沿线相关问题。
wxfb8b86d343ebf788,珠海市青少年妇女儿童活动中心,Mini Program,,,珠海市青少年妇女儿童活动中心
wxbd95b328da2dad58,珠海玖洲道购物公园,Mini Program,,,汇聚潮趣新生活。
wx0a1e5f2b3a808afb,珠海票务网,Mini Program,,,主营“珠海长隆|珠海航展|长隆海洋王国|九洲港|香洲港|横琴客运码头|澳门环岛游|海上看港珠澳大桥|湾区海上游|荷包岛|东澳岛”
wx75d76636270457e2,班小二 I 老师必备班级管理神器,Mini Program,,,班小二是一个免费的班级管理、家校沟通小程序；提供作业布置批改、成绩私密发送、学习打卡闯关、电子奖状制作、家委收款记账、在校表现记录、请假出勤审批、班级AI相册、报名接龙统计、通知签名回执等功能和应用，实现“节省教师工作每一秒”
wx23d8d7ea22039466,班级小管家,Mini Program,,,为老师提供发作业、发成绩、班级收款、发打卡、接龙、通知、听写跟读、收集截图、群相册等功能，是一个班级管理、家校沟通小程序
wx9e84d515bf76d015,理光阅读,Mini Program,,,热门网络小说，任你挑选阅读~
wxc7905a5d965071eb,理发通会员管理系统,Mini Program,,,美发店会员收银管理软件，发送消费提醒，自动计算员工提成，顾客在线预约，会员实时查余额，手机、电脑都能使用，员工手机查工资，门店支出记录。美发理发店，美容店，美甲店均可适用，操作简单，欢迎咨询试用！
wx27ae626a193d7149,理士汽车电池产品适配查询,Mini Program,,,输入车型、年份或者VIN码等信息，查询适配蓄电池型号。
wxefd5d8119561aaca,理想汽车,Mini Program,,,创造移动的家，创造幸福的家。
wx7baa695543af656d,理易睡眠,Mini Program,,,以爱为初心，以健康为使命。专注舒缓身心困扰，改善睡眠质量，用专业与温暖守护每一个夜晚，让更多人远离难眠之苦，安心入眠，
wx717e5fe3fedbf838,琥珀道茶饮料厂,Mini Program,,,可快速点单，在线支付，领取优惠
wxf548ef0eb8213ceb,琴澳法律通,Mini Program,,,“琴澳法律通”为琴澳当事人提供综合性、全覆盖的线上法律服务。
wxcf31f49084c47b66,琴音溪语民宿,Mini Program,,,溪头古琴文化村位于海南省海口市江东新区，是以古琴为主题的美丽乡村文旅项目，小程序内全方位提供服务。
wxd2d3ced24f54ced0,琼岛英语,Mini Program,,,海南国际旅游岛少儿英语，点读，翻译
wx6b03340a69904f8b,瑄客CRM,Mini Program,,,移动销售管理专家，集销售云、业务云、协作云与企业互联融合为一体，创新型CRM开创引领者。
wx7ba0103534eb4a4d,瑜伽苑,Mini Program,,,"瑜伽苑，始于2002年，瑜伽和健康生活的中心。A premium center for yoga, wellness and community since 2002."
wx69905f37b4cc843f,瑜伽预约排课小工具,Mini Program,,,免费约课小程序，在线排课、约课管理、老师管理、课程管理、会员管理、约课通知、打卡排行、月卡/次卡设置等，欢迎使用！
wx5fbd66628b6394f6,瑜感瑜伽+,Mini Program,,,表里一致，身心自如
wx25c7c2ef6afb2cd0,瑜时瑜伽婵柔普拉提,Mini Program,,,瑜时®瑜伽·婵柔·普拉提始创于2012年，经过11年的沉淀和努力，靠着专业的教学与贴心的服务，吸引了众多伽粉的热爱。
wx259419c09fcccb70,瑞可嘉营销通,Mini Program,,,优博瑞可嘉客户、门店、团队一站式营销工具
wxcabfbc76cf058d0b,瑞幸即享咖啡会员中心,Mini Program,,,瑞幸即享咖啡会员中心，为瑞幸即享咖啡会员提供专属权益、品牌周边、会员积分和活动，让生活有仪式感，限量福利等你来！
wxc6975baddddc77d8,瑞斯休闲娱乐馆,Mini Program,,,瑞思休闲娱乐馆官方小程序，为本店线下到店消费服务工具。支持线上预约场地、会员注册、储值充值、优惠券领取、套餐购买、订单核销、消费记录查询，仅用于线下门店消费使用，不提供线上游戏服务。
wx99cbcf8f631065d9,瑞竑萱健身,Mini Program,,,瑞竑健身是一家专业大型连锁健身机构，隶属于瑞竑萱企业管理有限公司，致力于为客户提供高质量的运动健身服务
wxb97464040234fa5e,瑞锦票务,Mini Program,,,瑞锦票务由浙江瑞锦文化演艺有限公司运营，致力于智慧票务系统的研究与开发，提供高质量音乐剧一站式服务！
wx70cf9d509270135c,瑞鼎城购物公园,Mini Program,,,瑞鼎城购物公园会员小程序
wx613117af5c531d96,瑾智瑜伽普拉提运动中心,Mini Program,,,在线约课，线上售卡
wx073a74191f8074e5,璧山区预约挂号,Mini Program,,,提供璧山区区域内公立医院及镇街道卫生院预约挂号、缴费、查询检查检验报告等服务。
wxd74aa1ac1e6f0f08,璧山天气,Mini Program,,,发布璧山区天气预报、预警信息等服务内容
wxf393d7fdee82419c,瓜牛慢跑,Mini Program,,,安逸慢跑、享受时光、记录美好。
wx4499b6685c61b8c7,瓜瓜小工具,Mini Program,,,"提供基金实时估值,基金估值,涨跌幅数据,净值估算,夜盘,市场魔方。"
wxe6c7894cbfa7e2db,瓦屋山旅游官方平台,Mini Program,,,瓦屋山旅游官方平台
wxe6aa222f73ed2026,瓯越打车,Mini Program,,,为用户提供综合性出行服务。
wxbed1a95b6dfa0ba6,甘博票务预约,Mini Program,,,为游客提供甘肃省博物馆门票预约服务
wx5858accca416ad3f,甘孜红掌上公共法律服务平台,Mini Program,,,甘孜红·掌上公共法律服务平台集法律咨询、法律援助、人民调解、公证服务等多种功能于一体，拥有强大的智能法律咨询系统。
wxf7891712ed910604,甘小帮丨招聘出租转让二手便民,Mini Program,,,甘小帮便民信息平台，可发布查询招聘信息、求职信息、房屋出租出售、生意转让、商铺门面出租转让、二手物品、便民信息等各类本地分类信息！
wx0c420300ea704fe7,甘快办,Mini Program,,,由甘肃省人民政府办公厅打造的掌上办事官方小程序，基于甘肃省一体化在线政务服务平台能力，以实现指尖办，服务甘肃人民为目标。
wx2632b3fe27538c81,甘肃住房公积金,Mini Program,,,甘肃住房公积金为甘肃省所有缴存职工提供便捷的住房公积金网上查询、授权和业务办理渠道，推送最新政策信息。
wx9663c72dc7b08109,甘肃农商银行综合对账平台,Mini Program,,,甘肃农商银行提供银企对账及电子回单服务小程序
wx6530830525da8057,甘肃心连心大药房,Mini Program,,,甘肃心连心商城都能在这里一键找到心仪之选，满足您全方位的购物需求
wx2a71480a67eb8fe2,甘肃惠达集团临夏公交有限公司,Mini Program,,,方便市民出行
wx0ed7258a6228ca1d,甘肃政法大学校园一卡通,Mini Program,,,甘肃政法大学校园一卡通官方小程序，支持师生线上充值、消费记录查询、校园码扫码就餐、卡片挂失、余额查询功能。
wx487ac6a8846d6d13,甘肃矿区住房公积金移动办公,Mini Program,,,供甘肃矿区住房公积金管理中心移动办公使用
wx5a1774ea56e38090,甘肃矿区住房公积金管理中心,Mini Program,,,为甘肃矿区住房公积金缴存职工提供公积金网上查询和业务办理渠道。
wxd5abc77936ca4be7,甘肃税务,Mini Program,,,甘肃税务小程序，为纳税人提供涉税信息查询、纳税申报、发票领用查询及预约办税等功能。
wx7597b6a443a9e2f5,甘肃税务社保缴费,Mini Program,,,该小程序主体功能是为甘肃城乡居民和灵活就业人员办理养老保险和医疗保险缴费业务，包括缴费支付和订单查询等功能
wx76726c5f8af9a435,甘肃银行陇e惠,Mini Program,,,甘肃银行陇e惠是为商户智慧经营、为消费客户提供优惠活动的平台
wx877eb7ec2805ea3d,甘肃银行陇盈快贷,Mini Program,,,甘肃银行陇盈快贷
wxa2cf8c5618531ab8,甜冻梨出行,Mini Program,,,北骑出行是一个为用户提供绿色便捷短途出行方案的品牌，为用户提供扫码用车服务。
wx8b4495764cbfedb4,甜橙子七摄影,Mini Program,,,拍摄有温度的照片
wx7e4197ee8ab74a54,甜橙票查验,Mini Program,,,发票查验辩真伪，唯一正版，批量查验获取税局截图，财政票据查验，轻松管理发票，支持团队协作，导出发票信息，高效整理报销。提供增值税发票查验、飞机票、火车票、区块链发票、通用电子发票、定额发票查验，税务总局认可流程，是财务人员的实用助手。
wx892242e71c39c151,生命在线保险,Mini Program,,,生命在线推出专售保险产品的小程序。提供全程理赔协助，为您的出行保驾护航。让专业救援力量触手可及，助您安心探索。
wx8b03d4b2e0fc8938,生命导航老人数据,Mini Program,,,记录老人日常的身体健康数据
wx1960ba6cb45312cc,生成足迹地图,Mini Program,,,火爆抖音的生成足迹地图！炫酷的行程轨迹，无广告弹框，记录你的足记，旅行脚步地图。一起来点亮你的足迹地图吧。
wx45c62c9817b000c0,生活Plus外卖,Mini Program,,,“生活plus”是一款高品质的本地生活服务平台。
wx3195098cdc927dba,生活亿象,Mini Program,,,基于人工智能、大数据、物联网、云计算等技术与餐饮信息化管理的方式，为餐饮商家提供运管理工具服务，帮助商家提高经营效率。
wx9b516bdd3b98c6ae,生活校园丨外卖美食奶茶咖啡跑腿,Mini Program,,,生活校园供应链，速心每一个小伙伴，提供广大一体化环境，为小伙伴快速便捷的服务
wxd2ade0f25a874ee2,生活缴费,Mini Program,,,微信官方缴费平台，帮助你快速完成水费、电费、燃气、固话、宽带、有线电视、油卡、ETC、供暖、社保、话费代扣等在线缴纳。
wx72a3c0b7c49b7608,生生课程家长端,Mini Program,,,杭州小天使教育科技有限责任公司，前身为浙江师范大学杭州幼儿师范学院小天使服务部。秉承着一切为儿童的理念服务于儿童领域。
wx5ca65db8fdb14c49,用五合一编程,Mini Program,,,电动车蓝牙控制器连接蓝编程应用人机交互场景。
wx5e275204d1fc862d,甬公交之家,Mini Program,,,甬公交之家是为公交职工提供服务的平台，提供便利和福利。公交之家会提供很多丰富多彩的活动，丰富公交职工的文化生活。
wxab8478ebbf6ad1ae,甬善地图,Mini Program,,,发布宁波慈善地标、空间等相关信息，讲好慈善故事，打造宁波慈善之声文化宣传品牌，引导公众了解并参与宁波慈善事业发展。
wxae8a83a15276a6c9,田甜的直播橱窗,Mini Program,,,欢迎光临田甜的直播橱窗
wx1460f73636ae1077,田螺阿姨母婴护理,Mini Program,,,田螺阿姨2014年成立于成都，致力于为中国家庭提供专业科学的母婴照护服务，发展至今已服务6w+家庭，是真自营月嫂的标准制定者
wxaf42d3283fbdecc7,由+饮品,Mini Program,,,可快速点单，在线支付，领取优惠
wxc8849500e6fce0d2,由心咖啡,Mini Program,,,国内首个服务于商务空间的精品咖啡品牌
wxd8f748d2c9a5a02a,申万宏源证券开户,Mini Program,,,申万宏源证券开户小程序，助您快速开户入市，为新老投资者提供高效安全的开户服务。
wx51ee30479ab3d783,申万宏源证券财富管理,Mini Program,,,支持员工分享资讯、产品、名片等并及时提供相关服务，方便客户资讯浏览、产品浏览、员工名片浏览，满足客户多样性需求。
wxa454cfa4c9c2a6a1,申港证券,Mini Program,,,申港证券微服务
wxbbb0629c156a0e82,申能保险,Mini Program,,,申能财产保险股份有限公司官方平台
wxe6b559be5f602eb4,申能保险车险在线理赔,Mini Program,,,申能财险在线理赔工具
wxd9ddde03bab285ff,电商下载工具,Mini Program,,,电商商品图下载工具，电商取图，电商主图视频下载助手，一键提取商品图视频下载提取，电商解析小程序
wx7395284bb80dcbbe,电商取图助手,Mini Program,,,"电商取图助手,商品图,主图,详情图下载,主图视频一键下载保存,商品素材主图视频下载提取,商品图片下载保存，商品图片提取，商品视频图片下载工具，主图视频下载，SKU图，主图，详情图下载保存，商品视频提取下载"
wx0d37579be0dcc27e,电商对账学堂,Mini Program,,,精通国内七大电商平台对账核算底层逻辑，并且有详细的实操课程，供大家参考学习，可代账可带教。
wxd6ea50bade6e995c,电商素材下载,Mini Program,,,"商品素材主图视频下载提取,商品图片下载保存，商品图片提取，商品视频图片下载工具，主图视频下载，SKU图，主图，详情图下载保存，商品视频提取下载，电商解析小程序"
wxd7181aee7cfba90e,电商素材提取器,Mini Program,,,商品素材提取器，商品素材提取保存，商品图片视频下载工具，素材下载，主图、SKU、详情图保存下载工具，一键保存到手机相册
wx4d16bef7c24ecb9f,电商计算器,Mini Program,,,电商利润计算器，产品利润计算。
wx0123ff64c45bfb98,电商退货省多多,Mini Program,,,针对全国家具家电B端商户提供调货，返货，退货，上门取件物流服务！覆盖范围广，速度快，价格便宜！
wx74cb7f6f0fe4c96a,电子印章生成工具,Mini Program,,,印章生成器，印章制作，印章抠图，印章提取，电子印章，印章导出生成，公章发票章生成，个人印章，印章在线生成，印章导出高清图片，电子印章免费制作，抠章扣出印章，电子印章生成工具
wxae62c06aec28af6b,电子发票入账小助手,Mini Program,,,电子发票入账认证是前海百丰技术团队开发的一款适用于公司财务人员、用于解决杜绝公司报销的电子发票重复入账的小程序应用。
wx28e720224f6c6d8a,电子发票扫一扫,Mini Program,,,电子发票查验、电子发票查重复、电子发票归档、支持多用户多公司使用扫码生成发票台账生成EXCEL报表发送邮箱支持多类别发票报销
wx6ef2ac8e3e8267b3,电子发票查重,Mini Program,,,全面解决了广大中小企业中普遍存在电子发票重复报销、真伪查验、火车票/飞机票退税抵扣归集等难题！欢迎相关财务从业人员使用。
wx00b62bf3ce4f8e04,电子地图导航,Mini Program,,,电子地图导航、智能导航导览
wxc331232d07c108e9,电子版证件照片,Mini Program,,,免费证件照制作，换底色，改尺寸，下载保存，标准证件照拍摄，最美证件照制作，一寸二寸社保身份证驾驶证证件照，电子照片在线自助生成
wx648abb939ee78419,电子菜单 好大一颗菜,Mini Program,,,电子菜单免费制作，自制点菜小程序，点菜小程序制作，免费制作菜单小程序，自制电子菜单，电子菜单免费，情侣菜单，家庭菜单制作，厨神与吃货专属，打造专属独家御膳房，菜谱大全，点单小程序，家庭厨房，菜单生成器，家庭版点菜小程序，经营家庭小饭馆。
wxe48f1228b0f2f5a8,电子菜单 灵感菜篮 厨房菜谱助手,Mini Program,,,电子菜单免费制作不限额，你的独家御膳房，需要厨神与吃货们一起下厨房的好大一颗菜，情侣厨房、情侣菜单、家庭版点菜、菜谱大全、菜单生成器、恋爱餐厅、食遇日记、烹饪日记、创意菜谱、家庭厨房、点单小程序、三十谱、菜谱、孕妇菜谱、营养配餐、DIY菜谱
wxd22f3d1f051df628,电影字幕君,Mini Program,,,院线工作者查询字幕时间，交流互动平台
wx9ccf1b7db5f69a2b,电影梦工坊,Mini Program,,,这是一款超级休闲的放置类游戏，玩家在游戏中管理一个电影制片厂，拍摄不同类型的电影，并不断提升制作技能赚取更高的票房收入。
wx0eda22b7d192ab51,电影票专区票务猿,Mini Program,,,电影票多省点，全国特价电影票购买小程序
wxdcf6ebfbc30aae73,电影票优惠宝,Mini Program,,,电影票优惠宝：看电影买票优惠小程序，全国电影票特价购买，附近电影院订票买票，今日影讯排片放映查询。
wxc451383adff349a5,电影票便宜购一千梵麒,Mini Program,,,电影票优惠买：全国院线所有场次，3-9折，每张电影票优惠3~30。电影票优惠、电影票超低价购买
wx4442c0ba8fd2ecbe,电影票团购点点省,Mini Program,,,"电影票点点省，电影票购买小程序，团购电影票，优惠电影票，支持全国各大电影院 ,附近电影院买票订票，特价电影票10~40min出，即时出票请选择猫眼电影，淘票票电影，美团电影票小程序或美团团购等，谢谢您的支持。"
wxda46162bca117001,电影票好省购,Mini Program,,,电影票好省购
wx18c838c6dda5d17d,电影票牛,Mini Program,,,超划算的电影票
wx319890d20ec5b75b,电影票省省看,Mini Program,,,电影票3折买
wx77b247d25891975c,电影票购买神器,Mini Program,,,电影票特价优惠购买、电影票低价格优惠平台。优惠价格买电影票。
wxf76b03344bc62cd4,电影院购买电影票优喻,Mini Program,,,为你筛选附近影院的优质电影票，还能省钱买电影票
wxfaf14f977b9a1985,电梯无纸化办公,Mini Program,,,博林特无纸化办公
wxc32a6652dc434cd4,电池健康报告,Mini Program,,,获取小米澎湃OS电池健康报告，包括电池充电循环次数、电池剩余容量等
wx3fcdf9ccf1aa916c,电满满出行科技,Mini Program,,,汽车租赁、收售、维保于一体一站式服务商
wx5a8eff4fae1e5aef,电车汽车小助手,Mini Program,,,新能源汽车车主必备小助手，覆盖订车、等车、配车、提车、用车全流程。提供等车日记、提车验车清单、油电省钱计算、真实续航记录、养车保养记录、车型投诉问题库及提车周期参考。特斯拉比亚迪小米等热门纯电电动车车友真实，让等车不焦虑买车有参考用车更省心
wx005ad481c43d4d12,电量管理,Mini Program,,,用于电表的远程管理，包括读表，充值等操作
wx204ccae0ec6380ab,画线小汽车,Mini Program,,,画线让小汽车安全开到终点
wx70e5e65a22271b8c,畅K互娱乐享版,Mini Program,,,K歌娱乐嗨不停！
wx017d5d2faafd0210,畅学编程edu,Mini Program,,,畅学编程
wx5a425729e0d4abe3,畅客生活,Mini Program,,,畅客生活，是一款集多种优惠服务的平台，具有：加油站加油优惠支付、线上优惠点餐、电影票优惠销售功能。
wx631f874e74304adf,畅盟甄选,Mini Program,,,畅盟甄选，为您提供优良的技术支持
wx9c7b9cf93735e888,畅行旅游电动车租赁,Mini Program,,,畅行旅游电动车租赁 开心出行 快乐游玩
wx0d85f5a3f6011716,畅达峰电力科技,Mini Program,,,便捷好用的电瓶车充电桩服务。
wxbbbb59a33d6b364f,番禺华丰汇购物中心,Mini Program,,,广州番禺华丰汇以“汇聚荟生活”为主题，缔造番禺最好玩的大型购物中心。14万㎡的玩趣空间，荟聚五大生活业态，拥有1600个停车位
wxff38177acd94739b,番禺奥园广场购物中心,Mini Program,,,带你吃喝玩乐high翻天！
wxf60c0a18a99ce892,疆味菜谱,Mini Program,,,汇集200+道新疆人爱吃美食的做法
wxae91e3905624adee,疆来跑步助手,Mini Program,,,提供马拉松配速计算、完赛时间推算、配速对照表及赛事日历查询
wx24f6abda7aa6a63c,病痛挑战基金会罕见病综合服务,Mini Program,,,针对罕见病个案提供医疗资源转接、各地医保信息、最新药物进展、个案资金援助等全方位支持。
wx9802c0de0b7a750f,瘦身减肥食谱大全,Mini Program,,,推荐减肥食谱、瘦身食谱、瘦身减肥餐及减肥方法，帮您减肥、瘦身、瘦腿、瘦肚子、产后瘦身恢复。不知道减肥吃什么？来这里找灵感，科学又实用！
wx753d89cad9761e41,白云区互联网医疗问诊平台,Mini Program,,,为患者提供预约挂号、门诊缴费、在线问诊、复诊开方等功能
wx79298dab3c81295f,白兔瓷砖协同办公,Mini Program,,,白兔办公协同
wx49f38d0c972bb35e,白医导航-大理州医院院内导航,Mini Program,,,大理白族自治州人民医院院内导航小程序
wx7ed1c842c8ecdce6,白噪音助睡眠,Mini Program,,,专注白噪音助睡眠，提供雨声助眠与自然声冥想解压方案，帮您快速入睡告别失眠。
wx8ae24a83a31f587c,白块音乐大师,Mini Program,,,试试你有没有绝对音感？
wx251390b82c30cbaf,白塔寺药店罕见病服务平台,Mini Program,,,白塔寺药店罕见病服务
wx30c58b0fcd0c1b3c,白塔寺药店超惠,Mini Program,,,"始于1872，百年匠心守护京城,七百年白塔见证下的健康美学空间，静候您来探寻"
wx0f2aabe5a2b8f766,白天地图,Mini Program,,,白天地图，一个专业的卫星导航地图。
wx195bb534db91e8fd,白日摄影梦,Mini Program,,,测一测你的摄影水平如何
wx6505467b6a650890,白桃茶摄影,Mini Program,,,白桃茶摄影工作室
wx45d3e981fb687bff,白河电商,Mini Program,,,白河县电子商务销售平台
wx8403816b4365a1c0,白熊音乐课,Mini Program,,,尤克里里/吉他独家专业曲谱教学，让学琴变得简单好玩
wxb264f215648e63ed,白羊说 专业线上心理咨询平台,Mini Program,,,白羊说是一个专业、普惠、有保障的心理服务平台，专注于线上心理咨询、心理疏导、心理支持等心理服务，提供情绪调节、职场减压、企业EAP、人际关系、亲子沟通、自我成长与探索、亲密关系解惑、精神内耗缓解科普，免费心理测评与轻量化情绪疏导。
wxca7faecf1b2db480,白银公交,Mini Program,,,白银公交乘车码先乘后付
wx03dd58429b49f0cb,白银市住房公积金管理中心,Mini Program,,,提供白银市住房公积金查询、住房公积金政策宣传、业务办理
wxb231ea4a8480138c,白鲨格斗课程系统,Mini Program,,,白鲨格斗训练营
wx5d41bbf77ef1f1a0,百丞税务,Mini Program,,,5A级税务师事务所、新三板挂牌、税收风险全面管控专家、业务覆盖全国
wxe5daadd07bb8363a,百事AA记账,Mini Program,,,免费多人共享记账本，多账本多币种👉适合家庭记账、生意记账、差旅记账、合租记账、班费记账、情侣记账等，支持智能语音记账、拍照记账等
wx332bce1c2a0bbced,百代电商,Mini Program,,,电商（微商）S2B2C交易管理系统。帮助供应商实时向下同步商品信息，代理商向上推送订单，由供应商一件代发。
wxa2d661225f3d8cee,百优饮品水站,Mini Program,,,百优饮品水站
wx812131ae192b9512,百分兔AI数学督学端,Mini Program,,,百分兔AI数学督学师专用小程序，用于跟进学员学习状态，与家长同步学生进步情况
wx0a3c666ac4f68451,百分茶喵点单,Mini Program,,,百分茶点单，预约到店取，扫码免排队，外卖送上门，积分换饮品。
wx4bf7bec95e933970,百利威智慧园区,Mini Program,,,百利威智慧园区以科技赋能打造智慧物流产业园，为客户提供更便捷的服务。用户可以享受在线缴费、申请发票、停车管理等服务
wx7836529c0061e291,百味园餐饮部,Mini Program,,,二院百味园餐饮部
wxd2fe7a80cdc0b62c,百姓文化云直播,Mini Program,,,公益慕课、文艺培训、精彩剧目……尽在百姓文化云。
wx03825e7a120e4363,百宜坊餐饮,Mini Program,,,可快速点单，在线支付，领取优惠
wxefb5ac9b1ca89594,百宝菜谱,Mini Program,,,百宝菜谱是一款家庭美食菜谱小程序，汇聚丰富菜谱内容，涵盖家常菜、早餐、汤品、小吃等多种美食分类。支持菜谱搜索、收藏、详细步骤查看及智能推荐，帮助用户轻松解决“吃什么、怎么做”的问题，让烹饪更简单，让美味触手可及。
wxaa265e8263493dca,百师商城,Mini Program,,,为孩子荐好书，为家庭选好物
wxc0e4890bc2758e22,百帕天气,Mini Program,,,做基础事，为基层人
wx800b6366491a24e5,百年药妆跨境电商,Mini Program,,,百年藥妝有專業團隊負責內地銷售服務等。專業通路的守門角色，為顧客挑選最優質最值得信賴的商品。為大眾提供優質而價廉的產品
wxc6cffe333b5cdfe1,百应CRM,Mini Program,,,手机上随时访问百应CRM
wx1473f1c2ac9ebd39,百度地图开发者助手,Mini Program,,,专为百度地图开发者打造的移动端工具。可以随时随地管理应用密钥、查看API调用数据
wx40b4237ba842621f,百度地图打车 I 出行出租网约车,Mini Program,,,百度地图打车提供打车、出租车、网约车等出行服务，聚合滴滴、首汽、阳光、曹操、如祺、T3、享道等多家优质网约车服务商，全网比价，大牌保障，一键呼叫舒适出行体验，天天福利打车券，更快出发！
wxf5cb51a355b4d84e,百度地图酒旅福利,Mini Program,,,百度地图酒店预订服务
wxa1a470a24ebc5b26,百度聚合收银台,Mini Program,,,百度聚合支付官方小程序，为您提供便捷服务和安全支付能力。
wxa75975a7496e2462,百惠鲜餐饮,Mini Program,,,好团膳，百惠鲜！
wx14722e63e0625cde,百方消防考试仿真系统,Mini Program,,,在线学习、在线练习消防考试模拟题，巩固消防考试知识点
wx3f7ae7c2d96ee3ff,百时办公助手,Mini Program,,,本小程序为【武汉百家时光电子商务有限公司】内部使用的员工管理系统。名称中的‘百时’取自公司全称‘武汉百家时光’的字号简称，‘办公助手’表明其内部工具属性。本小程序不面向公众开放，不涉及商业营销。
wxc7118bfeaea77350,百望发票帮,Mini Program,,,百望发票帮是百望股份旗下的一款为个人用户提供票据管理，积分兑换的小工具。
wxa6a8f4911ff7f3c8,百果树门店管理,Mini Program,,,功能可以满足连锁或单店网吧、酒店、手游、茶室、台球等按天、按小时、按次或包时段、包次的各种计费需求。
wx5d61d403932d3c48,百梦AI去水印,Mini Program,,,主流ai人工智能软件视频去水印，各大平台一键免费去除水印
wx558e6c7425fc07a2,百胜智慧云停车,Mini Program,,,百胜门禁为百胜广告门禁机提供房屋认证、住户报修、照片录入、下发开门机二维码、住户信息查询等功能
wxee880ec1d19508c6,百蕊学习圈,Mini Program,,,每日读书打卡学习
wx3775e1528633ff5b,百裕商城,Mini Program,,,新希望学生装
wx17e24a67b41292c6,皓乾睡眠,Mini Program,,,皓乾睡眠：无感监测，安心之源。非接触式精准监测心率、呼吸与睡眠状态，异常及时告警，助您拥有优质睡眠。
wx2641231e265a6e5f,皖南医科大学第二附属医院,Mini Program,,,为患者提供预约挂号、在线缴费、报告查询、在线咨询等业务
wx71f04e318f81263e,皖新企业购,Mini Program,,,皖新企业购
wxafda584d799ffdf9,皖美校园服务,Mini Program,,,皖美校园服务
wxdffa36be1c5abce5,皖西招聘网,Mini Program,,,六安找工作、六安招聘，就上皖西招聘网！六安城市网旗下专属于六安的人才网站，为企业提供一站式专业人力资源服务。
wxa59173470360a573,盈冲爱充电客户端,Mini Program,,,社区智慧生活，智能充电服务
wx78cee3ea10ce2901,盈校园e站,Mini Program,,,盈校园e站小程序是专门针对校园师生和校园管理人员设计的一种移动应用，为师生提供更加便捷、高效的服务.
wx9928cc5ee96df7b5,盈米基金助手,Mini Program,,,基金数据查询
wxd21dc9ecd76269c3,益丰健康,Mini Program,,,药房品质平价健康商城
wx334a976db8ca33ac,益丰电子发票,Mini Program,,,益丰大药房连锁股份有限公司电子发票开具小程序
wx8794b88e658eaa99,益起阅读,Mini Program,,,"""益起阅读""是一个致力于推动儿童阅读行动实践的互联网公益阅读教育社区，大家一起行动实践、彼此分享交流、陪伴互助成长。"
wx315df8d27a453027,益阳交通码,Mini Program,,,扫码，丰富出行生活
wx030a68a7e0dcba13,益阳市人民药店零售连锁有限公司,Mini Program,,,人民药店为人民，专业实惠又放心
wxcecd546dc16324b9,盐津相机,Mini Program,,,盐津铺子
wx3bda19e37dd576b1,盐津相机-散装,Mini Program,,,盐津铺子终端打卡拍照应用，主要用于内部员工的考勤管理
wxf2e5d18f04c8e769,盐湖交通码,Mini Program,,,扫码，丰富出行生活
wx326d6d5328893901,盘小宝儿童成长乐园,Mini Program,,,盘小宝是一个集游玩、教育、餐饮、职业体验、摄影和盘小宝主题IP及衍生品于一体的亲子生活新空间。
wx3b7f6797ca54ce31,盘科节律睡眠仪,Mini Program,,,本小程序连接智能睡眠仪主机（配合心率带），获取睡眠数据并生成专业睡眠节律分析报告，并提供设备管理功能。
wx7b028ab91709b742,盛健会员商城,Mini Program,,,新一代羊乳品牌，为爸妈健康创造的【幸福营养品】
wxe6d44d4d6f170d16,盛大CRM,Mini Program,,,盛大印刷客户管理系统
wx2cea3c7af0bac04a,盛运金融,Mini Program,,,"盛运金融担保,主要服务汽车金额"
wxc8c9c7e5867258ea,盛金办,Mini Program,,,沈阳住房公积金管理中心小程序为缴存单位和缴存职工提供便捷的住房公积金网上查询和业务办理渠道
wx8fe9c88be7a79752,盛金豆,Mini Program,,,盛金豆小程序为市民提供精准、便捷、高效的住房公积金问询体验。
wx3880da365bbc88fa,盛银消费金融,Mini Program,,,盛银消费金融是银保监会批准成立的，面向新一代社会消费群体提供个人消费贷款服务的持牌机构。
wxa4767a591e3d61da,盛马智能柜管理端,Mini Program,,,盛马智能柜管理后台端。
wx1febaa42d5ce0e32,直播号Livestream,Mini Program,,,直播号平台是中网市场旗下，以正能量为前提，含带货、购物等服务的电商直播平台
wx476b10062a50f785,直播吧官方版,Mini Program,,,直播吧是知名体育APP，提供文字直播、新闻资讯、比赛等数据。
wx3f5232a71b75ebe0,直播日照,Mini Program,,,日照市最有影响力的新闻资讯和生活互动平台。
wx98c2c457f91def63,直播游仙,Mini Program,,,直播游仙小程序是游仙区倾力打造的一个综合性服务平台，以“引导群众 服务群众”为行动指南，让本地人拥有自己的小程序。
wx5082ec7ce833a6e7,直播蜂短视频去水印免费工具,Mini Program,,,直播蜂短视频去水印免费工具 ，去水印免费工具，去除水印直播蜂、视频去水印、去水印直播蜂、图片去水印、文案提取、提词器去水印保存视频、一键去水印、 短视频去水印免费工具、 视频下载、免费去水印、小红书去水印、去水印小程序。
wx224b8b7a96fd704b,直聘简历,Mini Program,,,Boss直聘出品，快速制作专业简历：云端加密永久保存、免费专业模板、手机电脑全平台编辑、人工智能优化简历等
wx058b9b2bc1d0b6f6,直通宝客户,Mini Program,,,安得云客户版，方便方便客户全流程查看订单处理详情
wx1b758bf5eb931da5,相悦自助PS5电竞民宿,Mini Program,,,不止于民宿，PS5，电竞，观影，开心快乐不无聊
wx77b177df7dfee009,相机一号丨照片加水印,Mini Program,,,照片水印相机，照片加水印小工具；时间、地点水印相机，多种水印样式模板。
wxb2e1104d73c06ad2,相机先吃甜品蛋糕,Mini Program,,,相机先吃舍得用好原料 100%进口动物奶油
wx43406d991f6bee7d,相机加水印,Mini Program,,,水印相机自带星期、时间、地点水印等等信息，拍照、摄影都可以带上您需要的信息
wx8eb356b14da03600,相机水印,Mini Program,,,✔️推荐：相机水印，为工作打卡、工程建筑工地、巡逻巡检拍照、生活旅行、上班考勤、外卖快递拍照、安保拍照、合同凭证、拍照加水印相机。
wx94a9bb87234cf9ad,相机里的浪漫,Mini Program,,,各类风格照片展示
wx6fd67b16ac4a8571,相遇孔雀蓝,Mini Program,,,青春因磨砺而出彩；人生因奋斗而升华；考取文职，身穿孔雀蓝；让我们的青春光彩而夺目！
wx7b443bd29020b32d,相音堂音乐睡眠,Mini Program,,,相音堂2003年创立，以“五音疗疾”结合现代技术，独创五音经络疗法，非药物、无侵入，专注改善睡眠与情志问题。
wxfc3cb537e10267d1,盼盼饮品渠道家,Mini Program,,,经销商/分销商专属管理工具。实现在线注册、分销任务、送货订单管理、库存追踪，数据化协同提升渠道效率，稳固区域市场网络。
wx2cb167cce5444469,盼盼饮品门店通,Mini Program,,,终端门店注册与经营工具。支持门店认证、扫码核销、查看进货记录和活动政策，简化门店与品牌交互流程，提升日常经营效率。
wx97e0a0a3ea2f4155,省团生活丨购物,Mini Program,,,省团生活
wx34b7d59a62120b5a,省票票电影票特价购买,Mini Program,,,电影票购买：全国影院院线在线电影票购买小程序。
wxba91f7ef69296563,省运专车,Mini Program,,,一款好用的打车软件
wx788b08e6a8e4dfeb,眉山市人民医院医保移动支付,Mini Program,,,眉山市人民医院结算小程序
wx16790e9c002251f5,看地图猜地名,Mini Program,,,猜国家、猜地图、猜中国地图、世界地图、省份地图、城市地图、国外地图...
wx802f466ed3df9f20,看盘神器 股票数据分析交流平台,Mini Program,,,以投研产品化和数据科技手段为资产管理、财富管理行业提供优质的创新型基础设施服务
wx0f5dd9724f7b01c2,看看新闻,Mini Program,,,这里是看看新闻Knews。它是互联网世界中独树一帜的原创视频新闻品牌。新闻是它的核心，视频是它的特性，直播是它的亮点。互联网新闻信息服务许可证 31120240001
wx0d364406b6a33cd1,看看票务,Mini Program,,,提供北京新年音乐会演出订票，含北京国家大剧院、北京老舍茶馆、开心麻花、北京天桥艺术中心、北京音乐厅、长安大戏院、吉祥大戏院、保利剧院、中山音乐堂、音乐会、话剧、儿童剧、梨园剧场等各类演出。
wx33a3f5739625724b,看购生活,Mini Program,,,集电影文娱、旅游年卡、图书刊物、蛋糕水果、节日物资、企业活动服务等项目为一体的多维度企业福利集采平台
wx8e9e3ad9a8509348,真不二官方商城,Mini Program,,,真不二，你身边的人间植愈师，专注于中国人的轻养生解决方案，由探索植物治愈的力量的plants pharmacy和二十四节气实验室组成。
wxb6f1ba850ba01397,真实列车城市驾驶,Mini Program,,,开着小火车穿梭在城市街道
wxf293bde7054c376f,真实水印相机,Mini Program,,,真实水印相机，拍照自动加水印的全能水印相机，打卡时间水印、地点水印、经纬度水印、位置水印拍照功能的全能水印相机，让照片更真实！
wx3c84b3acc3c01814,真实汽车驾驶模拟,Mini Program,,,真实的真人城市汽车驾驶体验，刺激超凡的赛车模拟器，在这个自由行驶的开放世界地图里，超多飞车任你发挥遨游城市。
wx277309c38e69600d,真源CRM,Mini Program,,,守一真源CRM
wxbccb079cde2067ce,真茶屋,Mini Program,,,2020年，始于武汉，致力于做一杯高质平价的健康饮品。
wx0815c00f0b4bd7c3,真趣导航,Mini Program,,,真趣室内导航
wx483ea7133f8fbd65,眷茶臻选点单,Mini Program,,,眷茶官方自助点单平台，下单免排队，预约到店取。
wxabe04633659cf39b,眼视光餐饮服务,Mini Program,,,眼视光内部的食堂订餐支付服务系统
wxfa898639d718b0b0,眼镜店管理系统,Mini Program,,,【掌上视光管理系统】---用创新，为视光行业赋能！
wx56878f8e14e7fde3,睡了么睡眠治愈,Mini Program,,,超人气修复睡眠，根本治愈失眠的AI小程序。用AI帮您重获优质睡眠，还有超火的失眠社区，人人都能赚钱的财富路径，快来加入吧。
wxc497a6b1fba1ddd2,睡前故事阅读,Mini Program,,,💤儿童睡前故事精选💤，免费听儿童睡前绘本故事，睡前神话故事，睡前童话故事，睡前成语故事，唐诗宋词睡前故事，历史典故，民间传说，西游记，红楼梦，水浒传，三国演义，儿歌动画，动漫故事，数感国学启蒙，小猪佩奇等睡前故事，幼儿园宝宝睡前哄睡小故事。
wx81e4d230b3741854,睡小宝丨智能睡眠监护仪,Mini Program,,,睡小宝，您身边的智能睡眠管家
wxc4832b1a21011566,睡愈力睡眠健康疗愈专家,Mini Program,,,来自国内身心灵健康领域的睡眠疗愈系统-睡愈力生态，真正意义上全方面解决睡眠健康问题，带领全民睡得好，身心健康就是好。
wx3d76f74457d7952e,睡眠云管家,Mini Program,,,睡眠云管家
wx9eed5041668e2b69,睡眠便利车,Mini Program,,,好睡眠，开到你家楼下「睡眠便利车」是蓝盒子新的免费试睡服务，把蓝盒子床垫，直接搬到你家楼下，让试睡的成本变成0距离。
wxe498d4870b7ba27a,睡眠健康小小管家,Mini Program,,,您的睡眠健康小管家
wx829c7f02f0f7a865,睡眠卫士2,Mini Program,,,中国高质量抗菌防螨第一起草单位荣获两项世界大奖-纽约、伦敦设计奖全国5000+守护14亿人民的睡眠健康“一带一路”国宾伴手礼
wx86119444b92a633d,睡眠压力助手,Mini Program,,,搭配智能指环实时监测睡眠质量与身心压力状态，精准分析压力指数与疲劳程度。帮你改善睡眠、舒缓压力，守护日常身心健康。
wx146365e51c7b50fe,睡眠周期小助手,Mini Program,,,睡眠计算器基于 90 分钟睡眠周期，推荐最佳入睡与起床时间；时差计算器提供双城实时时差与生物钟适应方案；小睡计算器支持 25/60 分钟能量与记忆小睡倒计时，帮你科学规划睡眠。
wxfe509533dc55f241,睡眠呼吸监测仪,Mini Program,,,本小程序适配便携式睡眠呼吸记录仪，蓝牙快速连接+简易配置即可启用，为您提供睡眠相关信号记录与数据追踪服务。
wx711c714189318cb2,睡眠好了么,Mini Program,,,启林健康面向睡眠健康场景，提供附近睡眠医疗中心查询和服务信息查看。
wx96fe3b17be77bea6,睡眠小日志,Mini Program,,,睡眠监测、数据分析、习惯养成、记录睡眠、记睡眠、
wx9969e66f2651d70b,睡眠小测试,Mini Program,,,3分钟了解您的睡眠状况。通过量表测试评估失眠的严重程度、睡眠品质、抑郁情绪、焦虑情绪、睡眠呼吸暂停的风险以及个人对睡眠的认识等……
wx62b573e77f7008f1,睡眠岛助眠,Mini Program,,,海量白噪声助眠，白噪声、篝火、海浪、蝉鸣、溪水、ASMR等
wx8a418500cf499b29,睡眠报告,Mini Program,,,为用户展示设备使用信息和睡眠报告
wx919a0c4845ce037e,睡眠智能监测带,Mini Program,,,睡眠智能监测带
wx80c20bcf4153c3a1,睡眠监测仪,Mini Program,,,针对夜间意外落床长时间无人知晓、长期卧床容易患上褥疮、术后康复、没有数据支撑评估、不能及时发现心脑血管疾病等现状。
wx7a7f2f70f0d16be6,睡眠记录官,Mini Program,,,睡眠记录官是一款帮助你记录和了解自己睡眠状况的小程序。轻轻一点，即可开始或结束睡眠记录，自动计算睡眠时长，让你更直观地了解每日作息规律。本程序仅用于个人睡眠习惯记录，不涉及任何支付、交易或商业行为。
wxeb5dd43f1c601c02,睡眠音乐静听,Mini Program,,,睡眠音乐
wx8c5dfee3ba45189e,睡眠馆OL,Mini Program,,,帮助睡眠
wxe5c2834396c08711,睢县致才招聘网,Mini Program,,,睢县本地专业求职招聘平台/睢县招聘/睢县求职/睢县找工作/睢县招聘网/睢县人才网
wxf362bfd2b89a1fac,睦颐健康,Mini Program,,,社邻生鲜
wx81d82702947f39a9,瞬纪打卡相机,Mini Program,,,专业安全水印相机！支持【考勤打卡、工地拍照、外勤定位】等多场景。时间地点自动生成；自定义标签随心设置；支持多种水印模板、背景设置，照片保存分享更方便。精准定位，自动更新时间。适合上班打卡、工地施工、外勤考勤、学习签到、生活留痕，一拍即安心！
wxebd915c956583449,瞳摄影工作室,Mini Program,,,北京瞳摄影是一家专业拍摄、创作摄影机构，成立于2010年。配套三千多平的拍摄场地，内含实景。拥有顶级设备及高端化妆品。工作室主打形象宣传，艺人见组，广告杂志封面拍摄，个人写真及合影拍摄。全体员工真诚为您服务，提供一对一团队服务理念。
wxdbb61533c8e04999,矢历运动,Mini Program,,,24小时营业的月付制健身房
wx788eaebe56e1dc20,知云时间位置相机,Mini Program,,,图片加水印，自定义时间水印、位置水印。
wx127209438fcadb91,知云时间定位相机,Mini Program,,,可修改图片的时间位置，定位信息的水印相机
wx604320a7375d7cfe,知否编程助手,Mini Program,,,本程序专注提供系统性的编程课程学习和配套习题，让所有的孩子都能学的起编程
wx6bc7a985744c6a98,知循数学,Mini Program,,,知循数学——专注小学数学能力提升的智能规划师
wxf5d4fc00b0011c81,知心意心理,Mini Program,,,心理健康管理系统
wxa828b8f998fd9c6e,知时天气日历,Mini Program,,,一款简洁实用的日常信息查询工具
wx5a8f4f59f09181d8,知晓四季天气,Mini Program,,,为您提供精准定位天气预报等功能的工具，是一个能知道几分钟后下雨的天气预报，科技让你的生活更便捷
wxdc6fa6c14a53b1b9,知松心理测量,Mini Program,,,通过人工智能、大数据、云计算等前沿科技与专业心理知识相结合，致力于打造新一代智能医疗网络
wx51f05cfb393d7bcc,知源学校餐卡系统,Mini Program,,,提供餐卡查询等服务
wx300ca0591561c6e7,知联中泰信,Mini Program,,,知联中泰信集“税务、审计、评估”等一体化服务，坚持“引领财税新方向、助力企业共成长”的服务理念，为客户提供优质服务。
wx8789be7a4b7375ea,知至阅读,Mini Program,,,仅需149元，打造你的家庭日更图书馆，每天免费领取一本书
wx8df7475fde0271c6,知音出行,Mini Program,,,知音出行志在为区域内客户带来便利的出行方式，手机扫码即可轻松助力生活，为广大人民群众带来便利。
wxdf25b9b0efeac468,短视频md5,Mini Program,,,短视频改MD5，一键修改MD5，工具在手自己也能上热门
wx6e0cce777bf0b306,短视频一键去水印猫工具,Mini Program,,,短视频一键去水印工具+ 不限次数 永久免费 无水印保存视频 短视频去水印 图片去水印 短视频去水印解析 去水印助手 去水印保存视频 去水印免费工具 一键取图 一键存图 一键去水印工具 全网通用
wx5cf1d69052d02249,短视频上轻抖,Mini Program,,,轻抖官方短视频创作必备神器，集视频提取文案、短视频文案提取、视频提取器、视频转文字、识别文案、去水印、查权重、找素材、提词器等
wxfd2c3ad00277fe65,短视频去水印,Mini Program,,,短视频去水印提供视频去水印、视频文案提取、语音转文字、视频MD5修改等一键去水印实用功能，免费去水印工具适合个人素材整理、学习交流与日常视频处理。
wx399cd49d2c06d4df,短视频批量去水印工具,Mini Program,,,去水印免费工具，永久免费使用，短视频去水印
wx6c1ef9e8869b2401,短视频提取神器,Mini Program,,,视频提取，短视频提取，提取器，提取视频，视频提取器，短视频下载神器，万能视频提取，提取视频器，无水印提取视频，视频链接转文字，一键提取视频，视频提取下载，短视频素材，素材提取管家，万能视频提取，视频提取下载助手，视频提取保存到相册，高效助手
wx00a7e7fb638000e1,短视频提取神器丨达多多视频提取,Mini Program,,,"短视频提取下载,视频提取,视频提取器,短视频提取,无水印提取视频下载,万能视频提取下载,免费视频提取器,短视频提取器,一键链接提取视频助手,提取视频神器小程序,微视频提取助手端视频提取器熠视频提取器河畔视频提取,视频音频语音转文字文案提取"
wx5fc1a8ab028614ce,石头科技官方商城,Mini Program,,,石头科技roborock
wx2210bfeaf0a1085f,石家庄五博医院挂号平台,Mini Program,,,在线挂号，选科择医，到院即看。一医一患一诊室，保护隐私。
wx73d9fa839084b82d,石家庄市公共法律服务平台,Mini Program,,,石家庄市公共法律服务平台
wxafcd595883259525,石家庄市属学校校园餐采供平台,Mini Program,,,石家庄教育局直属公办学校采购平台，石家庄教育学生餐采供平台，石家庄教育食安采供平台
wxe8313878dba1c300,石家庄市智慧公交,Mini Program,,,畅出行，享自由！石家庄智慧公交，公交出行好助手。
wx5390b674f566e909,石景山游乐园票务服务,Mini Program,,,更快乐，更健康，更美好~
wxf66e8116fb561e82,石榴国通语智能学习系统,Mini Program,,,石榴国通语言智能学习系统内有“声、韵、调”等基础学习的相关练习资源和学习课程，全面提升用户国家通用语言水平，听、说、读面面俱到。
wx24b785d193a17da0,石榴红打车,Mini Program,,,我公司面向盈江地区提供代驾服务，本地人，更放心。
wxc3d8c5aed05a62b8,石榴药房,Mini Program,,,家庭常见病用药商城
wxfec66f3f606e2837,石河子大学校园卡,Mini Program,,,扫码支付、校园卡充值、交易查询等相关业务
wxf126de006410b51d,石河子大学第一附属医院智慧服务,Mini Program,,,支持在线预约挂号，患者可选科室、医生及就诊时间，减少现场排队；能线上缴费，涵盖挂号费、检查费等；还可查询检验检查报告 。
wxf1d39e42dcd84eac,石邮实习管理系统,Mini Program,,,用于石邮学院学生实习过程管理。
wxa24a055175e7e4ae,石门招聘网,Mini Program,,,一个为石门人服务的求职网站
wxaac5180ba9c1c9f6,码上管理,Mini Program,,,基于二维码应用，提供项目部现场“人、机、料、法、环、测”六要素，非接触式码上管理。
wxbe774af8ffe48f15,码曰编程,Mini Program,,,在线编程，在线运行代码，分享代码，支持C/C++、Java、Python等多种编程语言。同时还有AI生成代码，代码纠错，代码转换、代码解释、Mysql生成等AI编程工具，帮助你随时随地学编程！
wxb6691d8a9a0f60d4,码里公装企业端,Mini Program,,,装饰项目现场精细化管理工具
wx413857ea9bf645e8,砂一购客户端,Mini Program,,,砂一购（原砂易购）大客户版！
wxe81a4393e76cec54,砂之船奥莱官方商城,Mini Program,,,砂之船奥莱官方小程序，砂之船奥莱是国际性大型连锁奥莱运营商，中国服务业500强，以“艺术商业 超级奥莱”创新模式引领行业发展。
wx1373c1a3f614f1e4,研趣在线智能学习平台,Mini Program,,,研趣在线学员听课、做题、服务、学习数据分析平台
wx74fd86efcd4122b1,破壳有范课程,Mini Program,,,知识ip打造领导品牌，致力于让知识没有门槛，让知识生动、有趣、传播更远
wx7a7a60b1b30d533e,破龟天气,Mini Program,,,实时的钓鱼天气，查看现在钓鱼指数，看一看现在的天气去钓鱼是狂拉还是打龟。
wxaf496b0572d0b124,砺猿健身,Mini Program,,,提供24小时无人健身房
wx1782bda79d2ac08b,硅基动感医疗器械店,Mini Program,,,硅基动感官方旗舰店
wx8eb2319d1487da14,硬核小院-优质民宿农家院,Mini Program,,,硬核小院-励志于审核优质的民宿和农家院为广大粉丝提供优质服务，并且有问题有限赔付机制，让您出门玩的开心，没有后顾之忧。
wx6a4221c0e523e7a0,碳吉出行丨厦门公交地铁乘车码,Mini Program,,,碳吉出行为原厦门公交最新升级，提供厦门城市级掌上公交|地铁|BRT线路及站点查询、路线规划、乘车码、e通卡优惠、快线、定制班线等、快车|专车|品质新出租打车、厦门文旅资讯等综合出行服务。
wxed433db5d112a849,碳吉打车丨品质出租快车专车,Mini Program,,,碳吉打车提供厦门打车服务，本地品质出租车、新出租、快车、专车、接送预约用车，是碳吉出行的打车板块，市民打车可靠选择。
wx03fed9e08785a17d,礼厚茶肆,Mini Program,,,礼厚茶肆小程序点餐
wxa62b922d419a0aca,社保公积金计算助手米得厚,Mini Program,,,骑手税后工资计算助手，骑车、跑腿、配送、网约车司机连续劳务报酬计税器。骑手工资计算器，平台企业从业人员劳务报酬速算。
wx289b20882f6bcf71,社工学习助手,Mini Program,,,专业的社会工作者考试学习平台，提供社会工作者考试资讯、考点精讲、备考资料、疑难问题解答、名师直播、学习方法、学员经验分享等内容
wx438afc30254f74c1,社慧通生活服务,Mini Program,,,兴日社慧通(新版)校园水卡充值，校园洗浴、饮水等共享设备扫码使用
wxec1550bf1fb9aa2e,祁美民宿线上订房,Mini Program,,,用户可以随时随地办理祁美民宿订房和入住，真正的零接触
wxde49766cc7b5129f,祝您健康启航,Mini Program,,,提供会员积分查看，消费明细历史订单查询，享受会员福利次卡等
wx6ecbbfc05bd75e0e,祝福早安图片,Mini Program,,,早上好！早安图片，早上好问候语，早安心语大全！
wx08d75a9bb5c5dae7,祝福视频天天刷,Mini Program,,,送上每日祝福，关注热点内容，休闲娱乐，搞笑段子，动感音乐，还有健康养生，世间奇闻，一起进来看看吧！
wx7b773947ab57d79b,祝福视频福来到,Mini Program,,,祝福视频福来到：你想看的、想听的，走在这里。上传照片视频即可一键生成影集视频，轻松分享好友。
wx6ab2e1b77f5b39f9,神书小说,Mini Program,,,翻页小说，让你踏上一段充满未知与惊喜的文学旅程，无论你喜欢奇幻、科幻、悬疑还是历史，总有一款小说能引发你的共鸣。
wx8ac586c3ca8d1c6b,神农架交通码,Mini Program,,,扫码，丰富出行生活
wx2cc599b0f086c4d3,神州专车Go,Mini Program,,,神州专车，为您提供安全舒适的出行服务，超高性价比！专业司机，专业车辆，除了安全什么都不会发生。
wx5ab2b7400648df91,神木城投智慧停车平台,Mini Program,,,陕西神木城投公共服务有限公司
wx674725df028524be,神木安畅实时公交,Mini Program,,,神木市区实时公交查询、信息发布等
wx68718676b58acc87,神木新闻网,Mini Program,,,欢迎关注【神木新闻】官方小程序，及时获得最新的神木动态。欢迎访问网站：http://www.sxsm.com.cn/
wx2c5436e865535953,神画电影,Mini Program,,,比价购票，卖品点单配送，影厅互动红包神画自己的购票APP。
wx4ddb33a347080abb,祥瑞智慧餐饮,Mini Program,,,祥瑞智慧餐饮
wx03ce767addd6224f,祥生世纪广场购物中心,Mini Program,,,10万方一站式全业态购物中心，集时尚购物、娱乐休闲、生活配套、美食餐饮、儿童游乐一体，地上4层，地下2层，总计车位约800个。
wx84ef61cc7d914b2e,票企查 电子发票查重工具,Mini Program,,,发票查重、电子发票查重、工资条制作、发票查重工具、发票查验、报销发票查重、电子发票归档、记账报销工具、综合财务记账发票的管理软件
wx31e3c965d541a3c4,票务之家微购,Mini Program,,,门票预定 跟团游 亲子游 私人定制 研学游
wx514e3122271b2795,票包包 - 票根标签生成收藏,Mini Program,,,将实体的茶饮标签、电影票、车票、门票、演出票等票券生成高清电子版用于分享或收藏
wxbd9b988288cb06c6,票即开,Mini Program,,,用户查询发票，换票
wx3a546f767ae753b4,票小小丨火车报销凭证代取,Mini Program,,,​全国高铁票/火车票/动车票报销凭证线上代取、在线打印，邮寄到手。无需前往高铁/火车站，在家、在公司就能拿到高铁/火车/动车报销凭证，让您的报销更加高效便捷。
wx9734494abb4285d8,票小蛋电影票,Mini Program,,,全国特价电影票19元起，每张优惠5-30元。百丽宫上影SFC万达百老汇CGV横店保利耀莱金逸中影苏宁完美星轶大光明博纳哈艺影城影院
wx9f04d8e2151944e1,票忆丨票根纪念册,Mini Program,,,一键识别录入电影票、演出演唱会门票、火车票、飞机票登机牌、景区票出游记录存为电子纪念票根，随时浏览下载。
wxf34777873449342d,票无忧票务平台,Mini Program,,,票无忧是国内专业演出娱乐票务营销服务平台，票务类型涵盖演唱会、音乐节、舞台剧类等等！
wxcd2876c9c8303dff,票查查,Mini Program,,,发票查验，扫描发票二维码极速查验发票真伪，支持：增值税发票查验、区块链发票查验、通用电子发票查验、数电发票查验、火车票查验、飞机票查验、财政票据查验，支持发票明细数据获取，即扫即查，简单快捷，会计好帮手，企业提效神器。
wx88350151b05f0ce3,票池火车票高铁票机票预定,Mini Program,,,票池网火车票机票服务
wx990a0b9f1ecfdd44,票然之旅,Mini Program,,,彩华商旅覆盖出差申请、机票 / 高铁 / 酒店预订，内置差标管控；自动生成报销与补贴，全流程线上化，高效省心。
wx5ceacaa292159bc8,票牛演出丨演唱会音乐节话剧门票,Mini Program,,,10年票务平台，折扣票、稀缺票都能买得到，演唱会、音乐节、话剧歌剧、休闲展览、体育赛事，演出票务应有尽有！
wx5eec3664fd5a35e8,禄猫严选商城,Mini Program,,,优质好货，上禄猫！
wx8e5789128fd080cd,禅壹瑜伽普拉提,Mini Program,,,禅壹瑜伽普拉提课程预约入口 ——由三体云动提供技术支持
wx4cead5c747812cab,禅熙瑜伽普拉提生活馆,Mini Program,,,在线约课，在线售卡
wx8588f55d152c6d26,禅逸Yoga,Mini Program,,,禅逸瑜伽会员约课
wx6b0097029c6c00c6,福停车,Mini Program,,,为停车场管理方提供便捷的车场管理服务，查看车场的实时动态、运营数据
wx2f60194cd8958a14,福克斯健身瑜伽,Mini Program,,,福克斯健身瑜伽会所会员服务、会员约课系统。
wxa747683bdc8c8a64,福州住房公积金中心,Mini Program,,,福州住房公积金中心官方小程序
wx13f8636885f3fc57,福州儿童医院,Mini Program,,,医院掌上智慧医院小程序
wx646ebb06a0ef770a,福州地铁生活圈Life,Mini Program,,,福州地铁生活圈Life
wx63dd064b159f232e,福州新闻网榕e学,Mini Program,,,党的二十大精神学习资料
wx28d524f8552065ba,福州新闻网榕房购,Mini Program,,,“一站式”购房体验
wxf6f8b768ecb2610a,福州美萨缔尔医疗美容门诊部,Mini Program,,,美萨缔尔
wxbdc2df1796ab8900,福建医科大学附属协和医院,Mini Program,,,获取最新咨询、专家信息、预约挂号等
wxd0e7d59a60ce9c8f,福建医科大学附属第一医院,Mini Program,,,预约挂号，报告查询，充值缴费
wx2a2522bd2c55f1fe,福建居民养老保险,Mini Program,,,福建省城乡居民基本养老保险政策解读与宣传。
wx10e6dabed73f68be,福建有口福餐饮消费券,Mini Program,,,福建有口福餐饮消费券
wx2882dad92e97c381,福建省妇女儿童活动中心,Mini Program,,,福建省妇女儿童活动中心官方小程序。这里是孩子的成长乐园、女性的赋能平台、家庭的幸福港湾，一键连接爱与陪伴。
wx16d00dd5ab981d29,福建省漳州市医院医保移动支付,Mini Program,,,为用户提供医保在线结算、支付服务
wx9263784fc5dc2525,福建省直单位住房公积金中心,Mini Program,,,公积金小程序
wxeb55cd4a966ea90f,福建金融党费e家,Mini Program,,,面向福建省管金融企业的党费线上管理平台
wxd4c163fc1ecff835,福建高速交通安全警示,Mini Program,,,福建高速交警专门制作系列警示教育视频减少事故发生，高速公路不系安全带、疲劳驾驶等违法行为，极易导致人员伤亡交通事故。
wx3ccd4c180e30efda,福成物业协同办公,Mini Program,,,福成物业内部办公使用
wx9145a8eb0c14de67,福柠茶肆,Mini Program,,,欢迎光临
wx6b8a3d2d23519d98,福状元餐饮,Mini Program,,,福状元是一家以粥为特色的中式餐饮连锁企业，目前拥有50多家直营粥店。
wxa875468cbc81f192,福田区第二人民医院社康移动支付,Mini Program,,,深圳市福田区第二人民医院社康移动支付
wxf0cce2e3ce11c1af,福祥e支付,Mini Program,,,主要用于湖南农信福祥e支付商户入网进件、巡检等
wx443af414e8b380b5,福祥e支付收银台,Mini Program,,,湖南农信收单业务收银台
wx628bfe300a47756a,福祥e支付缴费平台,Mini Program,,,主要用于智慧校园缴费业务，实现线上学校缴费
wxae6f3703d9b58b85,福老师的茶,Mini Program,,,世界再快，我们坚持手作。严格把控原料，分量，比例，时间，流程。以匠人之心为您调制一杯新鲜，健康口感极佳至真至纯的柠檬茶。
wx7b06f64bb05512a1,福苑OA办公,Mini Program,,,公司内部办公使用
wx327e1b05cd0ca45c,福路通福建交通一卡通,Mini Program,,,福建交通一卡通有限公司
wx1a8263dae2045827,福雷明电商服务,Mini Program,,,我们是一家只做固体饮料的线上零售小程序，主打“固体饮料以及膳食补充剂”
wxefb502f0ac5dd956,禾悦天气,Mini Program,,,内部演示程序
wx9ee27f4b5bd9ceca,禾芸网络科技,Mini Program,,,该小程序是配套电脑端禾芸进销存管理系统使用的，方便客户查询相关商品资料，客户资料，单据资料及各种报表功能，操作简便，实用
wx2772d198aafd9050,禾金泽办公,Mini Program,,,禾金泽办公
wxb6de8510b886c740,禾风轻食健康餐,Mini Program,,,点单平台
wx05976718eb43eb9f,秀域健康科技,Mini Program,,,秀域智能健康
wxc7e849c5ff9ebd86,私募排排网 基金投资理财平台,Mini Program,,,基于私募排排网数据中心，为合格投资者和私募基金管理人提供私募基金理财服务的搜索和展示基金产品各种详细投资信息的服务工具。
wxb423e5caef3b445b,秋果酒店,Mini Program,,,秋果酒店预定使用的小程序
wx6f5f500d9a0df792,秋水小阅,Mini Program,,,热门网络小说，任你挑选阅读~
wx6ef8a6fd7cec0d6b,秋裤老师讲编程,Mini Program,,,包括以下青少年编程培训：1、C/C++信息学奥赛编程2、Python人工智能编程3、网络安全(黑/白客)编程4、Scratch少儿编程
wxf7044f69dc91b92e,种梦音乐,Mini Program,,,签约音乐人版权数据管理
wx7acd76fdf73b4aef,科丁乐编程,Mini Program,,,科丁乐机构端，让孩子的思维发展不留遗憾！
wxed5e53f6f3c44cf8,科园CRM,Mini Program,,,科园销售团队行为管理应用
wxf3f2c14e054f310e,科园信海智慧药房,Mini Program,,,本小程序以“线上+线下”深度融合为核心，提供药品销售、健康服务、会员管理一站式解决方案，助力药店降本增效，提升用户粘性。
wx1911541e5fff51af,科大讯飞AI学习机官方平台,Mini Program,,,科大讯飞AI学习机通过AI技术给孩子提供AI学习辅导服务，覆盖预习、复习、备考等学习场景，解决家长辅导孩子的需求，学习更轻松
wxba109e335477dbb5,科学探索课程,Mini Program,,,嘉梦霖教育为学校的课外课和营地项目提供多样化且高质量的趣味科学课程。
wx45d261ab465b10a1,科律无界crm,Mini Program,,,科律无界crm
wx0700af748856358b,科律法律咨询,Mini Program,,,科律无界集团，以科技赋能法律，9年流量所运营经验，赋能160+律所，业务覆盖全国34省市自治区
wxe916506c881db6b5,科德研牛股票,Mini Program,,,旨在为广大投资者传递投资热点资讯，全面教学，提升投资体能，以专业的内容助力投资者更好的规避风险，稳健投资，实现资本增值！
wx3107f0a218053d99,科技侠智能锁,Mini Program,,,通过手机开锁
wx2a981f96d63133bf,科技城新区政务服务中心新e办,Mini Program,,,绵阳科技城新区政务服务中心面积4500㎡，设60个窗口，实现区本级事项全进驻。配备24小时自助区、无障碍设施，提供邮寄等服务。
wxf10cc40448b885f4,科普版小英学习,Mini Program,,,科普版小英学习，提供科普版小学英语教材配套资源，集课文点读、课文跟读、单词句子听写、练习册听力、同步练习等功能于一体，助力英语学习。
wxa7453eebde601643,科普版英语课本点读,Mini Program,,,科普版英语点读小程序，同步2025新教材，覆盖三、四、五、六、七、八、九年级课本内容，支持教材同步点读，助力英语学习。
wx60b0aaca03197960,科普编程,Mini Program,,,科普调研咨询服务
wx3e2d184af36f1ab1,科普英语点读,Mini Program,,,科普英语同步点读练习题
wxf0b76748648d2d67,科瑞停车,Mini Program,,,智能化管理非机动车库
wx7a315ff26bc4afec,科目一四模拟考试练习,Mini Program,,,科目一模拟考试练习题库，科目四模拟考试练习题库，包括小车和摩托车科目一模拟考试。
wx91c36a0a85377124,科研CRM,Mini Program,,,科研狗CRM小程序
wx2f57ef633b905707,科赛基农CRM管理端,Mini Program,,,科赛基农创造轻松生活
wx1c2daa4302578b63,秒去旅游,Mini Program,,,去发现，去感受
wx74898065d4802bd8,秒小小-睡眠环境管理,Mini Program,,,秒小小是一家基于睡眠空间效能（SSE）科学诊断标准，通过改善卧室环境来提升睡眠质量的科技公司。
wxb459cbb1642333e5,秒应丨接龙报数预约报名工具,Mini Program,,,官方正版秒应 | 开学季老师班委必备群接龙与数据收集报数管家。一键发起班级接龙、收集新生信息、发分班分宿舍信息、选课及投票。可收集截图、收作业、手写签名、实时定位打卡签到。支持AI创建问卷、一键导出Excel。接龙小程序、接龙报名预约管家
wx4a8c16dee5274aae,秒转工具箱,Mini Program,,,免费使用哦
wxd18231f3cfd7ada1,秒金融,Mini Program,,,华润银行秒金融采用全线上注册，自动审核的模式。为您在线提供票据资产服务、金融撮合、第三方平台合作等创新金融产品。
wxf5e2c8570b600fc7,秘塔AI搜索,Mini Program,,,秘塔AI搜索，没有广告，直达结果
wxb4de52b25f050667,租客生活,Mini Program,,,长租公寓出租平台
wxb9f560f343524ded,秦丝商户服务助手进销存,Mini Program,,,秦丝服务助手-进销存，关注店铺，一键查询所有小票记录、对账信息。
wx81c49441aae8b93d,秦安公交,Mini Program,,,秦安公交
wx23785437d640c24d,秦游票务分销平台,Mini Program,,,代售秦皇岛全市景区门票，一卡通
wx1e4e36593e9c67a4,秦皇岛市12345政务服务便民热线,Mini Program,,,秦皇岛市12345政务服务便民热线受理企业和群众各类非紧急诉求，包括社会管理、公共服务等领域的咨询、求助、投诉、建议等。
wxc1d83ccabc13575d,秦皇岛金棕榈国际电影城,Mini Program,,,秦皇岛金棕榈影城影讯、会员、充值、购票专属渠道
wx2132012e89a9490c,积石山交通码,Mini Program,,,扫码，丰富出行生活。
wx6e135d2f5762cca4,移动物联网商城,Mini Program,,,移动物联网商城是中国移动全网物联网业务线上统一入口，是面向客户、客户经理、合作伙伴的物联网一站式展销平台。
wxf763d675032277bb,程医橙心互联网医院,Mini Program,,,复诊购药，视频问诊
wxb553df419d523b51,税务发票助手,Mini Program,,,一码在手，开票无忧。税务发票助手助力便捷开票。
wxe2a0baf34f384848,税务师刷题宝,Mini Program,,,税务师考试题库，税务师从业资格证、税务师资格考试、税务师题库练习，模拟考试报考证学习刷题宝。
wxc0cd1c4033a3bd09,税务师考试题库,Mini Program,,,"提供税务师考试真题,税务师模拟题库,轻松刷题，考试必过！"
wxaf33ce6502d4cceb,税务报表分析-企硕小助手,Mini Program,,,"✅报表自助解析：上传报表，自动解析
✅注销税务测算：导入报表，应纳税金额，心里有数
✅个税查询：
✅社保查询："
wxf57cac095147c6e6,税务法人大桥,Mini Program,,,月度财务报告样本展示，韩国注册税务师团队提供中文税务与设立咨询
wx0fb7bd5ffdbfe808,稠州银行稠银宝,Mini Program,,,稠州银行为收单商户全新打造扫码、查账及商户管理为一体的金融服务小程序。
wxb1e07e66bd1e2872,稻草人旅行,Mini Program,,,致力于为青年带来非凡的小团队旅行体验。通过探索、体验、交流、分享，引领年轻人敞开心扉，自由奔放地去感受这个真实的世界。
wx37e856e8949385ef,稻达基金,Mini Program,,,杭州稻达私募基金管理有限公司
wxafd313ed6bfd5f7e,穗建技培手机学习平台,Mini Program,,,广州市建设职业培训学校小程序为满足解决手机考试系统对个人身份的识别而创作。
wxb0fb8edb66f62a10,空港佳苑客户端,Mini Program,,,空港佳苑客户端
wx54989fd7f169de25,空港逸行企业,Mini Program,,,机场出行服务企业客户专用版:大巴车、共享租赁、公共交通
wx81b159e7713ed055,窑湖小镇旅游服务,Mini Program,,,江苏窑湖国际旅游度假区综合服务小程序
wx9d4fe7e224c821cc,窝窝露营窝友房车自驾旅游地图,Mini Program,,,驴友窝友自驾地图，收录全国房车窝窝、露营地。
wxb3b1208311c3f684,立创商城,Mini Program,,,一站式元器件和MRO工业品采购自营商城，为客户提供”正品、现货、一站式”的采购需求！
wxd9e3a635839fb4f9,立吉拍照丨水印相机时间地点打卡,Mini Program,,,🔥小编推荐：考勤打卡相机，水印相机，团队考勤，团队管理，团队排班，销售外勤地推管理，客户拜访，建筑工程水印相机，团队水印。
wx2aed548e27e28de9,立吉答题丨在线考试问卷调查,Mini Program,,,🔥官方推荐：千万用户在用的答题免费小程序，在线考试、知识培训、问卷调查、趣味问答、错题积累，方便实用。
wx62a05e905505873a,立微阅读屋,Mini Program,,,小程序提供在线阅读服务
wx4cfb0426be460955,立物咖啡服务,Mini Program,,,☕️ ​​「立物咖啡」—— 办公室美好咖啡生活服务商🎯工位半径50米，美好立等可取📍覆盖重庆、成都、武汉等城市｜政企单位合作认证📌从美式提神到轻食社交，用一杯现磨咖啡解锁职场幸福感💼
wxabb360f220fb0dae,章丘区人民医院医保支付,Mini Program,,,章丘区人民医院医保移动支付小程序
wxbcbc910ff9a756a6,章丘找工作网,Mini Program,,,章丘找工作网I百城互通（章丘找工作网www.bchutong.com）是专业从事章丘人才招聘服务网站
wx26bd974a13be7cbd,童悦果乐母婴购,Mini Program,,,果乐母婴购
wx51471c36cb39aa10,童橙荟少儿课程优选,Mini Program,,,童橙荟家庭橙长社区
wx0b45652aa9c86fb6,童话音乐,Mini Program,,,童话官方小程序
wxf6e17fbb1e56dfef,童谣母婴,Mini Program,,,专注于母婴用品，一家做母婴用品的门店！
wx7dad618e7dfe021d,竹月拾文,Mini Program,,,您书荒时的理想阅读平台
wxdb2a64f1bc3ed5ce,笑云阅读,Mini Program,,,笑云阅读，看喜欢的小说。
wx5dd5632a942cb333,笔墨书香经典阅读,Mini Program,,,笔墨书香经典阅读
wxbc1c118e4eef5b4f,笔熊分享阅读器,Mini Program,,,为千万内容创作者提供内容保护，内容安全分享
wx757cc2d52e56ab24,第一创业证券托管与基金服务,Mini Program,,,第一创业证券托管与基金服务
wx70cab3657b321a36,第七天摄影,Mini Program,,,让摄影回归本质服务内容拍摄类：最美证件照、结婚登记照、商务形象照、纯艺术肖像照培训类：摄影、化妆、后期培训课程
wx143bd1001a972526,筑宿酒店民宿用品,Mini Program,,,筑宿超级工厂：专业生产酒店民宿客房一次性用品、工厂直发省去中间商差价。
wx5324ff7f1426fd31,简E通客户,Mini Program,,,医疗废物流转跟踪
wxab42b8f878c7b7f6,简儋约小程序,Mini Program,,,“简儋约”小程序主要用于儋州市委组织部组工业务预约，方便各单位预约办理组织部门相关业务。
wx738361bcf09f4693,简单学习教务课表,Mini Program,,,一个简单且方便的课表查看小程序
wx235a87e7d75ad23e,简单心理冥想睡眠,Mini Program,,,跟简里里做十日系列冥想练习，可以改善焦虑抑郁情绪、缓解压力、提升专注力和幸福感。每天一次呼吸练习，帮你平稳情绪，重拾平静。
wx9fb7bb411ef61103,简单心理咨询预约,Mini Program,,,预约心理咨询，到简单心理。帮你解决抑郁、焦虑、亲密关系、人际关系等心理问题，只提供高质量心理咨询服务。
wxaa39d4d9645a7d39,简单心理测试,Mini Program,,,提供专业心理抑郁、焦虑测试量表，和亲密关系、性格、MBTI、原生家庭、职业、情绪等多维测试，帮你了解自己的人格特点和心理健康水平。
wxf6cd0d4373d1440c,简单睡眠,Mini Program,,,舒适睡眠，就是简单。简单睡眠全国近300家自营门店，每年为166万会员带来48亿小时的舒适睡眠。我们专研健康家纺，为您带来安心的睡眠之旅；我们致力贴心服务，让您享受无忧的购物体验。
wxf31ed93d635068db,简税发票夹,Mini Program,,,您的票据智能助手，个人消费发票保管与单位发票报销两不误；可自动验真伪、批量打印，轻松应对单位报销要求，到账快人一步。
wx0841e5c6bb3def08,简约课程表,Mini Program,,,在线制作课程表，功能简单方便快捷，课表直观，支持分享，复制粘贴课程等，快来制作属于自己的课程表吧！
wx688c4660f5d2764c,简练英语,Mini Program,,,一款学科教学辅助工具。
wx8780a7e22a7592b7,简速SCRM,Mini Program,,,商家会员服务。
wx3f0b6a3f08776825,简速SCRM Beta,Mini Program,,,商家会员服务。
wx3598c30b533c7551,简道云,Mini Program,,,简道云是一款强大易用的应用搭建工具，包含自定义表单、自定义报表、自定义流程引擎、消息提醒等模块。
wx8f27e7f4355fc0d1,简阳人才招聘网App,Mini Program,,,简阳人才招聘网致力于为求职者提供简阳本地优质招聘信息，为企业提供招聘渠道，帮助每一个求职者在简阳人才招聘网找到合适的工作。
wx81380a92709191c5,简阳公交,Mini Program,,,“简阳公交”小程序是简阳市汽车运输有限公司重点打造的便民应用，为简阳市民提供便捷支付，绿色出行等服务。
wx9dadbcbfb5716de5,管管的茶,Mini Program,,,慈利首家本土自创茶饮品牌，点击进入可外送到家，更多优惠及团购订单请咨询：15074410492
wx7f776d2ba51859d3,簋街美食城,Mini Program,,,合肥十大人气美食街之一，汇集全国各地特色美食。 上百商家入驻，一千多种美食任你挑选。 合肥网红美食打卡地，在大学城簋街美食城来场美丽邂逅。 提供合肥市租房、二手房等房源信息展示、咨询、预约等服务。 每日福利活动抽奖、领券、团购等尽在这里。
wx0ced9528aba90771,米优时丨课程表目标达成社交,Mini Program,,,记录美好生活
wxcb05172c70762972,米可贝贝母婴商城,Mini Program,,,湖北米可贝贝母婴连锁关注0-3岁孕婴童，打造一站式服务优品牌！用心服务您！
wx15b4c2c18bba222a,米德宝美食超市,Mini Program,,,米德宝美食超市
wx962bfb06b849d5ae,米悟空智慧娱乐空间,Mini Program,,,找大圣HI翻天，来米悟空
wxaddd5e379b1a72ee,米拍摄影社区,Mini Program,,,超过300万+的摄影伙伴们加入米拍大家庭 ，在这里，发现摄影同好，参加摄影大赛，结识摄影大咖，提升摄影技能，掌握摄影资讯。摄影这条路，你就缺一个米拍。
wx3618f6789b4104e6,粤建安全员考试题库,Mini Program,,,安全员ABC证刷题学习
wx9d1f62f14218795c,粤教翔云学习助手,Mini Program,,,基于《粤教翔云数字教材应用平台》，为广东省学生提供课后学习服务。
wx933c343cc85e9801,粤海水务集采商城,Mini Program,,,商城涵盖休闲零食、办公用品等多品类商品，可一站式满足生活及办公消费需求。粤ICP备2023004871号-3X  https://beian.miit.gov.cn/
wx82d43fee89cdc7df,粤省事,Mini Program,,,粤省事作为广东省政务民生服务的集合入口，通过身份认证进行统一登录，为用户提供一站式民生服务。
wx1cc02b51d43ab68a,粤荣华CRM,Mini Program,,,该小程序主要为企业内部员工提供客户信息管理和业务办理全流程化的功能，提高业务办理效率，实现客户数据信息化。
wxab6d2cda5adbed7c,粤邮生活,Mini Program,,,为邮储银行客户提供更多优惠和便利!
wxb09392036c3bc1f1,粥粥工具助手,Mini Program,,,明日方舟 - 简易工具箱 - 罗德岛人事中心 - 公开招募计算器 - 罗德岛 HR
wx05a7a352ea7e0da9,粮友考试通,Mini Program,,,粮友考试通，中储粮成都储藏研究院出品，服务于粮油仓储行业粮油保管员、检验员技能认定考试，提供《粮食储藏》、《粮油仓储科技通讯》在线阅读服务，提供了学术期刊、专业书籍等购买服务。
wx730155374d059596,粮谷客户交易平台CRM,Mini Program,,,中粮粮谷客户交易平台
wxc07c0ac365f4af06,粮通港区导航,Mini Program,,,南沙粮食通用码头分公司车辆导航小程序
wx8c6920503a767092,粵澳名優展會導航,Mini Program,,,“2025粵澳名優商品展”將於7月24至27日在澳門威尼斯人金光會展D館舉行，為期4日展會將通過展銷、商業配對、論壇、社區導覽、澳琴“一會展兩地”等系列豐富活動，持續發揮澳門的中葡平台優勢，積極落實特區政府“1+4”適度多元發展策略。
wxeec5c3175b4fb69f,精典汽车,Mini Program,,,精典汽车为您提供全方位汽车服务。买车卖车、汽车养护、汽车美容、保险理赔、定损维修，为您想得更多，为您做得更好！
wx17662ba219146678,精品荟好物电商,Mini Program,,,居家百货，食品，生鲜农产品，服装鞋帽。
wx427c51bb44460332,精智办公,Mini Program,,,数智办公服务平台
wx9351103588079821,精灵汽车智慧营销,Mini Program,,,smart汽车营销工具
wxfb025813956bd380,精英吃鸡地铁逃生,Mini Program,,,吃鸡战场游戏和平地铁逃生搜打撤玩法，真实精英开箱子得吃得吃得吃
wx38cb52d4311bf829,精英课程学习,Mini Program,,,安徽省专业的成人高考报名与学历提升咨询服务机构
wx9bf47b2a1ed849bd,精诚CRM,Mini Program,,,"用于员工日常客户,PPL,DR等操作"
wxac7252781f8fb92c,精选壁纸图片Pro,Mini Program,,,壁纸高清，抖音热门壁纸，壁纸取图，风景壁纸，动漫壁纸，女生壁纸，男生壁纸，炫酷壁纸，可爱壁纸，氛围感壁纸，海量壁纸下载
wx3509697c0e39f0bc,糖心事饮品,Mini Program,,,可快速点单，领取优惠
wx53f1e4391c29bfe2,糖果小姐饮品店,Mini Program,,,糖果小姐饮品
wxbfc40bfcb8a18fd8,糖豆视频,Mini Program,,,糖豆广场舞是一款方便学舞、跳舞的舞蹈软件，200万条教学视频、数千位舞蹈名师、数百种舞蹈类型，广受舞友们欢迎。
wxdea6a816a0ec45a3,素卡瑜伽普拉提,Mini Program,,,素卡瑜伽普拉提，为您带来专业。优质的课程！
wx72707b455e7bd639,素食星球食谱,Mini Program,,,素食星球食谱是一款植物性食谱与美食海报小程序。输入食材即可生成家常素食食谱，并支持拍照生成创意海报。
wxd2a843a92304042e,索塔 热玛吉医疗器械,Mini Program,,,正品Thermage®射频治疗仪  认准索塔®  源自美国
wxc61c7efac9b15381,索特云AI餐厅,Mini Program,,,AI智慧食堂小程序是融合人工智能、物联网与大数据技术的新型智慧餐饮服务工具。
wx9ff6d1b8fdd473c6,紫荆智慧交通,Mini Program,,,提供校园交通服务，推进校园交通安全一体化管理。
wxd6bcb6d30ea0927e,紫金保险,Mini Program,,,一诺千金 共创价值
wx0ebc20ab1ab9a5fe,繁星CRM端,Mini Program,,,繁星crm是繁星旗下针对数码通讯行业的一款软件
wx911bd8038eb550cf,红中拆搭学习,Mini Program,,,红中麻将拆搭学习，麻将学习宝典，麻将AI视频分析，麻将听牌胡牌器，麻将AI识别
wx111728e33447f916,红人直播官方,Mini Program,,,红人直播 一款在线直播交友平台
wx8562c99a6b74a77f,红婵酒店民宿客房用品工厂店,Mini Program,,,安徽红婵环保科技有限公司，四川聚星凡科技两大工厂专业生产:酒店、民宿客房一次性用品的源头工厂旗舰店，支持客户包装定制LOGO。红婵团队致力研发生产优质产品去服务更多客户，全自动生产线达80几条厂房近三万多平年产值已达数十亿元我们期待与您合作
wx8e7810a6c4a58a44,红旗建材订货商城,Mini Program,,,红旗建材订货商城是一款红旗建材自建自营的专用购物网站，适用于红旗建材经销商使用，让订货更加方便、快捷、直观、准确！
wxaef3efcedc6b5ab7,红果研教育,Mini Program,,,红果研教育小店
wxdf52c70ad5bbc601,红河州住房公积金管理中心,Mini Program,,,红河州住房公积金中心小程序可在线办理业务、查询公积金等相关信息，为广大缴存职工提供公积金线上业务。
wx18cefaed59c762b4,红睿停智慧停车,Mini Program,,,红睿停是一款志在打造国内一流服务的停充一体化平台，为用户提供优质、满意的服务。
wx244d19eefdd79491,红通告 红人营销生态圈,Mini Program,,,红通告专研种草带货探店流量组合，二十万小红书、抖音、快手、微博、大众点评、B站等kol、koc在平台领取投放费用，免费产品，精准营销。
wx84aab4e4c047ac70,纪念日百货微商城,Mini Program,,,纪念日百货买手优选，厂家直发
wx413e103030497e14,纯真英语点读,Mini Program,,,英语单词学习，英语单词点读，英语课本翻译
wxd7c728b9f56a5050,纯真语音工具,Mini Program,,,英语单词学习，英语英标学习，英语26个字母发音
wxa06b11cc9bbab368,纳拉布民宿,Mini Program,,,布拉纳室内设计
wx7d3afa04359aacc3,纳米注册电气工程师考试,Mini Program,,,注册电气工程师学习小程序
wx7bb6f3b8f0ad2ae8,纷享荟商城+,Mini Program,,,无限极官方购物商城，匠心打造产品，质量铸就品牌！
wx83633013fcb73ca2,纽澳宝宝跨境电商,Mini Program,,,您要的这里都有~
wxc6a3faa1a877a2c2,线上睡眠管理平台,Mini Program,,,愿您健康快乐睡好每一天
wxd20d06e581331803,练二健身LIANER,Mini Program,,,练二FITMOMENTS
wx6f234500f9d5f32a,终极角逐小程序,Mini Program,,,龙腾崛起！S1赛季现已上线！
wxb542c71ce31a3a6b,绍兴E网招聘,Mini Program,,,绍兴E网旗下绍兴招聘网站，求职找工作请上绍兴E网。绍兴人才绍兴招聘工作都在这。
wxaa6266cac26094dc,绍兴天气,Mini Program,,,用于村安工程建设
wxd52861facf517bf3,经典纯音乐1000首,Mini Program,,,经典纯音乐1000首，包含经典老歌100首纯音乐版，纯音乐钢琴曲，纯音乐吉他曲，纯音乐交响曲，纯音乐萨克斯等，点击就可以观看！
wx55d3f144586fc6e5,经典老歌纯音乐会,Mini Program,,,免费观看治愈纯音乐视频就来经典老歌纯音乐会，里面有经典老歌100首完整版纯音乐视频，无需登录、完全免费、点击就可以观看！
wx7deabd5fde39a636,经典音乐1000首,Mini Program,,,经典音乐1000首，全都是纯音乐版，无需登录，方便快捷，完全免费！
wx0fd1e6c6cfef5ce7,经纬度打卡拍照相机,Mini Program,,,位巡水印相机，专业经纬度打卡工具。拍照自动叠加经纬度、地址、时间水印。操作简单，即开即用，适配外勤签到、工程巡检、现场留证、实地打卡等场景，轻松完成工作留痕。
wx61c319818c01bf75,经纬度相机拍照,Mini Program,,,经纬度相机，用于拍照片，实时显示当前拍照片的经纬度信息。
wx2926c48ad99b0d8e,经纬快照相机,Mini Program,,,"经纬快照相机免费水印相机时间地点拍照打卡,现场拍照记录水印相机"
wx56a21daf21e3f19b,经纬照相机,Mini Program,,,一款专业水印相机小程序。作为强大的水印大师，它精准记录经纬信息，是点数相机优选，助您轻松完成打卡任务！
wxcace12c4236507f1,经纬相机拍摄,Mini Program,,,经纬相机拍摄，经纬度相机，经纬度水印相机，时间地点水印相机。
wx68567569ad4fae93,结伴音乐社 结伴出行,Mini Program,,,结伴音乐社是一个以音乐为核心的兴趣社团，致力于为乐迷提供一个交流的平台。
wx03e847675fbd2b51,结行科技CRM,Mini Program,,,企业内部的销售管理系统平台
wx266239d055d0dcaf,绘本阅读小助手,Mini Program,,,为绘本馆会员提供服务，功能包括：借还书、会员管理等
wxb212f49dae21d820,统智停车交费,Mini Program,,,智慧停车
wx9d9b6dc708c415e2,绥中县医院预约挂号,Mini Program,,,绥中县医院预约挂号
wxe38a3ec434d20976,绥芬河市住房公积金管理中心,Mini Program,,,办理相关业务
wxfa3cceb8a2a8f9bf,维克多英语听力,Mini Program,,,维克多听力图书配套学习
wx9e6c38c880664d0c,维奥导航地图,Mini Program,,,奥维导航地图，精准3D导航地图，第三代快捷地图导航。开车驾车导航，步行骑行导航，公交地铁导航，天气预告等。
wx7a192790cdaee37a,维沙生活,Mini Program,,,维沙企业官方会员服务中心集成旗下半亩花田美容、阿玛尼SLAON预约平台为会员提供预约、支付、反馈、券码管理等服务
wxdb123cbbc91a371a,维语导航Yol baxlax,Mini Program,,,شىنجاڭدىكى ئەڭ مۇكەممەل ئۇيغۇرچە يول باشلاش سېستىمىسى
wxb911638a3fbca128,绵阳停车,Mini Program,,,绵阳停车是一款智能停车APP，具有停车泊位实时查询、导航、停车费支付等功能。
wx4838c4aa2365650e,绿农电子记账卖家端,Mini Program,,,农批市场库存管理、记账记录
wxeabe5f1670e8d730,绿发酒店,Mini Program,,,绿发酒店产品预定平台，集成旗下众多高品质酒店资源，旨在为商务出行与休闲旅游人士提供便捷、高效、优质的住宿预订体验。
wxa602d8027198cecb,绿地小火车,Mini Program,,,小火车在成长，在进步，在努力。
wxede289278c9c3d19,绿景佐阾购物中心,Mini Program,,,佐阾是深圳绿景集团潜心打造的首个专注社区邻里商业的购物中心品牌
wx98b969541889a903,绿洲电影院,Mini Program,,,每日影讯，一站式娱乐场所
wx6d977c1d7b083853,绿皮火车旅行助手,Mini Program,,,专为穷游旅行爱好者设计的旅行攻略查询工具，探索绿皮火车能到哪儿，支持一键筛选查询绿皮火车可达车次/车站/省份/景点，列车时刻表查询，实现列车火车旅游目的地查询，火车旅行盲盒随机旅行目的地，轻松规划火车出行旅游路线，并汇集全国5A景点信息。
wxe083e42cc5f0689d,绿皮火车茶礼,Mini Program,,,绿皮火车茶礼小商店
wxca1de8f18bf8ba86,绿茶餐饮,Mini Program,,,创新融合菜 诗酒趁年华绿茶餐厅品牌官方小程序
wx5379a0f906a490ab,绿量运动Pro,Mini Program,,,绿量运动，会员系统
wx7a5a555cbd94c496,编程之钥,Mini Program,,,一站式校园服务助手
wx975b0aa05fc27d08,编程刷题乐园,Mini Program,,,"少儿编程、题库、汇集历年青少年编程题目，有Scratch、C++、python科目，覆盖NOC大赛、蓝桥杯、信奥赛题目，AI编程、机器人开发、人工智能、算法竞赛题库，融入实战项目,算法、游戏、真题案例，简直是新手的刷题神器，案例、程序下载。"
wx26f902cb7acbcc7b,编程刷题学习TurboLab,Mini Program,,,"专注Python/Java/C刷题面试,内置刷题资料，保姆级环境安装、AI代码纠错等。拒绝繁琐资料,一站式开启进阶之路,让码力全速爆发！"
wx10d7e0429b1ef5b2,编程刷题题库,Mini Program,,,"青少年编程与科技特长生培养，白名单赛事,如NOC大赛、蓝桥杯、信奥赛,提供Scratch全阶段课程体系，助力学生掌握编程思维与算法能力，冲刺科技特长生认证，包含历年真题解析·零基础入门课，让孩子们快乐学习图形化编程。"
wx8893e94f883937e2,编程导航,Mini Program,,,做您编程路上的导航员！程序员鱼皮打造的编程学习社区，提供Java、Python、前端等海量免费教程，涵盖项目实战、面试刷题、学习路线、求职攻略。每日精选优质技术文章、真实面经分享，帮百万开发者从入门到进阶。学编程、做项目、找工作，一站搞定！
wx7d40ff2832e44b46,编程教室家长端,Mini Program,,,编程教室家长端！
wx3282dead57304caa,编程教室管理端,Mini Program,,,我的编程教室管理端！
wxa9d88123c53d8f9d,编程消消乐,Mini Program,,,专注青少年编程题库，覆盖Python、C++、Scratch历年真题与智能错题本。提供蓝桥杯、信息学奥赛等编程真题，支持顺序练习、随机刷题、收藏和模拟考试，排行榜、每周雷达图显示、经典小游戏开发案例、是新手入门编程学习与备考的刷题助手。
wx0033f6ea238e305c,编程狮,Mini Program,,,W3Cschool『编程狮』是一款专业的编程入门学习教程App，致力于帮助初学者入门及提升程序员开发效率，目前已提供1000+常见编程语言教程和免费技术文档，涵盖前端开发/Python/Java/PHP等热门编程语言。学编程，从这里开始！
wxfb8301d1a3e6b1e8,编程猫,Mini Program,,,编程猫企业购课福利优惠活动
wx9fea056fba76ce74,编程猫家长,Mini Program,,,本小程序提供家长课程资源、孩子作品展示以及一系列编程知识相关的内容等，给家长带来启发孩子思维与促进孩子健康成长的方法。
wxf14923c8ff9335ec,编程科普工坊,Mini Program,,,专注于为6-16岁孩子提供高质量的编程课程。课程涵盖编程相关的多种语言、多类课程形态，在家中就能接受专业老师的编程指导。
wx0e01e205b1168b09,编程练习本,Mini Program,,,"零基础编程闯关工具,支持 Python、JavaScript、Java、C++、Go 五门语言,进度仅存本机,免费"
wx2486acc0844a0624,编程英语学习笔记,Mini Program,,,提供100课编程英语学习内容，每课包含单词、音标、发音、中文解释和双语例句。
wx379c1bf1763ffc86,编程英雄之路,Mini Program,,,进行学生学习任务积分管理的一款实用工具。
wx94bc2e6c267edecb,缘宿民宿区,Mini Program,,,缘宿民宿，精品公寓出租
wx0f9afb2ba3bdb6a4,缘缘堂婴童母婴,Mini Program,,,提供母婴类产品销售、服务咨询类服务。集销售、服务于一体的一站式母婴平台.
wx1fa577ff4890d2d4,缘虹电影城,Mini Program,,,在线购票、会员卡办卡等服务
wx3eba2266bdb8ce48,缙云微招聘,Mini Program,,,在缙云找工作，用缙云微招聘，缙云本地招聘求职平台
wx32431e4d2e38cc7b,网易云音乐听歌,Mini Program,,,音乐的力量，网易云音乐官方小程序
wx73f31312d56b3ea0,网易办公助手,Mini Program,,,网易办公助手是网易邮箱大师为满足用户收藏的需求推出的小程序，联动网易办公助手的企微号，给用户提供完整便捷的内容收藏体验。
wx957456f850fe83f2,网易跨境支付,Mini Program,,,网易官方跨境收款平台
wxaff80c39c04edad6,网格客户服务助手,Mini Program,,,网格客户服务助手
wx4159f6715a1aaf58,网球地图 Go,Mini Program,,,发现附近的网球场，广州佛山网球场订场
wx3d2be7d1e0d0e6eb,网约车从业助手 资格证考试题库,Mini Program,,,全国各地网约车从业资格证考试题库。
wx080d9ccf2424b3e3,网约车考试通,Mini Program,,,提供道路运输网约车人证刷题，网约车从业资格证模拟练习题库，是网约车司机小助手
wxfffcce81bfa2f5e9,罗浮新闻,Mini Program,,,博罗县融媒体中心综合信息发布平台
wx2eb589800b29e122,罗湖门禁视频,Mini Program,,,罗湖视频门禁平台对居住人员进行实名登记，判别身份证有效性，完成居住申报的居住人员业主审核授权后即可使用手机开门。
wx04af3b71344c5ad3,罗田本地通丨招聘求职,Mini Program,,,罗田招聘、求职，找工作，招人才，靠谱平台-罗田本地通
wxf1bffd1e64dce2c8,罗盘钛合管理系统,Mini Program,,,罗盘钛合酒店管理小程序是罗盘钛合云PMS的辅助工具。用户可以通过小程序浏览房态和报表，它包括了大部分罗盘钛合云PMS的功能。
wxe0f5e87f9820faf2,罗赛塔中英法律句库,Mini Program,,,本句库是最新手机版中英文法律双语例句小程序，具有专业、准确、实用、不停更新和扩展等特点。
wx55f1e873d14b188f,置位科技,Mini Program,,,智能解锁，一触即发！体验数字车钥匙的便捷。
wx0282fbf2cb3384ff,羊城通岭南生活,Mini Program,,,『羊城通岭南生活』是羊城通旗下致力于服务岭南地区用户的出行+生活平台，优选各类高品质产品和便民服务。
wx53fb7eba24a6c75e,羊毛团团母婴馆,Mini Program,,,全球母婴聚集地，涵盖中澳日韩以及欧洲母婴知名好物。
wxfe8a23e413655049,羊爸爸课程积分,Mini Program,,,"用户福利,积分兑换"
wx72c2b8e14e87af64,羊羔摄影工作室,Mini Program,,,两家独栋别墅摄影工作室共1300平
wx52234daf38340347,美中宜和医疗,Mini Program,,,美中宜和为您提供安全、专业、关爱的医疗服务！在线预约就诊、报告查询、在线问诊、健康百科等一站式线上服务，欢迎体验〜
wx52bca54edb36d518,美丽厦门智慧健康,Mini Program,,,提供健康信息查询，卫生信息发布等便民服务。技术支持：厦门市健康医疗大数据中心。
wx98e63e6570424ae6,美亚保险客户服务,Mini Program,,,AIG美亚保险隶属于世界500强企业美国国际集团（AIG），每年为超过百万的中国客户提供保障服务。
wx03d37d7f1b632183,美华沃德医疗AmSinoHealth,Mini Program,,,美华沃德医疗客户服务平台，提供门诊自助预约服务。可以查询相关医院、科室和医生介绍。
wx83353b06653df705,美味不用等 大牌优惠,Mini Program,,,全国热门餐厅，手机取号，在线排队。精确预估等位时间，实时查看排队进度，到号提醒。不等位的吃货神器，美味不用等！
wx67b3ebd13bb8279f,美味菜谱食材大全,Mini Program,,,"提供丰富的菜谱、食谱、菜谱大全,更有菜谱图文视频讲解;学做菜、秀美食,与兴趣相投的好友在美食圈相遇。互联网最大的美食天堂!"
wxde8ac0a21135c07d,美团丨外卖团购特价美食酒店电影,Mini Program,,,美团提供美食、外卖、打车、酒店、旅游、电影、休闲娱乐、KTV、机票、火车票、洗车养车、买菜、骑行等服务，以及消费评价、商家信息查询等功能
wxa70c37c97684511f,美团买药 小团健康管家,Mini Program,,,小团健康管家是美团旗下的AI咨询助手，为您提供健康咨询、用药指导及报告解读等服务，同时连接三甲医生问诊、买药送药上门及健康检测等多项医疗健康服务。
wx30c6c323642b40d5,美团商家保险平台,Mini Program,,,为美团商家提供商家保险产品，提供包括美团商家保险产品的投保、保单查看、理赔等功能
wx2c348cf579062e56,美团外卖丨外卖美食奶茶咖啡水果,Mini Program,,,美团外卖，送啥都快！附近美食、早午晚餐、下午茶、宵夜、中餐、西餐、家常菜、鲜花蛋糕、饮料甜点、生鲜超市、水果蔬菜、便捷支付、30分钟送达
wx51a6a074b3612751,美团外卖智能硬件,Mini Program,,,美团外卖智能硬件管理小程序。
wxa5fa478894a20fdd,美团打车,Mini Program,,,美团旗下网约车平台，提供网约车、顺风车、代驾等服务，价格低、叫车快
wx3d431b446ab7ec2a,美团机票火车票,Mini Program,,,美团一站式购买机票、火车票。实时查询航班与列车信息，多种座位/舱位可选，支持在线选座、出行提醒，让每一次出行都简单便捷。
wxc147016e2b3bf9d6,美团民宿丨公寓客栈短租预订,Mini Program,,,美团民宿，住得不一样！全国超80万民宿、公寓、客栈、别墅预订，提供短租、农家乐、聚会轰趴等服务，更有超多网红民宿和品牌民宿等你来！
wx9ae1140ca8f5e353,美团直播,Mini Program,,,美团直播官方小程序，来美团看直播，享受更多优惠！
wx7649daed8f2335c4,美团酒店+,Mini Program,,,美团酒店，酒店折扣优惠预订专家，无论情侣、家庭、度假或商务出行，都能为你提供最具性价比的高品质多类型酒店预订服务。
wx5e3952bcb1a9385b,美团酒店店内服务,Mini Program,,,美团酒店为酒店经营者与消费者提供店内服务。
wx8eaa2340fa215b13,美团酒店管理系统,Mini Program,,,美团酒店管理系统，助力酒店高效管理，提升营业收入。包含经营数据、消息审批、房态管理、房类预测等功能。
wx738eefe9c07eecbd,美团餐饮订座,Mini Program,,,为餐厅提供小程序邀请函查看等功能。
wx567a627339efe402,美女壁纸图片集大全,Mini Program,,,"美女,美女图片,美女壁纸,清纯美女,甜美美女,乖巧美女,性感美女,冷艳美女,御姐美女,气质美女,财经博主美女,网红美女,美女性感写真,美女私房照片,美女小姐姐写真,丝袜美腿美女,比基尼美女,美女视频,校花,4k,8k,AI美女,渣男壁纸"
wx2584747fea15c00f,美宜佳&咖啡,Mini Program,,,好奶好咖啡
wx16ab4edb9bff52cd,美宿美洁 民宿保洁,Mini Program,,,专业的民宿保洁
wxf460fc47e29a7410,美尔食餐饮服务部,Mini Program,,,美尔食餐饮服务部
wxa1b1f1fe3051de10,美帅跑步打卡程序,Mini Program,,,美帅团打卡用的小程序，方便会员打卡
wx8276abe77f1b1b61,美年大健康,Mini Program,,,官方认证小程序，从套餐购买、体检预约、报告查询到健康管理，一站式为您提供专业的体检服务。
wxacfb582bb0594378,美森MisonMath-新加Po数学思维,Mini Program,,,新加坡数学，美森MisonMath数学，新加坡CPA教学法，中国数学深度融合，美国数学灵活思维，幼升小思维逻辑，儿童数学思维训练，系统性数学思维，小学数学思维课，初中数学思维课，在线数学思维课，逻辑思维锻炼，数学思维启蒙，免费领1节体验课
wxfec2596b16d3f0ef,美涂士发票夹,Mini Program,,,美涂士发票管理
wx978afdf46808e770,美牛科技拓客 CRM,Mini Program,,,鲜牛肉直销系统
wx86a73e5cbbe60173,美琳达母婴服务中心,Mini Program,,,大连高奢母婴护理品牌。
wx78029d944699adcb,美的门店会员管理,Mini Program,,,在这里可以管理和查看你的门店会员
wxe77b60a638ae6d75,美素佳儿会员服务,Mini Program,,,用于美素佳儿赠品兑换及物流状态查询
wxfe660f406f162986,美联M.PARK购物中心,Mini Program,,,主要用于美联商管租户异业核销业务场景
wx0718506093065a0d,美芽相机,Mini Program,,,制作AI写真照片，体验多种AI玩法！让你的照片刷爆朋友圈！
wxeb76aeb65b72fed7,美菜商城,Mini Program,,,美菜，专注为全国近千万餐厅、蔬菜店铺和家庭，提供一站式、全品类、全程无忧的农产品采购服务，让天下的餐厅没有难做的生意，家家户户吃上放心菜。
wxd239e3b34539eb7b,美鑫医疗,Mini Program,,,金牌护士护理上门，在线轻松预约居家护理、就医陪诊、上门检测、康复治疗等服务，让您在家就能获得专业医护人员上门提供的医护服务！
wxe983d90fe7386127,美食做饭日记,Mini Program,,,一起来做好吃的美食吧！体验各种美食制作的过程中所用得食材和配料，手把手教会你制作每道美食！
wx89e7b5d8b2f9d88a,美食吃播挑战,Mini Program,,,两位玩家各自操作，比拼吃播速度和人气
wx1a3d67e2d5039a3a,美食塔跑酷,Mini Program,,,#罗布乐思美食塔跑酷#罗布乐思#美食塔跑酷，美食高塔罗布乐思主题跑酷闯关游戏
wx2bb7258eddb95444,美食大乐斗,Mini Program,,,《美食大乐斗》不只是合成类休闲游戏，更是一段关于希望、重生与互助的温暖故事。亲手修缮破旧房屋，陪伴角色重拾笑容，打造梦想餐厅，点燃希望，共赴温馨治愈的家园冒险。
wx30c6cad91985944a,美食大派对,Mini Program,,,我在火锅店卖串串
wxe345ce9de63a222d,美食天下+,Mini Program,,,全面而智能的美食菜谱大全、健康分享、美食专题推荐，做您随时随地的手机美食顾问。吃好饭，做好菜——美食天下，让吃更美好！
wx2290598ce591e3d5,美食家微餐厅,Mini Program,,,美食家云产品 —— 美食家微客宝小程序，提供美食家云相关会员功能及服务
wx87761f70debc3bbe,美食家管家,Mini Program,,,美食家店小宝小程序可以帮助商户随时随地实时查看店铺经营数据。
wx7c3c60c0aeadcc35,美食小当家,Mini Program,,,探索全球美食，开启餐厅经营传奇！福利多多！
wxdc1c59676a581f5a,美食手札,Mini Program,,,《美食手札》是一款合成消除类休闲游戏，玩家建造餐厅，收集各类食谱，制作超火的沙威玛美食，探索每位顾客背后的故事，快来和我一起完成属于你的美食手札吧~
wx135c16292d474843,美食林会员,Mini Program,,,美食林会员小程序，为你提供便捷的会员服务和购物体验！
wxe6ab49563d9ff571,美食烹饪家,Mini Program,,,烹饪世界各地的美味佳肴！休闲模拟经营游戏。快来体验制作美食的快乐，学会时间的搭配利用，招待各式各样的顾客，赚取盆满钵满！
wx412a20ffb8907816,美食登机牌pro,Mini Program,,,餐饮店面线上点餐平台，可支持扫码点餐、到店自提取餐。
wxb9a21b907e7d7b12,美食经营大师,Mini Program,,,走向人生巅峰，全靠这家披萨店！
wx7533197966918eb1,美食美客智慧食堂,Mini Program,,,欢迎光临晋州营养餐。
wx885239ef0a2c1b9d,美食达优选,Mini Program,,,生活有我，轻松一点。外卖跑腿就找 美食达优选
wx67cbfe3f4e196d8c,群众药店A,Mini Program,,,欢迎大家关注
wxd7ef2badc2997089,群光线上商城,Mini Program,,,群光广场线上商城 ，集购物、积分兑礼、储值卡售卖、服务预约、活动报名、发票开具、投诉通道等一体化平台。电话：028-66665858
wxc69bf3a76570f886,群图片收集,Mini Program,,,图片照片收集小程序，支持健康码行程码收集接龙，支持图片/照片/截图/文件收集打包，收集健康码行程码，健康码收集，行程码收集小程序
wxf64cfe83a4c1cc5b,群照片收集,Mini Program,,,群照片收集，照片收集，图片收集，图片收集，文件收集，收集照片，收集图片，群相册，照片收集表，图片收集表，截图照片收集，作业收集，截图收集，交作业，交作业助手，作业收集，收集管家，接龙打卡助手，图片收集工具，群收集，文件照片收集
wxc8d29232cd3cea72,群相册云服务,Mini Program,,,群相册新版不停服🔥群相册成员间的共享照片视频与永久免费存储。❤️优势：分类管理｜多群共享群相册｜群外分享｜原图保存｜电脑大批量上传｜点赞评论互动等等，适合班级、家长、家族、客户、公司、朋友等相册群使用。快来发现！
wx4c1f69929ed99bac,群相册服务工具,Mini Program,,,群相册服务工具是【群相册服务】原团队全新力作，致力于为您提供更好的免费存储和分享照片视频的体验。支持原图存储、快速检索、智能分类和互动点赞评论等功能，更有强大的web端管理界面，为班级、家庭、商务、社区、拼团等多样场景提供群相册服务。
wx973ff36213ef02ca,群雄助手,Mini Program,,,群雄逐鹿交流
wxc399be369158fce8,羽小蜜运动,Mini Program,,,羽毛球报名工具，用于群内报名，帮助组织者管理活动、人数、余额等功能
wx7cf4d45a562dd696,羽香小说,Mini Program,,,本小程序拥有海量独家高质内容，为用户提供优质的小说阅读服务。
wx05af8ba6545e66c0,翁源政务服务,Mini Program,,,翁源县政务服务中心官方账号，主要进行服务办事咨询、预约等功能
wx653c2ea4319ab497,翔云发票上报助手,Mini Program,,,渠道扫码系统发票数据上报小助手
wx7240109e0793cde1,翔孚快享充客户端,Mini Program,,,翔孚快享充运营管理后台，实时监控设备、处理工单、对账营收，一站式智慧管理充电场站。
wxc896a3f98bd6802f,翘猩猩24h自助健身,Mini Program,,,自律让你自由，在这里让500万健身爱好者一起成长
wx1c4a70bbdfaa2029,翼支付商城,Mini Program,,,翼支付小程序，为用户提供“好商品”、“好价格”、“好服务”的购物体验，打造用户优惠，商家实惠的数字生活体验
wx23f958c728f4bb66,老乡鸡企业团餐,Mini Program,,,老乡鸡企业团餐小程序是安徽老乡鸡餐饮有限公司推出的官方线上服务平台，致力于为B端客户提供便捷的点餐、外卖、预定等服务。
wx1be52081d86395d3,老兵餐饮常熟分公司,Mini Program,,,用于餐厅订餐服务
wx9cfe9e45d718340d,老味实厨菜谱,Mini Program,,,地道老味道硬核教学！八大菜系、酒席硬菜、地方特色小吃，老师傅拆解火候、调味秘方，避开烹饪踩坑点，在家做出饭店水准。
wx9ce24e136f4272ce,老味道祖传菜谱大全,Mini Program,,,祖传菜谱大全，汇集中华传统美食、家常菜谱、家庭食谱和特色菜做法。精选经典菜谱、营养食谱、美食教程，涵盖炒菜、炖汤、小吃、早餐等多种做法。简单易学，传承老味道，让每个家庭轻松学做菜，发现更多健康美味。
wx58cb402db1e94bb7,老好看视频,Mini Program,,,这里有一群热爱影视、旅行、舞蹈、音乐、美食的人们，用视频分享他们的精彩生活。
wx46a962e1d8d404d7,老年阅读社,Mini Program,,,每天分享精彩内容，传递生活正能量！
wx335c9934f9503b3f,老疯杨商城,Mini Program,,,老疯杨天兴桥会员服务
wxb81c079f1bdcc020,老百姓健康药房,Mini Program,,,一切为了老百姓！
wx4f36db149ed6ae62,老百姓大药房 健康送药到家,Mini Program,,,⭐⭐⭐⭐⭐【老百姓大药房官方】少花钱，买对药！全国22省10000+门店，30分钟极速达，药师在线问诊，商城全国配送。
wx7baf611d75de3722,老穆跑步配速小工具,Mini Program,,,配速计算器、跑步能力评估、个人赛程管理
wx7c17072d5a395acd,老耶美食地图,Mini Program,,,老耶美食地图聚合了耶叔的美食足迹，供广大吃货们参考!
wx4910a9ad132243ce,老豆米健身,Mini Program,,,老豆米无人健身小程序
wxb2a125cd2f7957af,老鹰外卖,Mini Program,,,老鹰外卖小程序
wx7303abb12bf8f14a,考勤打卡小工具,Mini Program,,,考勤打卡、扫码签到、二维码签到、位置签到、班级签到、考勤签到、会议签到、群签到、自定义日期签到、法定日期签到、循环签到、WIFI签到
wx3d237e33724f3d6b,考勤水印相机,Mini Program,,,"考勤水印相机,拍照自动添加时间、地点的水印相机,打卡考勤相机,自动添加时间水印、地点水印的相机,不用下载就能用的水印相机。"
wx55e2efac8b714cfb,考勤相机丨时间地点打卡,Mini Program,,,免费安全的考勤打卡相机、一图一码、考勤签到拍照、连续打卡记录、一键导出打卡记录、考勤日历、学习打卡、工作打卡、旅游打卡、水印相机
wxadff356a27caf7f1,考勤相机时间准鸭,Mini Program,,,水印相机考勤神器，免费水印相机，今日时间地点水印相机，拍照考勤相机，工程劳务打卡相机，拍照打卡真实时间地点定位，实时水印防篡改
wx36d4b3278a3c8e56,考研数学欧几里得,Mini Program,,,备考第一步，解析不跳步！一款服务于所有自学考研党的考研数学产品
wxba9203b5ba841e03,考试100题库,Mini Program,,,快来考试100刷题吧！每日一练，轻松过二建！ 拥有医学类和建工类海量题库，让你全方位学习一次拿证！
wxf3c1eb2c335073db,考试云平台,Mini Program,,,考试云用户参加考试、练习、课程、培训等服务的小程序登录入口。考试云-在线考试系统云平台，让考试更简单。
wx10b4ac8a18076154,考试宝,Mini Program,,,考试宝专注职业资格考试题库，支持在线刷题、自主导题导入题库、拍照搜题找答案，汇集会计/公务员/事业单位/计算机等级/医护等历年真题与模拟试题，提供高效刷题错题整理等功能，一站满足职业考试备考学习。
wx3c1dfb553c07e5c1,考试宝企业版,Mini Program,,,考试宝企业版，专为企业定制专属考试培训练习APP，方便进行学员管理，学习进度管理，企业组织管理培训必备。
wxd81a929a01f523a3,考试宝典每日一练,Mini Program,,,考试宝典每日一练是一款备考辅助工具，通过每日练习的方式提高分数。
wx2aa17d838e771ec4,考试客学员版,Mini Program,,,提供在线考试、电子证书、报名、课程等服务
wxc83989e800ee0b5f,考试小助手,Mini Program,,,考试宝典，刷题神器，组织考试，AI题库制作。自由创建考试，创建题库，创建群组，刷题练习，题库分享。免费帮忙制作题库。自动记录错题，收藏题目。考试组卷出题功能已开放，不限考试人数。
wxf37690b542a3b72d,考试星,Mini Program,,,该小程序为用户提供考试、课程、报名、证书等等学习培训类服务。
wx59305778e5f4f52b,考试王,Mini Program,,,九大员精准题库，建安ABC精准题库，交安ABC题库，水安ABC题库，八大员精准题库，建安题库，交安题库，九大员题库，八大员题库。
wxefe79668e1a24c2c,考试知己云播,Mini Program,,,卫生资格考试在线课堂，好老师，好课程，好考过~
wx376d447b194d6dd9,考试知己在线讲堂,Mini Program,,,卫生资格考试在线课堂，好老师，好课堂，好考过！
wx850d74e64e45e9f0,考试证件照Pro,Mini Program,,,专业证件照制作，含寸照，教资、英语四六级、公考、考研、成考、自考、计算机等考试证件照以及签证照片，支持换装美颜，各类考试资料下载。
wx12a61960734f343f,考试通,Mini Program,,,在线刷题|在线考试|严肃考试|多种试题|万人同考|防作弊|私有化部署|定制小程序APP，适用于企业培训、培训机构、学校考核。
wx2a90e80c681a4228,考试题库宝,Mini Program,,,考试题库宝刷题考证，建筑工程师、会计审计税务统计、经济师银行基金期货证券、职业资格考试、社工法律导游演出、教师资格证、公考文职辅警、执业医师药师护士兽医、技能等级证、特种作业安全，造价咨询监理消防环境城乡测绘考试备考题库大全，让考试更简单。
wxdc8e1a2f489d84a5,者远导航,Mini Program,,,账号管理平台
wx6fa4070de4aacec5,聊城五洲大药店,Mini Program,,,五洲大药店小程序：足不出户，方便顾客线上购药，便捷、省心！五洲大药店 为您的健康保驾护航！
wxebebaee0c6a0df76,聊城市文旅集团办公管理系统,Mini Program,,,聊城市文旅集团内部办公流程审批小程序，包含:报销、请假、用印、用车申请和审批；内部业务流程申请、审批。
wxf240b51bf0e9a540,职业技能课程资源平台,Mini Program,,,全国职业技能课程资源平台是综合性的在线学习平台。平台课程涵盖考级考证，职业技能，学历提升等精品程。
wxcbd5f6fa6ffcdb80,职工之家健康运动,Mini Program,,,涵盖健步、跑步、骑行、八段锦、力量、拉伸等多种运动，提供专项训练、运动搭子等功能，助力职工科学健身、增强体质。
wx3de10619068a0246,职豚求职,Mini Program,,,职豚求职，您身边的刷题神器！笔试题库丨求职资讯丨定制服务致力于帮助社招/校招应届生，职场人提升求职效率，提供一站式解决方案！
wx326838eb5b1cee3a,联农集配客户端,Mini Program,,,联农集配，水果蔬菜标品代采平台
wx707fd09cc6953019,联勤保障部队第904医院-客户端,Mini Program,,,中国人民解放军联勤保障部队第九〇四医院就诊平台。
wxf1628508a6192079,联合国儿童基金会官方公益店铺,Mini Program,,,联合国儿童基金会官方公益店(Inspired Gifts)是一个帮助全球困境儿童的项目。购买爱心礼物，直接帮助儿童，传递爱心给家人朋友。
wx47fbbc2f89709e44,联想儿童手表,Mini Program,,,联想儿童手表小程序，提供智能定位、实时通讯、安全区域提醒等功能。家长可实时关注孩子动态，守护儿童安全成长。
wxbe597fc0438b93a9,联想服务,Mini Program,,,联想官方服务想帮帮，为您提供保修&配置查询、身边网点查询、预约门店维修等各项服务。
wx3b53a35ed36c050f,联通视频彩铃,Mini Program,,,中国联通视频彩铃，超高清优质视频一键为视频彩铃，让通话等待看得见。
wx94bdd3759e7499bf,聚优商城,Mini Program,,,聚优福利，为企业及工会提供标准化和定制化福利解决方案，择优整合垂直供应，致力于让员工因福利关爱更幸福。
wx5d1c1b3649841824,聚合云服务端2,Mini Program,,,为商户提供定制化交易服务解决方案
wxe113e14f775b538b,聚合服务云平台,Mini Program,,,为商户提供定制化交易服务解决方案
wxe9d1a81d6bfe1e57,聚山海享沏咔饮品店,Mini Program,,,聚山海享沏咔饮品店点单小程序
wxaee20790016fe8b0,聚慧CRM,Mini Program,,,本平台是专为 B 端业务打造的数字化代下单系统，深度融合 CRM 与订单模块。确保生产指令合规。全面提升供应链协同效率。
wx11af4a9056a76ba1,聚橙票务 演出音乐剧话剧儿童剧,Mini Program,,,聚橙票务，专业的演出票务平台！提供演唱会、音乐剧、话剧戏曲、舞台剧、音乐会、儿童亲子、展览门票等品类的一站式演出购票消费服务
wx9d89c3237b015726,聚米保险柜,Mini Program,,,聚米保险柜，一站式家庭保单托管服务
wxb06694de901ef39c,聪明口袋AI科学相机,Mini Program,,,"📸 AI科学相机开创者｜AI时代「科学启蒙」新标杆
📚《十万个为什么》权威IP独家授权，答案超靠谱
🎓 会引导的AI科学助教｜不直给答案，更启发思考
🦊 AI时代娃的科普成长伙伴，冲鸭！"
wx04cf5dc44752a6cf,肇庆市合利娱乐有限公司,Mini Program,,,\u4e3a\u5927\u5bb6\u670d\u52a1
wx4f344ba168186bdd,肇庆市商务技工学校,Mini Program,,,《在线报名缴费系统》面向校园提供一站式的报名、缴费、查询、票据等服务。
wx484645b67bce205a,肇庆市科技中等职业学校,Mini Program,,,一码在手，校园畅游~
wx9c7ec4cec978e76e,肇庆市第一中学教育集团,Mini Program,,,肇庆市第一中学教育集团
wx2e291d31a7d8da92,肇庆理工中等职业学校云平台,Mini Program,,,数字化校园
wx30df39e49472999a,肉团生活家,Mini Program,,,肉团生活家是一家社交电商团购平台。在肉团，购物省心—品质可靠、设计出众、价格具备竞争力；更让人放心—完善的售后体系保障。同时重视用户声音，持续优化产品。持续践行“选肉团，我放心”的品牌理念，让每一次选择都成为信赖与安心的承诺。
wx7c044d6dec009f50,股之道服务,Mini Program,,,在直播信息重构与社交连接的时代，天马直播以 “打破边界，让精彩触手可及” 为核心理念，为老师与学员搭建跨越时空的交流桥梁。
wx75e325e193069d3d,股掌柜APP,Mini Program,,,股掌柜证券投资咨询有限公司旗下股掌柜APP小程序，用于提供资讯、投顾等服务。
wx94ee2e0ee8d28adf,股涨啦中讯,Mini Program,,,用于公司形象宣传，课程产品介绍售卖、向用户提供服务，接收投诉建议。
wx5e8b314c0c3e2343,股牛牛股票,Mini Program,,,最全股市热点题材库及行业上下游优质股票，题材库选股，提示买卖点辅助炒股，24小时免费诊股的看盘小工具。
wxff0efff068824580,股票主升训练营,Mini Program,,,跟踪主力动向，挖掘资金主线；交流掘金方法，提升投资能力；进入班级，用工具、学方法、有陪伴。
wxd95e89d3945c62f8,股票索赔-上海明伦律师,Mini Program,,,股民维权一站式入口，股票索赔条件实时更新，成功案例分享，执业律师把关。
wx37dcfc2cfcc02a1a,股票索赔刘巧玉律师团队,Mini Program,,,本平台由北京共腾律师事务所刘巧玉律师打造，可快速查询个股索赔资格、维权流程。刘巧玉律师团队可助力受损投资者依法追回损失，欢迎委托。
wx719fc8f46da381ff,股票索赔杨斌律师团队,Mini Program,,,杨斌律师团队，专注股票索赔业务之虚假陈述案件，以全风险代理模式帮助证券投资者0风险捍卫自己的权益；自19年成立以来，已成功挽损过亿元；现面向全国全网征集股票索赔信息。
wx0020c0f7052199b1,肤迹相机,Mini Program,,,预防压力性损伤小程序
wx4d40df4c700909c3,肥家食堂甜品饮品小吃,Mini Program,,,肥家食堂甜品饮品小吃，地址：梅州市丰顺县汤坑镇新世纪工程市政大道M块24-25号。
wxd2901d992defc4a9,肥鹅美食街,Mini Program,,,欢迎光临肥鹅美食街！酸甜苦辣咸，哪一味才是生活本味？今天就来掌厨，合合合不停，邂逅Q萌肥鹅客人！
wx08ee7f7d36a2eff8,肯德基+,Mini Program,,,提供会员更多品牌优惠资讯。更多WOW会员互动体验、亲子互动等你来。来肯悦咖啡，立享创意好咖啡无门槛优惠8.8元，更有网红巨大的蛋挞！来KPRO，立享29.9元均衡美味能量轻食！
wx79b06578038e93f1,肯悦咖啡KCOFFEE,Mini Program,,,肯德基旗下独立咖啡品牌，采用IIAC金奖咖啡豆，丰富的咖啡搭配热食早餐与特色蛋挞之神，咖啡天天9.9元起，每一杯都是创意大咖！
wx739ff99eff62da19,育丽母婴团购平台,Mini Program,,,做宝妈们选店选商品的攻略好帮手！
wxaf3bc294688fc78c,背单词英语神器,Mini Program,,,背单词英语神器小程序，覆盖小学，初中，高中到雅思托福8000+词汇，一个入口满足全学段需求！独创「学-读-练-拼-默」五步闭环法，搭配英音/美音切换、自然拼读拆解，科学对抗遗忘。更有艾宾浩斯记忆法+智能复习提醒，让背词效率翻倍
wx6ece8967e5259235,胖丁旅游,Mini Program,,,旅游、酒店、餐饮、特产、文创、等多功能综合性休闲旅游平台
wx4564403a7ce5cdcc,胖东来电器线上购物,Mini Program,,,主要经营家用电器、手机、电脑、数码摄器材、健身器材、车载用品、中央空调
wx52cfa5fc8d32a43d,胖乖生活,Mini Program,,,企鹅共享服务为用户提供专业的自助洗衣、饮水、淋浴、充电桩等生活服务。
wx44fb1c461bd7ff10,胖哥哥官方微商城,Mini Program,,,胖哥哥大码男装微商城，给胖哥哥至尊VIP最低折扣享受，限量新品5折/秒杀/节日特惠/充值有礼等专享活动
wxe696d9785915f8f2,胖揍小木偶,Mini Program,,,胖揍小木偶，经典解压的狂扁小妖怪游戏，好玩烧脑暴打木偶人整蛊小游戏！
wx0cb00674cc4467d6,胜利饭店酒店会员,Mini Program,,,此程序用于微生活系统通过小程序发送券
wx2422ab0ba50e5eda,胜王瑜伽普拉提,Mini Program,,,会员预约中心
wx3ed656025c3346cd,胡桃书单,Mini Program,,,热门网络小说，任你挑选阅读~
wx0eabab37ff7757f5,胡满楼智慧娱乐空间,Mini Program,,,胡满楼·24小时自助棋牌娱乐共享空间，以物联网科技加持，打造时尚、科技、舒适的自助娱乐模式。
wx91330c7f37a4e038,胡闹饭搭子 今天吃什么 diy菜谱,Mini Program,,,今天吃什么？不知道早餐、午餐、晚餐吃啥？胡闹饭搭子帮你推荐家常菜、每日菜谱和晚餐搭配灵感，收藏喜欢的菜，和家人朋友一起安排下一顿饭，轻松解决每天吃什么的问题。
wx27ddaf3e8afd95bb,脉招招丨招聘求职找工作,Mini Program,,,求职招聘找工作，骑手餐饮招工找活一站式平台！真岗位，快匹配！脉招招提供全国24000+真实蓝领优质岗位，普工服务员配送分拣日结周结月结兼职全职多种好岗，多种选择智能匹配，一键开启你身边的好岗位！
wxb8e17ec33762be9f,脸谱度假丨小院别墅民宿预订,Mini Program,,,脸谱度假别墅100套北京高端别墅和民宿，随时为您提供服务，特色榜单：轰趴别墅、乡野民宿、适用于5-100人公司团建、家庭聚会等！
wxc216bfded475c384,腾势汽车,Mini Program,,,腾势汽车官方小程序，开启不凡新势界。最新资讯、看车购车、多彩社区、车主权益等，引领智慧美好车生活。
wx907c65e5e107ddcf,腾讯WorkBuddy,Mini Program,,,全新混元 Hy4 preview 已上线，快来用 WorkBuddy 极速体验吧 🚀
wxf2857905976aa046,腾讯云发票助手,Mini Program,,,助力再生资源企业实现交易即开票、自动算税缴税一体化，并提供批量订单处理及财税合规风控，打造无缝衔接的回收业财闭环服务。
wxa4f01a7840114ce7,腾讯云发票管家,Mini Program,,,为自然人提供一站式发票与订单解决方案，支持订单管理、算税缴税、多渠道收款、电子发票开具及退税等业务全流程线上化。
wx0bc2c17d023b213d,腾讯企业邮箱,Mini Program,,,企业邮箱的小程序，提供邮件提醒和收发功能。
wxb032bc789053daf4,腾讯健康,Mini Program,,,你的随身医疗健康助手，为你提供电子医保卡、健康卡、挂号、医生咨询、体检、疫苗、购药、经期、疾病科普、健康档案、饮食运动等专业健康管理服务
wxb2b258a2a3eca58a,腾讯健康系统,Mini Program,,,健康系统，可在小程序内查询游戏内受到的防沉迷相关的信息，如游戏实名，健康系统受限情况等
wx05551c5ee1fd1c12,腾讯健康药箱,Mini Program,,,为用户提供药品器械产品基础信息、追溯信息、说明书、用药知识等信息查询服务，以及用药提醒、用药管理、健康记录等健康服务。互联网药品信息服务资格证书编号：（粤）-非经营性-2023-0186
wx65cc950f42e8fff1,腾讯出行服务丨打车拼车腾讯地图,Mini Program,,,一站式出行服务平台，提供打车（一键呼叫13家网约车，可比价叫车快）、顺风车、拉货搬家、跑腿、快递、代驾、加油、租车、汽车票、火车票、机票等多种出行服务。 在境外提供打车、租车、包车、接送机等服务，覆盖泰国、新加坡、马来西亚、日本、韩国等多地
wx7643d5f831302ab0,腾讯地图,Mini Program,,,为你提供查路线、公交、步行、驾车导航方案，以及搜周边地点信息的全功能服务。
wxc9641e92eb55062a,腾讯地图商户中心,Mini Program,,,为腾讯地图商户提供入驻认领、地点管理、旺店权益、变更通知等地图官方服务。
wx0db0304107fa8d04,腾讯天气,Mini Program,,,腾讯天气，包含天气实况、天气预报、生活服务等，为您提供最好的气象信息服务。
wx06a561655ab8f5b2,腾讯微保,Mini Program,,,腾讯官方保险代理平台，携手国内知名保险公司，为用户提供便捷、专业的保险服务。
wx4eff699c2e813ab6,腾讯微证券,Mini Program,,,腾讯官方出品，提供专业股票行情、实时股市提醒、联合券商提供便捷开户交易等炒股服务，助力乐享金融投资的美好。
wxb10c47503e8c8e01,腾讯新闻,Mini Program,,,腾讯新闻是一款7×24小时、全方位、及时报道的新闻产品，为用户提供高效、优质的资讯服务。
wxe6da1d45abcd3200,腾讯新闻车机版,Mini Program,,,腾讯新闻车机版是一款专为车载环境设计的新闻资讯应用，旨在为驾驶者和乘客在行车过程中提供实时、丰富的新闻资讯服务。
wx9ad6cad70a574471,腾讯未成年人家长服务平台,Mini Program,,,为家长提供未成年人网络沉迷及网络消费管控方案，帮助家长管理游戏帐号，同时提供教育互享的沟通社区，关爱孩子成长，引导健康上网。
wx2f7fda52d8d031ee,腾讯桌球,Mini Program,,,国民经典桌球游戏全新上线，免下载马上玩！
wxd0e404d795ea6f80,腾讯欢乐斗地主,Mini Program,,,欢乐斗地主、掼蛋、跑得快、好友房免费玩！
wxcc8a51267886fec4,腾讯理财通,Mini Program,,,腾讯官方理财平台，提供活期理财、稳健理财、基金等产品，近万只基金任你挑；提供定投、排行等工具，及估值、行情、指数等信息，安全专业。
wx4ffb369b6881ee5e,腾讯自选股,Mini Program,,,腾讯官方出品股票证券小程序，涵盖沪深A股、港股、美股全市场实时行情，为你提供专业看盘炒股服务。
wxa75efa648b60994b,腾讯视频,Mini Program,,,腾讯视频小程序是一款内容丰富的移动视频播放应用，电视剧、综艺、电影大片等海量内容等你来看。
wx8d4fa2e72a27aab4,腾讯视频GOODS,Mini Program,,,官方好物 火热上新
wxd6ace5d77fe3d361,腾讯音乐人,Mini Program,,,音乐人官方小程序，为音乐人提供入驻、作品上传、播放数据查看、收入查看与提现、粉丝画像分析等服务。
wx0950155e48384fd8,腿腿食养8号店,Mini Program,,,食品餐饮
wx3ba3905257a29276,膳食岛 食谱规划采购助手,Mini Program,,,收录84个国家卫健委食谱示例，修改菜品、绑定日期、多餐规划、备注烹饪步骤、合并食材清单。你的专属领地，让每一餐都有方向。
wx931529ee7300e4ff,自助废品回收机客户端,Mini Program,,,【 小区 | 现金 | 自助 | 收废品 】 自助废品回收机【新型互联网+再生资源回收模式】
wx8034ff6b2ab33a9e,自助智能校园,Mini Program,,,校园内自助洗衣、自助烘干、自助洗鞋、自助咖啡、自助云打印、自助回收等相关自助业务
wx3320034df9946aba,自在天气,Mini Program,,,冷暖自知，自在天气
wx933b7e8535ba8865,自学帮课程兑换,Mini Program,,,自学帮课程兑换专用。自学帮-人性化、有温度的学习平台
wxdb6a920c667f60b7,自学考试题库吧,Mini Program,,,"自考题库,工商管理,行政管理,会计,金融,市场营销,财务管理,人力资源管理,法律,学前教育,汉语文学,护理学,计算机,教育管理"
wxf3bbd5fe280e863f,自定义科技智能办公管理系统,Mini Program,,,自定义科技智能办公管理系统整合考勤打卡、外出签到、项目管理、费用报销等功能于一体，帮助企业高效管理，让人事财务更轻松。
wxded7ee0a575e722b,自律侠共享健身,Mini Program,,,自律侠，24小时健身，月付制，自由教练0抽佣
wx6647914fd3e25dc6,自游哥民宿臻选,Mini Program,,,促进物业管理行业的有序平稳发展，为改善人居环境、强化城市管理、建设和谐社会提供助力。
wx865d28ef41a4e6cb,自由饮品烘焙,Mini Program,,,点单程序
wx7ee138d6dafaa021,自贡四院南湖院内导航,Mini Program,,,基于物联网及定位信标实现院内导航导诊服务，患者通过手机终端进入医院平面图，输入目标位置后，系统可实时为患者提供导航服务。
wx0506da71bfd12a2c,自贡市政务服务便民热线办理端,Mini Program,,,此小程序为自贡市12345热线管理中心办件小程序
wxb04d9afa03cc480f,自贡市法务中心网上法律服务平台,Mini Program,,,自贡市法务中心网上法律服务平台
wx421093732c3f8875,自贡汽车客运总站,Mini Program,,,车票销售，预约
wx4da430ba639fae9b,自选股票通,Mini Program,,,自选股票通，助力投资更轻松
wx825724f503270e78,臭猫地铁俱乐部,Mini Program,,,地铁护航电竞俱乐部点单入口！服务堪比：臭猫电竞，Do电竞，大山电竞，冰刃俱乐部，KEG电竞俱乐部，受着俱乐部，狙王电竞俱乐部
wxa5cb438c9f837739,至膳餐饮服务,Mini Program,,,中山至膳餐饮服务有限公司，成立于2018年，位于广东省中山市，是一家以从事餐饮业为主的服务型企业。
wx170c7d073f8ffcaa,致亮科技,Mini Program,,,加油站相关业务
wx5ca38da54793bcbe,致信智慧教育平台,Mini Program,,,"致信智慧校园平台为教学管理、家校互动提供信息化支撑，平台基于""一中心、两平台、多角色应用空间""的理念，适用于各级应用场景。"
wx13951ed3fabad005,致医云药房+,Mini Program,,,致医云药房+，药店经营和管理业务工具，帮助药店解决移动场景的业务需求，提升经营效率和使用体验
wxaacd71b6fd05dedd,致胜赛事,Mini Program,,,致胜体育，提供赛事直播、数据统计、球队管理等服务，打造便捷高效的体育赛事体验。支持职业和业余赛事，让每场比赛都精彩纷呈。
wx87d30f454ef244c3,致诚汽车钥匙匹配编程监控安防,Mini Program,,,附近开锁电话，重庆开锁，重庆换锁，车钥匙匹配，车钥匙解码，玻璃门指纹锁，室内门指纹锁，防盗门指纹锁，汽车开锁，监控安装调试，保险柜开锁，门禁安装调试，液晶钥匙改装，道闸系统安装调试。
wx745fee8dad7b39b6,致远尚都出行,Mini Program,,,尚都出行志在为区域内客户带来便利的出行方式，手机扫码即可轻松助力生活，为广大人民群众带来便利。
wx800eec948f2848c5,臻呼吸睡眠管理平台,Mini Program,,,慢病管理平台
wx422b61bd02c13fad,臻美瑜伽形象管理,Mini Program,,,臻美瑜伽形象管理
wx67c509475d826b28,舂姑娘美食,Mini Program,,,用于点餐系统
wxb65ec2ad8d7ba52c,舌尖校园外卖,Mini Program,,,舌尖校园外卖，校园外卖，服务学生。
wx62f6bc5e6312e469,舒康美静音睡眠,Mini Program,,,舒康美静音睡眠是舒康美家居集团旗下品牌，主打以静音为核心定位的卧房空间产品，致力于为广大消费者提供更加静致的睡眠服务享受
wxec324ac3aa99d8a8,舞侠舞厅地图,Mini Program,,,舞厅营业状态和地址导航，成都、西安、长沙、重庆等热门城市舞图图，舞厅风云榜，砂舞，莎舞，莎莎舞，莎砂舞，砂莎舞，舞夜精灵，舞夜助手，舞查查，哈哈探店，黑色角落，舞厅百事通，跳舞计时器，歌舞厅
wxb07d584b27d35ae9,舞钢市人民医院智慧医疗,Mini Program,,,舞钢市人民医院为您的健康保驾护航
wx79f796081b01b0e1,舞铺课程预告,Mini Program,,,潮舞培训基地
wxa590199c24b96772,舟山交通,Mini Program,,,舟山官方公益出行平台，全域覆盖定海、普陀、岱山及嵊泗。提供进出舟汽车班线，以及普陀山、洛迦山、东极岛、花鸟岛、嵊山/枸杞、桃花岛等热门海岛船票的一站式购买。集成实时公交、路况天气等全场景信息服务，助您轻松畅游舟山！
wx1a4809944ebd55d3,舟山交通旅游,Mini Program,,,提供多种出行服务功能，支持实时公交，路况的查询；提供包车预约服务、汽车票、船票等在线购票功能。
wxffe8e58678b0dfe0,舟山市公共交通有限责任公司,Mini Program,,,舟山公交小程序
wx2349b657f836555c,航天中心医院,Mini Program,,,为患者提供预约挂号、在线缴费、报告查询、医院及科室介绍等功能
wx0459e0728b8d3d29,航天智慧停车,Mini Program,,,关注航天智慧停车，方便您的出行！
wxcf62686dc9d61f90,航旅纵横,Mini Program,,,航旅纵横官方小程序，精准查航班动态，在线值机选座。更有免税商城线上逛，汇聚多家免税店资源，同源正品放心选
wx58343f812bb6c2ad,航标学习助手,Mini Program,,,招聘信息分享，资料下载
wxc0ebb192b589112e,航班管家,Mini Program,,,航班管家是国内最受欢迎的出行APP之一，提供机票预订、航班动态信息查询、手机值机、专车接送机、星级酒店预订等一站式旅行服务。从出发到抵达，从食宿到购物，我们就像管家一样贴心伴随您飞行的一路。
wx4b8f0b234c17b9e5,航班飞机座位图,Mini Program,,,长途飞行，重在选座！飞机座位哪里好、靠窗位置怎么选？飞机选座小程序供查航空座位，航班座位，可作为民航客机在线选座、飞机选座、选位置参考，是坐飞机旅游旅行必备神器。飞机座位提前看就用航班飞机座位图，南航、国航、厦航、东航、海航全都有！
wx218cc9f07e546c5c,航空机票,Mini Program,,,航空机票电话:儿童，婴儿，无成人陪伴儿童，特殊旅客，团队机票，轮椅服务，人工电话预订。航协认证国内-国际航班为您出行无忧!
wx12a8c25824744bba,航英机票,Mini Program,,,成都航英票务代理有限公司系一类客运销售代理，专业提供国内国际机票的预订以及酒店、旅游、火车票等预订服务。
wx48277d45162720a4,良元大药房,Mini Program,,,连锁药店
wx0c4ce94c018a0a62,良木礼官方商城,Mini Program,,,你好，良木礼！
wx45b6fd65dd54060a,良海网络科技,Mini Program,,,各类兑换码大全，每日更新。
wx2847e0fbc8e406a8,良石咖啡,Mini Program,,,良石成长的路上，正好有你。
wxa4b1a587d5d3ff41,良辰小楼,Mini Program,,,热门网络小说，任你挑选阅读~
wx359c85839f2dbf0a,艺境江景民宿,Mini Program,,,探索未来住宿，尽在智能城市民宿【自由入住 智能安 全】跳脱传统，体验未来：全程自助式密码入住
wx978c59258483f38f,艺步学校版,Mini Program,,,艺步学校版，素质教育机构管理工具。帮助机构管理教学教务、数据财务等。
wx1eebd9a578c2f88d,艺龙会酒店预订美豪丽致雅致,Mini Program,,,艺龙会，支持旗下雅致、艺龙、美豪、美豪丽致、艺龙安悦、爱电竞、艺选、廷泊、莫林、怡致等多个酒店品牌，为会员提供一站式的预订服务，覆盖430个城市超2500家门店，用户可通过艺龙会享受住宿服务及会员权益，让每一程的旅行更安心，更便利，更划算。
wxae57bd29458ee632,艾伊娜网络科技,Mini Program,,,为群众提供电动自行车及汽车优质充电服务
wx3cb99f6bf2831eca,艾克斯少儿运动中心,Mini Program,,,艾克斯少儿体育专注于用科学的方式帮助宝宝在运动中学习于他人相处，在社交锻炼中培养解决问题的能力。
wx232c11dd2da5b10b,艾利克斯健身,Mini Program,,,艾利克斯健身会员系统
wxf266c9e7a76dd5b1,艾团团直播商城,Mini Program,,,艾团团传媒直播小程序
wxe8d779eff076ff49,艾墨舟编程小先锋,Mini Program,,,个人学习工具，专注 GESP、CSP 刷题，记录学习知识，提升技术。任意时刻都能记录学习个人知识。
wxc407d481cbb98550,艾学英语,Mini Program,,,致力于成人口语，发音，语法等；以及少儿绘本与分级阅读。
wxd514a687f200a43d,艾康微办公,Mini Program,,,用来进行企业的移动办公
wx5c9141d32d5de2c6,艾润停车王,Mini Program,,,在线缴纳停车费
wx73056135f02f18e2,艾米直播,Mini Program,,,艾米直播是全国领先的视频直播平台，这里有最潮最酷的直播方式，让你用手机分享你的生活。
wx9cfe33c8fb69f49b,艾约云CRM,Mini Program,,,仅限内部办公使用，外部人员请勿访问
wxc4869e9e7880aeb0,艾美家 BETTER SLEEP,Mini Program,,,HOME LOVE艾美家 专注于睡眠健康 追求居家舒适
wx3f241e00f9ba58ff,艾裕母婴食养,Mini Program,,,艾裕宗旨：让天下宝宝少吃药少打针。
wx72af2a504e1586d1,艾视特云相机设置,Mini Program,,,停车云相机设置
wx424f928bc67f0792,节奏盒子音乐合集,Mini Program,,,好玩，爱玩
wxb64465c92ddd9c15,节奏盒子音乐模组,Mini Program,,,节奏盒子音乐模组，游戏内设计了很多需要靠节奏感才能玩耍的关卡，超多不同的卡点音乐以及有趣的节奏
wx7417cd20fa66dad1,节奏钢琴音乐,Mini Program,,,钢琴块音乐节奏小游戏，巧手弹奏美妙的钢琴块曲，指尖上的钢琴音乐游戏，轻点钢琴块，享受指尖跳跃的快乐。
wx773de7a44a2d9962,节奏音乐家,Mini Program,,,跃动音符，节奏大师！
wxcb6ef99eb66cfec0,节奏音乐模组盒,Mini Program,,,一起来音乐的世界里遨游
wx312f6d9ccece6893,芈亚瑜伽,Mini Program,,,品牌旨在开启专业的瑜伽交流平台，为瑜伽爱好者提供更广阔的学习和提升空间，传递瑜伽文化和愉悦、健康的生活方式。
wx88534cdc1fae6707,芈姐生活馆,Mini Program,,,芈家人的质量生活
wx7663b23e7325027d,芋头视频,Mini Program,,,小程序提供优质的热门短剧，天天上新，惊爆剧情高能来袭~
wxd272a2c7f339b8bf,芒小兔饮品,Mini Program,,,可快速点单，在线支付，领取优惠
wx3920f6ace85ba773,芒果户外-孜玛格尼旅游,Mini Program,,,用车用餐来新途
wx3e92473615d8725f,芒果私教,Mini Program,,,好用的私教预约排课管理工具，为健身、游泳、拳击、艺术、培训等各行教练提供排课约课、学员管理、课时统计、学员扣次、教练名片等多项功能，专为私教老师、个人工作室、一人一馆、单人单馆打造。
wx868cca796681d3e9,芒种心理,Mini Program,,,芒种心理咨询服务
wx926138b77a3198c9,芝麻画规工具,Mini Program,,,排列五画规，排列五奖表，七星彩画规，七星彩、排列五开奖结果，奖表长条图规，画规软件，选号计算工具。
wx6b546f438a90a49e,芝麻街饮品,Mini Program,,,芝麻街饮品店营业时间为10:30~24:00
wx5c9e94430566dbc6,芥花工具助手,Mini Program,,,主要自营服饰内衣，手机数码相关商品，承诺不涉及广播电视节目、药品和医疗器械、新闻前置审批项。
wx699c50afe6c783b3,芦汉打车,Mini Program,,,为交通部授权95128运营商，免费提供车队接入，司机永久免费接单。
wx20c1a3b9208dca7d,芯享出行,Mini Program,,,是一款支持快速租借电动车、集中充/换电，实现安全、绿色、低碳出行的便捷共享出行平台。
wx8407f7f645113d4f,芯片测试课程,Mini Program,,,芯片、集成电路，半导体测试技术分享
wx51f6a6b878ac5f8f,芯象直播助手,Mini Program,,,为直播提供专业、专注、稳定的推流工具
wxa6a8d297c5e869f1,芯锐出行,Mini Program,,,芯锐出行志在为区域内客户带来便利的出行方式，手机扫码即可轻松助力生活，为广大人民群众带来便利。
wxf45db101d38929ab,花予艺术写真摄影,Mini Program,,,记录时光中最美好的瞬间
wx9ff35994986bdb3f,花园瑜伽普拉提,Mini Program,,,花园瑜伽普拉提 私教课 团课 小班课
wxd98a20e429ce834b,花小猪打车丨打车顺风车代驾,Mini Program,,,为你提供新的出行选择，打车更便宜，出行更安全，让你的每次出行更舒心，一起出发吧！
wx9eb07101b9be581d,花椿漾栀摄影工作室,Mini Program,,,记录时光中最美好的瞬间
wxa6c942b1ac6e657f,花橙旅游,Mini Program,,,花橙旅游是深圳华侨城股份有限公司景区、酒店及旅游产品的宣传营销及订购服务的官方平台。
wx4275c793d3752c3a,花满楼智慧民宿,Mini Program,,,民宿在线订房小程序
wx65eda870b4156d52,花田炒冰饮品,Mini Program,,,可快速点单，在线支付，领取优惠
wxcaa53bb2793967c2,花粉健康宝,Mini Program,,,花粉健康宝，花粉过敏者的福音。专注花粉浓度的监测、预报，为花粉过敏症人群提供精细化的花粉健康气象服务产品。
wxef6cb162eb9375c2,花粉地图,Mini Program,,,“今天花粉指数多少”“过敏吃什么药最快”“北京花粉浓度地图”
wx2a2cf2dc7beb8cdd,花花儿运动,Mini Program,,,为了更好地服务
wx649a6739103f7ca4,花菜编程,Mini Program,,,让每个人都能写出自己的项目
wx8fb3e80d59c86647,花開摄影 HUAKO,Mini Program,,,"全国肖像摄影连锁品牌
北京 | 深圳 | 沈阳 | 成都 | 大连 | 青岛 | 新加坡"
wx6a032ebfb8b1a78c,花雕图片去水印,Mini Program,,,智能图片去除水印，抠图，加水印，清晰度增强，证件照等功能，高效处理，高效创作！一键去除，图片去水印，照片去水印，一键扣图，全屏水印去除，
wxcb8b0bd0ea0c6672,花香视频保存工具,Mini Program,,,视频下载 视频保存 快速整理素材，去除多余标识，去除视频图片水印，免费安全，操作简单快捷
wxf5f72088f2084cad,花香视频提取,Mini Program,,,视频保存 链接转视频 视频下载 免费工具
wx776d6bd6848eec49,芳华臻选生活馆,Mini Program,,,不必奔赴远山寻觅安心好物，我们坚守「真品为本、康养为民、贴心服务、长久相伴」的初心，以亲民价格，深挖源头货源、将健康好物带给每一个家庭。
wxf9fd3c5b15fa27ff,芸苔门店管理,Mini Program,,,"芸苔新零售,商户管理小程序,可设置销售的商品,进行库存管理,查看经营报表."
wxf3dd8664602af292,芸荳健身,Mini Program,,,为了更好地服务
wx39988c0cecd4387d,苏农生活,Mini Program,,,苏农生活由苏州农商银行打造，提供便捷、丰富、优质的生活服务。
wx6d0a3c86153170d7,苏博士母婴,Mini Program,,,致力于打造母婴（0-3岁）健康服务的专业平台，产品价值的传递者
wx26e65cd7b9fac16d,苏大继续教育,Mini Program,,,非学历培训教育
wxcab8425ac1eb6b48,苏宁基金,Mini Program,,,"南京苏宁基金销售有限公司2015年9月成立,2016年2月取得基金销售资质,已上线5000多只基金,涵盖股票、混合、债券、货币等多种类型。支持管理费/客户维护费/费用返还活动"
wx02cfff1a44b51170,苏州公积金,Mini Program,,,1.查询个人公积金信息。2.了解公积金中心动态。3.办理个人相关的公积金业务。
wxb43cfa6a1670a8f4,苏州又见瑜伽有限公司,Mini Program,,,欢迎加入哈达瑜伽！呼吸与体式共鸣，身心在舒展中平衡。专业导师定制课程，带你解锁身体潜能，在垫上遇见更柔软的自己~
wx2f17b772df5f03c2,苏州地铁汇星连,Mini Program,,,作为苏州地铁商业的智慧服务平台，汇星连承载公司旗下集中商业线上相关服务及功能，提供专属会员服务和丰富多元的购物体验。
wx8cb98ccfd5dc647b,苏州大学附属儿童医院儿童保健科,Mini Program,,,儿童建档，对儿童体格发育、认知发育、语言发育、神经心理发育、营养评估、高危儿随访等方面筛查和评估，自动生成报告。
wxeb88c71732cc72da,苏州大学附属第四医院互联网医院,Mini Program,,,互联网医院平台开展了挂号、预约、线上复诊、开立检验检查单、处方及流转等功能，为广大人民群众带来便捷的医疗服务
wx6d6da5287981c98b,苏州市人工智能学会SACCC报名,Mini Program,,,苏州市人工智能学会SACCC认证考试报名通道。
wxc71c5be19374df20,苏州新时代全民健身预定平台,Mini Program,,,打造全国一流文体旅游综合运营商，助力苏州人民拥抱美好生活。
wx8f227763125706bd,苏州银行消费金融,Mini Program,,,苏州银行消费金融小程序，提供开设银行二类账户，小苏好贷、小苏好花等系列贷款产品，及其他银行金融产品。
wx65a1739c4139c76d,苏州银行苏心生活,Mini Program,,,围绕“数字+”多样场景，打造生活+金融的双核服务业态。提供苏州银行甄选的生活及金融权益，建设苏州银行的专属优惠平台。
wxc9bedcb07e525701,苏文投集团演艺票务,Mini Program,,,苏文投集团演出购票小程序
wx1febfc06b07a66a9,苏智出行,Mini Program,,,为了方便市民出行，苏州公交在小程序端集成了实时公交、定制公交、苏小灵、掌上站台并提供保修预约等便民功能。
wx607ad998d388e326,苏智办公,Mini Program,,,为了方便公交业务开展，小程序集成上报、巡检、审批等办公功能。
wx10721f536f3e1af5,苏服办,Mini Program,,,江苏政务服务力求建设水平一流、全国领先的政务服务“一张网”，切实创新政务服务方式，提升政务服务水平，激发创业创新活力。
wxf3030964b847d0ba,苏演票务,Mini Program,,,苏演票务为江苏省演艺集团有限公司官方购票网站，涵盖演唱会、音乐会、戏剧、舞蹈、曲艺、体育赛事等娱乐商品。
wxf4c2703692b3e033,苏瑜伽,Mini Program,,,苏瑜伽课程预约系统
wxeceab0b6bf865c5a,苏膳坊餐饮,Mini Program,,,江苏苏膳膳食集团成立于2014年，主要从事餐饮管理及后勤服务业务。经营范围涵盖餐饮服务、物业管理、食品销售等多个领域。
wx1c380f7c75a682d2,苏适人工智能展厅,Mini Program,,,展示酒店人工智能化解决方案的成果，融合了酒店PMS系统、智能客房控制系统、互联网门锁、AI机器人、梯控、智能洗衣机联动等
wx6b3d8fd74d0fcedc,苏邮惠企业管理,Mini Program,,,江苏邮政员工服务端
wxad0ee45a5dff3469,苏黎世保险Zurich,Mini Program,,,苏黎世保险集团是拥有超过150年历史的全球顶级保险公司，为超过200个国家的7500多万用户提供坚实的保障。
wx978126e578f7c075,若初阅读会,Mini Program,,,点我阅读每日好故事。
wxa876cf21f1c8a03a,若购影票,Mini Program,,,全国特价电影票，立减5-30元！美团饿了么京东大额红包！外卖奶茶，打车代驾，机票酒店等各种优惠券！！！
wx809a7d6a98a9b414,英杰跑步学堂,Mini Program,,,带动中国一亿国人无伤健康跑！
wx521ec1ce1b33a6ad,英树生活,Mini Program,,,精致生活，分享美！英树旗下新社交电商平台！
wx2651c7c3b58c2e19,英格兰文化遗产委员会在线课程,Mini Program,,,课程中介绍了我们旗下的主要遗产资源以及为旅业同行所提供的各种特色产品。希望能让更多中国游客感受到英格兰文化遗产的魅力。
wx67502911bad8ac75,英皇电影城,Mini Program,,,英皇电影城是英皇电影城官方购票平台，提供全国英皇电影城的影片资讯、影票及电影周边产品在线购买服务。
wxc0244c1de7bbe82a,英语ok新课本点读,Mini Program,,,英语ok点读，英语ok跟我读小程序，英语ok新版点读免费版，1-9年级英语课本同步点读！
wxeaabe6f22474465d,英语OK点读新,Mini Program,,,英语ok点读小程序，为中小学生提供三至六年级上下册英语电子课本点读服务，内含英语有声教材和有声点读，助力孩子夯实英语基础。
wx4a311f54bbb1a975,英语ok英语,Mini Program,,,英语ok英语点读，英语ok新课本点点读，小学英语跟我读，英语ok语音工具
wx452fcbb066126934,英语ok英语点读,Mini Program,,,英语ok点读小程序，英语点点读新版英语ok点读正版工具，为中小学生提供三至九年级上下册英语电子课本点读服务，13大功能听看读练测，帮助孩子进步快一点！
wxf3d1f7eb11da0cdf,英语ok跟我读,Mini Program,,,英语ok点读小程序，英语点点读新版英语ok点读正版工具，为中小学生提供三至九年级上下册英语电子课本点读服务，13大功能听看读练测，帮助孩子进步快一点！
wxf81a81bf36ce7ee4,英语书电子版点点读,Mini Program,,,人教版英语电子课本点读跟读!免费英语教材电子版课本点读，小学初中英语教材课本点读跟读、英语电子教材课本跟读，人教英语电子书课本，小学英语人教版课本点读，初中英语人教版电子课本跟读，人教PEP，人教精通高清电子书帮助孩子学英语!
wx8663d7741f3abbb2,英语兔,Mini Program,,,英语兔精选多种适合学习的视频、音频、文本，逐句朗读并讲解，帮你轻松快速提高英语水平。
wx62876f2ba0772875,英语分级兔,Mini Program,,,【海量精美图片】原创RAZ英语分级阅读，3-12岁英语启蒙神器。
wx115ad49ca93d5973,英语单词消除,Mini Program,,,英语单词消消乐，从小学、中学、大学单词难度递增，玩游戏学英语，寓教于乐。
wx3c534ca20971c587,英语同步学助手,Mini Program,,,中小学英语点读电子教材，覆盖全国95%以上教材版本，听说读演练，全面助力孩子英语学习成绩提升！正版教育资源，权威有保证！
wx369745a1e5364754,英语周报第一考场,Mini Program,,,英语周报线上订阅服务专号
wx1f041b9538f921e5,英语天天天练,Mini Program,,,英语天天练|英语口语天天练|英语天天练家长端|英语天天练单词|天天学英语口语|英语口语天天练磨耳朵|免费英语口语天天练|口语天天练|英语天天练家长端|2026新教材人教点读、译林英语点读、外研新标准点读、沪教英语课本点读等众多版本
wx9782ffafc50f548c,英语天天练家长端,Mini Program,,,英语天天练是一款致力于让孩子学习不枯燥的免费学英语背单词产品。
wx8e54aa561c887757,英语天天练磨耳朵,Mini Program,,,英语听力磨耳朵，英语启蒙磨耳朵，英语口语天天练磨耳朵，幼儿英语启蒙磨耳朵，英语磨耳朵
wxc9f1c51db3053f3a,英语子龙作业打卡,Mini Program,,,作业提交 每天学习打卡小程序
wx728ccc15066fa51a,英语时文阅读,Mini Program,,,小学、初中、高中英语阅读，时文阅读+阅读理解练习。中高考母题，每天阅读10分钟，中高考英语最少130分！
wx3411849f81c5866d,英语朗读宝,Mini Program,,,🥇同步学英语小程序，口袋英语点读小学初中人教pep单词表、冀教外研仁爱剑桥版等3-9年级上下册教材课本点读机音频听力发音、句子单词听写跟读、单词消消乐挑战闯关，趣味小游戏边玩边学、每日打卡晨读天天练习口语磨耳朵软件适用中小学生英语点读学习。
wx86a7455595be3b31,英语点点读单词,Mini Program,,,英语点点读，英语点点读跟读，英语ok， 新英语ok
wxa845043d24dbef17,英语点点跟读,Mini Program,,,英语单词学习，英语音标学习，发音技巧
wx29c2da00e8478f00,英语点读学习工具,Mini Program,,,♥小学英语同步点读学习工具|英语教材课本点读同步学习助手，免费体验英语课本点读|记单词|练口语，宝贝英语点读机，助力轻松学英语！
wxfd510173c8de1dc5,英语绘本自然拼读,Mini Program,,,英语天天练、英文绘本故事阅读：英语启蒙学习，abc英语角，螺丝钉英语动画片，乔治小猪佩奇看动漫视频学英语，音标拼读点读，自然拼读，英语背单词，口语测评，raz分级阅读，牛津树，红火箭，海尼曼，廖彩杏，宝宝课堂，英语资料，幼小衔接，sss儿歌
wx3de347f23eb1fb40,英语背单词练习,Mini Program,,,一款背单词小程序，可自定义创建单词本、配合默写、听写、错题记录与重复练习，以及单词掌握进度来更好更有效地背单词
wxc020fdd735310ef4,英语趣配音,Mini Program,,,小学英语口语|视频学英语|英语绘本|配音学英语|一起学绘本|背单词|英语发音|英语听力|定制计划学口语|英语启蒙，轻松流利说英语。
wx3e0c4892fe5e443d,英语闯关游戏,Mini Program,,,益智游戏大全
wx9665e6ddac56d327,英语音标发音点读,Mini Program,,,英语音标发音表，英语48个音标发音，国际音标发音，点读收听标准发音。
wx4faa7752a41cf825,英语音标练习,Mini Program,,,音标点读，音标点读发音，48国际音标发音点读，26字母发音点读
wxde49910a090221eb,英语魔方-全科动画,Mini Program,,,超全的英语启蒙分级动画，免费无广无套路
wxe75a1a692fc91d24,英语默写出题器,Mini Program,,,英语出题器，小学初中课本同步单词，英写汉，汉写英。下载、打印、语音默写
wx15e41ebae342d1b4,茂南交通荔智午托,Mini Program,,,学生午托
wx80aec863b6392300,茂名市协盈税务师事务所有限公司,Mini Program,,,小程序主要销售的产品为水杯、毛巾、纸巾等日常用品，欢迎有需要的购买
wx515e617a3f225495,茂名市南方职业技术学校,Mini Program,,,广东茂名市南方职业技术学校，经省教育厅备案、市教育局直属的学历教育与职业技术教育相结合的全日制中等职业技术学校。
wx6b5483aada5b8785,范凡凡慈善基金,Mini Program,,,爱家·爱人·爱生活，是我们的理想状态，也是崇高的生命追求。
wx47d5d61e43783945,范县智小聘丨求职直聘找工作,Mini Program,,,招聘找工作上范县智小聘！
wxaf9b9fdefea1a3ce,范美妆课程预约,Mini Program,,,方便客户线上预约
wxbe79c48a7209c7ff,茄子联萌母婴,Mini Program,,,该小程序主要从事与母婴用品销售和日用品销售
wx3771a11f2f0bf8a7,茉莉智慧母婴护理中心,Mini Program,,,3.0智慧月子开创者。倡导「智能化时代·智慧坐月子」，以科技赋能与人文关怀，开启「智慧护理·智慧康养·智慧育儿」的3.0月子新时代。
wx6cddd9988bc3898d,茗匠云门店管理端,Mini Program,,,该小程序用于茗匠云商家在小程序上进行桌台开单，商品点单，结账等营业操作外，还可以对门店信息进行简单的设置
wx1db3705ea344e32d,茗星坊茶餐厅,Mini Program,,,茗星坊港式茶餐厅
wxaacbca4aa8ffd808,茗柠饮品,Mini Program,,,用于扫码排队
wx0d961846b22ddbc0,茶七分点单,Mini Program,,,更便捷的点单方式，自提与外卖让小七来宠你吧
wx2a67c2da7d8e884c,茶与欢点餐+,Mini Program,,,茶与欢小程序点餐平台，下单免排队，外卖送到家！
wx81663f6afa2da5e0,茶主张线上点餐,Mini Program,,,茶主张线上点餐
wx62b382bed22bc6f5,茶之都点餐,Mini Program,,,茶之都以推动国内奶茶品牌化、专业化！我司拥有资深的产品研发团队，专业的店面管理培训和强大的售后服务团队
wx5620f393e04b7cb2,茶之都餐饮管理有限公司,Mini Program,,,进入小程序，可查看门店信息、优惠活动、推荐菜等，也可买单、领优惠、点外卖、留言点评等
wxe6c6b1c3e78eca2e,茶乡里餐饮,Mini Program,,,可快速点单，在线支付，领取优惠
wx87a9ec1808ffb4f4,茶作新沐TEAMOO,Mini Program,,,茶作新沐TAEMOO 手机点单
wx45b320e0ee2ed8de,茶南子CHANICE,Mini Program,,,好茶在东方，悠然见南香
wx21e7bff5570cb494,茶叶蛋冒险记,Mini Program,,,茶叶蛋官方正版小游戏！
wx7a0f5d796fb7243c,茶叶蛋大冒险,Mini Program,,,烧脑解密，拯救茶叶蛋
wxb4f5059343e78033,茶叶蛋大解谜,Mini Program,,,茶叶蛋冒险通关之旅~！
wx22fff08692a54440,茶叶蛋的神秘之旅,Mini Program,,,高智商茶叶蛋的烧脑冒险
wxf7aeddb4985b7f2f,茶夫特,Mini Program,,,茶夫特线上点单，尽享会员超值优惠！
wx58aa37a849a49a10,茶屿水果茶,Mini Program,,,茶屿饮品小程序点餐
wxa31ed72dfe6661c9,茶巢点单,Mini Program,,,"茶巢历经多年发展，不断探索创新,精选世界各地上等好茶、优质鲜果和进口奶源为原料,以时尚,赢得无数消费者的好评和青睐。"
wx88542fe0809f9f22,茶巷手作,Mini Program,,,茶巷（光明店）
wxd5c753ccda23bf90,茶救星球蔬果茶,Mini Program,,,苦瓜柠檬茶，原创更好喝！合作热线：400-9619-113
wx50d5e2b1a00c6e87,茶月山,Mini Program,,,餐饮服务
wx418f30e49b6b5026,茶港会员星球,Mini Program,,,茶港爱美食会员聚集地。
wxe9949c5b81ef0398,茶满天,Mini Program,,,茶满天专业
wx825c4caacc659bb2,茶满方庭,Mini Program,,,茶满方庭·鲜奶与茶
wx10e2002e51742aa2,茶满满,Mini Program,,,茶满满手工
wx8f0f252c7f2bd8e8,茶潇潇兮,Mini Program,,,真茶鲜奶，才是江湖规矩。
wx3d3b894e706123e3,茶瀑布,Mini Program,,,一喝茶瀑布，清爽挡不住！茶瀑布官方自助点单平台，下单不排队，外卖送上门，更有惊喜福利等你来哦~
wxb3b25727080cea91,茶爸饮品,Mini Program,,,茶爸饮品与茶欧巴线上点单
wx4d3eb097091f7b58,茶理宜世点餐,Mini Program,,,茶理宜世，邂逅每一杯浪漫。我们从传统文化中汲取灵感，以新中式鲜茶为载体，诠释国风的无限可能。
wx6f4968f0bff82a37,茶甜甜会员社,Mini Program,,,年轻人自己的健康养生茶品牌
wx2804355dbf8d15c3,茶百道饮品点单,Mini Program,,,茶百道小程序
wxd15e243ed88d4014,茶竹人才网,Mini Program,,,茶竹人才网—让永川没有难找的工作！
wx2ae58f094b8a7a98,茶米有言,Mini Program,,,自然造物，鲜米好茶。
wx2e043bd89dac2ff2,茶聚场 官方商城,Mini Program,,,théATRE 茶聚场 希望将大自然的天然美好汇聚于生活舞台。致力分享茶的隽永内质，同时让茶回归寻常、成为习惯，启发日常灵感。 TEA FOR LIFE 生活是茶 茶式生活
wxf3a139cab0f241e6,茶芙茶可线上点单,Mini Program,,,茶芙茶可官方点单小程序
wx6f20d3ab9ad24415,茶芭蕾,Mini Program,,,新疆本土饮品品牌，100%真牛乳，首创新疆酸奶酪系列饮品，强烈建议品尝！
wxa89e16aaf094a04b,茶萃吧,Mini Program,,,岭南新派茶饮
wx6c82be240634efde,茶西西GO,Mini Program,,,严格选茶，匠心制茶，快来点单吧！
wx1ca7564b0801efe2,茶话弄CHA HUA NONG,Mini Program,,,穿越古今、融汇中西，以初心笃定一份事业。在长安，奶茶可以更中国
wx4ad2cfe932d70352,茶里屯点单,Mini Program,,,进入小程序，可查看门店信息、优惠活动、推荐菜等，也可买单、领优惠、点外卖、留言点评等
wx66b1e00fa17b147b,茶露露饮品店,Mini Program,,,点单平台
wx1644df8e4fe6f725,茶颜悦色,Mini Program,,,越中国，越好玩
wx7c9376708b4f4cd2,荆州公交畅行,Mini Program,,,公交畅行是荆州公交面向广大市民推出的一种新型公交出行方式，通过线上下单、线下扫码进行乘坐，具有快捷、舒适、低价等特点。
wxa61c0e44a378aba1,荆州区公安局公车使用申请小程序,Mini Program,,,公车使用申请审批小程序
wx9d79d05a6fa52ef0,荆门东方生活+,Mini Program,,,荆门东方生活+
wx9735548519c3330a,草料留痕相机,Mini Program,,,带二维码水印的拍摄留痕工具。二维码水印中通过一系列技术手段实现图片可验证真实性，长期存证。
wx2c35c750df491d13,草莓记账本,Mini Program,,,记账小程序，记账本、AA记账、经营记账、生意记账、情侣记账、家庭记账、班费记录、公司记账、报销记账，欢迎使用。
wx021dcac840cc91f4,荔枝妈妈环球母婴精选,Mini Program,,,荔枝妈妈环球母婴精选
wxee5e95c489c5e781,荔枝心理测评,Mini Program,,,大学生心理健康测评系统
wxc2d3cb5d0b357cf5,荣基金,Mini Program,,,荣基金官方小程序
wxf9e09e93eeba1649,荣昌公交,Mini Program,,,为了方便用户在重庆市荣昌区的出行，主要提供公交相关服务，公交导航，失物招领，对出行的投诉建议等功能。
wx90977961edeab44b,荣易相机,Mini Program,,,水印相机；打卡相机；工程相机；考勤相机；签到相机；自定义：时间、地点、天气、标题等。
wxb0f0f16a8ba77c47,荣盛控股电商平台,Mini Program,,,用于浙江荣盛控股集团采购询价、销售报价、在线开单、信息查询等功能。
wx91744252267d6837,药匣子健康,Mini Program,,,药匣子健康是专业的中医医疗服务平台。云集资深中医专家，可随时随地在线与专家交流，甄选道地药材，全程冷链配送，守护您的健康！
wx8de029055a27ae9d,药小咚网上药店,Mini Program,,,药小咚网上药店
wx22c626a6d6d0f593,药房网商城,Mini Program,,,手机买药及网上药店平台，全国千家药房药店比价，品种丰富且实惠，实体药店送药到家，是您查药、买药的好助手，让你买得顺心，用得安心。
wx924ca1fbd0fe2290,药都中小学教辅材料管理平台,Mini Program,,,药都中小学教辅材料管理平台
wx39a5f046bf897caf,荷包记账,Mini Program,,,家庭记账、快速记账，日常记账、共享记账、家庭共享账本、随手记账，记录生活的每一笔收支
wx5016a3dc0b74f227,荷尔健康 HIV预防阻断2小时达,Mini Program,,,"国家卫健委认证医疗机构，专注HIV预防服务，阻断药全国2小时极速达。提供HIV事后阻断(PEP)事前预防(PrEP),男科等健康专业咨询"
wxb4742bd09952f5ad,莆田学院附属医院院内导航,Mini Program,,,莆田学院附属医院导航导诊，为患者提供快速精准的院内导航，实现动态导航的全流程智慧导诊，解决患者就诊、找人、找地方的难题。
wxaf29dfbbd6bceb30,莆田市住房公积金管理中心,Mini Program,,,莆田住房公积金业务
wxd10e4e599b3b94d0,莆田新闻,Mini Program,,,莆田市湄洲日报社旗下账号，依托党报独有的政治性和新闻性，实现新闻宣传最强音，发布最权威的新闻、信息咨询。
wx19cf0b8742f449f4,莆田智慧停车,Mini Program,,,为车主提供智慧停车服务
wx53ed90a7aefc9795,莉景天气,Mini Program,,,为全球摄影爱好者提供专业的朝霞、晚霞预报、云海预报、彩虹预报等气象预报服务。公众号：霜蟾。
wxdccc97176f3aa471,莒国通招聘网,Mini Program,,,莒国通-旗下莒县本地招聘服务平台，莒县求职找工作、就上莒县城市通，莒县全职兼职、工厂招工，本地平台安全靠谱！
wx853c803453019856,莞微家,Mini Program,,,实现多渠道客服统一管理
wx82e4143dd68c58fb,莞惠票务,Mini Program,,,化州至东莞、惠州、惠阳、深圳、三亚地区的长途正规合法大巴；车队另有旅游包车等服务，欢迎前来联系。
wx9477d198bfb85b94,莱嗨唱AI智慧娱乐,Mini Program,,,提供在线预约功能，为您提供良好娱乐环境
wx5e8e754e40fd5d18,莱州市人民医院诊间支付,Mini Program,,,莱州市人民医院线上服务
wx9b46117462e96228,莱州市妇幼保健院诊间支付,Mini Program,,,莱州市妇幼保健院
wx1f1fdaa54c9e8783,莲峰支付,Mini Program,,,为电子科技大学中山学院电子校园卡提供便捷支付
wx8a16c831f8e61943,莽过教育,Mini Program,,,莽过在线专注职业考试，涵盖财税、建工、医药、招录等上千考试题库和学习资料，帮助学员深入掌握每一题的知识点，成功通过考试
wx51791c7af4f980ac,菁英旅行订房机票旅游定制,Mini Program,,,菁英旅行提供蜜月、家庭度假、私人旅行定制服务，菁英旅行就是一种卓越度假标准。
wxe64f9b55cd1ffd33,菁菁视频,Mini Program,,,热门短视频剧集免费看
wx85f20831197a2a9f,菏泽博特叔叔编程中心,Mini Program,,,菏泽博特叔叔教育科技有限公司，致力于3-18岁一站式青少年机器人+编程+人工智能教育，内容融合科学、技术、工程、艺术和数学。
wx9ef804a38e63577d,菜单菜谱大全,Mini Program,,,"史上最全菜谱大全,100多万个美食做法,从川菜,鲁菜等各色菜系,到早餐小吃,日料,西餐等各种做法,下厨房,香哈有的菜谱做法全都有"
wxe2a3c724e87ca140,菜谱侠,Mini Program,,,菜谱侠｜用现有食材找合适菜谱专为食材有限的居家场景设计。无需复杂操作，输入手边食材，就能找到简单易做的家常菜谱，
wx0900056ae734a0dd,菜谱及食物管理,Mini Program,,,家庭菜谱及冰箱食物管理
wx27a4868bb31648a5,菜谱大全家常菜谱,Mini Program,,,菜谱大全家常菜谱，海量高清图文视频，涵盖快手菜、家常菜、减脂餐。步骤清晰易懂，新手也能一次成功。告别做饭难题，让下厨变简单！
wx1fe5eb9b3dd1c0be,菜谱小帮手,Mini Program,,,菜谱小帮手，帮你快速查菜谱、找做法、学做家常菜。支持菜名搜索、分类浏览、图文步骤、收藏和历史记录，让下厨更简单。
wx94ec5ca91fff64f2,菜谱管理器,Mini Program,,,唯有爱与美食不可辜负。您的专属私房菜谱本，珍藏独家美味。精美排版，纯净无广，支持三餐规划。用心记录，留住生活的烟火气。
wx3ed0e539d365638a,菩提伽院丨瑜伽普拉提,Mini Program,,,菩提乃智慧的象征愿练习者能带着菩提入练习伽院除瑜伽之所外，也有谐音家的含义布望每一位伽人能感受到瑜伽的魅力并获得温暖
wx921dfa757de91ee5,菩提瑜伽PiLates,Mini Program,,,菩提瑜伽PiLates会员约课小程序。
wx2ae38d7725c7e5be,菲耀直播,Mini Program,,,菲耀直播，企业直播平台与私域营销平台。
wxbc6306180b8cf2a8,萌宠美食街,Mini Program,,,超多的萌宠动物，开启餐厅，小摊，快来营业吧，作为一名可爱的动物，你将经营自己的摊位，提供各种美味的食物给来访的客人。
wx3bb0cb9970d240fc,萌茶很忙,Mini Program,,,本店经营鲜果茶
wx1ea921f21e2c13b4,萤石音视频通话,Mini Program,,,萤石发现页是一个专注于学习的平台，用户可以再这里获得高质量的知识服务。课程内容主要涵盖亲子教育，健康养生等
wx7ac743e9024b97b4,营养头条川观新闻智能推送平台,Mini Program,,,"为你定制更有营养更有价值的新闻资讯！
川观新闻全新打造的新闻资讯智能推送平台"
wx0731170bcdae71a5,营口城市通丨招聘求职找工作,Mini Program,,,营口城市通，营口招聘，营口求职找工作，就上营口城市通；全职兼职、零工就业，本地平台安全靠谱！为您提高营口本地招聘信息！
wx6c8bbb3225d0911c,营销助手EZR,Mini Program,,,通过品牌赋予门店会员管理、导购任务、会员储值等精细化管理能力，助力终端营销与服务，让门店管理更简单。
wxc082909489a7ac48,萧县城乡公交,Mini Program,,,萧县城乡公交线路查询、实时公交查询
wx2d29cd184f3f746d,萬寧跨境官方商城,Mini Program,,,香港萬寧官方直营跨境商城。
wx0263ee4c6c7fe145,萬衆智能睡眠,Mini Program,,,香港萬衆智能城智能床墊睡眠檢測
wx491c1637ef13a386,落樱美食,Mini Program,,,一款别出心裁的美食游戏
wx656396f309a7c1fe,著赫人工智能,Mini Program,,,这里有最前沿、最有趣、最全品类的智能精选产品，让智能改善生活！
wx8affcd52925b0036,葛店政务,Mini Program,,,提供政务服务相关政策资讯、在线预约、办事指南、在线填单、进度查询、线上评价、消息推送、投诉建议、一码互联等功能
wxf37f3d1c1d3db513,葛罗摄影,Mini Program,,,𝐆𝐋𝐎𝐑𝐈𝐀 葛罗摄影：我们不是拍“有人的照片”，而是拍“有关于人的故事”
wx78dad7f86612addb,董家口化工产业园入园预约小程序,Mini Program,,,对进出化工园区的人员和车辆进行分类管控，对危险货物运输车辆及其他严格管控的车辆出入采用申报、审批等出入管控
wxd5098143a76486b3,董酒电商官方商城,Mini Program,,,从一粒粮到一滴酒，历经1258道工序。稀世之香，佰草而生；国之机密，大匠之品。
wx366b4f334208eccf,蒙勤办访客登记小程序,Mini Program,,,用于内蒙机关事务管理局访客登记使用
wx0308c385f26c8d8c,蒙古语天气,Mini Program,,,内蒙古首个全蒙古语天气预报小程序
wxf8012160fdf5dcf7,蒙商消费金融,Mini Program,,,提供消费贷款服务。在线申请、秒级放款、循环额度、按日计息、灵活使用。
wx1342c59a70c7a94f,蒙牛营养生活家,Mini Program,,,全家好营养，就去营养生活家
wxa556207680a7026e,蒸乡遇餐饮店,Mini Program,,,"蒸乡遇，用心做好每一份餐，新鲜现做，准时送达。
好好吃饭，好好生活，外卖也有烟火气。"
wxb3b8cf19ab691c52,蓉e支付,Mini Program,,,成都农商银行收单业务
wxe891a6a80085bc09,蓓家母婴,Mini Program,,,用于月嫂 育婴师管理 以及分享月嫂育婴师的简历给雇主
wx06435d8ef12bac35,蓓蓓家母婴连锁,Mini Program,,,孕婴童，全产品全服务体验Mall，提供一站式购物、一站式教育培训
wx0c9c795310a1a0c8,蓝卡停车商户,Mini Program,,,为蓝卡停车商户提供停车优惠券等商户服务
wxb9e4389c555de7a6,蓝思英语写作,Mini Program,,,语法评测软件，增强单词记忆技巧软件
wx6d4a5b241f2489fe,蓝慧电商,Mini Program,,,为澳洲本地消费者提供便利的网购服务。
wxed61b7202cd7b1d2,蓝牙AI云编程,Mini Program,,,电动车，三轮车，四轮车全系列编程控制器。
wx1fd423233b9450c0,蓝牙编程,Mini Program,,,骑行科技智能蓝牙控制器
wx2f49e382c3d49a98,蓝白餐饮,Mini Program,,,蓝白“新三香”桌面点餐服务
wx390331f2f12d93ab,蓝盒子睡眠,Mini Program,,,嗨！我们是蓝盒子。一个把好睡眠装进盒子里的公司。
wx9482dee69418fb9e,蓝盒子睡眠Bluebox,Mini Program,,,嗨！我们是蓝盒子。 一个把好睡眠装进盒子里的公司。
wxd291e57f3c60692b,蓝色森林学习系统,Mini Program,,,蓝色森林辅助学习小程序，提供刷题、作业分发等功能
wx77511a38df5d8824,蓝色海豚文化娱乐,Mini Program,,,蓝色海豚（济宁） 济宁万象汇店 济宁万象汇三楼
wx15b7cdfc36e1bc30,蓝鲨星球少儿编程,Mini Program,,,少儿编程让孩子们通过实物编程，Scratch，python，C++等一系列课程的学习，从而找到一种，发现问题，分析问题，解决问题的方法。
wxeb836622cebe7ec0,蓝鲸相机 I 数字艺术形象写真照,Mini Program,,,蓝鲸相机提供AI证件制作、形象照制作功能
wxf4349aa662f17960,蓬勃跑步,Mini Program,,,蓬勃跑步-厦门工学院校园健康跑
wxe6c9332ec70f5ede,蔓核数字餐饮门店端,Mini Program,,,蔓核数字餐饮系统的门店端，用于门店登录查看店铺营业数据、收入数据等，实现数字化店铺管理
wx9b6fe8b719fb61b5,蔓瑜空间瑜伽普拉提,Mini Program,,,会员约课  线上售卡
wxeb5c530da2cee79a,蔓陀拉普拉提瑜伽,Mini Program,,,蔓陀拉瑜伽普拉提
wx75a718832ecf7361,蔚鹰健康,Mini Program,,,品牌共创社交电商
wx2b5ebbb9c1554e33,蔬东坡拓客CRM,Mini Program,,,蔬东坡拓客CRM，帮助企业进行客户和销售管理，提升销售数据，实现业绩增长
wxa0c4668e1f4ab350,蕙兰瑜伽与冥想,Mini Program,,,解决压力焦虑睡眠，家庭情感人际关系，工作专注效率，亚健康等问题，过健康快乐有意义生活！姿势、冥想正念、智慧、音乐、饮食等
wx40cb2e6199e0deaf,薄荷健康,Mini Program,,,薄荷健康出品的权威食物库，食物热量营养信息全面准确，12 年来持续更新，减肥健身饮食必备。
wxf4f26bec11030a82,薄荷健康官方旗舰店,Mini Program,,,薄荷健康官方小程序：个人及家庭健康档案、食物热量营养查询、自有品牌健康食品商店。薄荷健康 | 自然主义健康生活
wx2900e061d69e7923,藏区天气,Mini Program,,,提供全面准确的天气信息，帮助您规划生活和活动。界面和功能完全使用藏文展示，让您轻松获取天气信息。
wx6dd060b12774d1f8,藏鸿辐射安全考试宝典,Mini Program,,,国家核技术利用（HJSLY）辐射安全考试真题汇总题库，海量真题，零基础也能轻松助考，真正为每位考友保驾护航！
wx4644042a524d2897,蘭茗雪小木人饮品,Mini Program,,,手打鲜果茶
wx74767bf0b684f7d3,虎牙直播,Mini Program,,,虎牙直播提供蓝光画质，游戏直播、游戏赛事、手游、娱乐直播等。包含王者荣耀，绝地求生，荒野行动等游戏直播，lol、dota2、dnf
wxccb386fad05e96d3,虾健健 24H共享自助健身,Mini Program,,,无推销 | 无打扰 | 好环境 | 好价格 专业器材，更衣室，洗澡间，饮水机一应俱全。 无论是凌晨还是清晨，品质健身体验永不掉线。
wx6e739427af5a4eb9,虾饺天气,Mini Program,,,个人使用的天气小程序
wxa17583189f7d538f,蚁窝AI,Mini Program,,,广州蚁窝智能科技有限公司是一家以新一代信息技术为核心驱动餐厅向智能化、标准化、快速化的新餐饮平台商。
wx16c4399cbb46b989,蚝迈美食,Mini Program,,,"蔬菜、水果、百货
源头直采，一件也是批发价"
wx00dff59c87909299,蛟河市隆客公交,Mini Program,,,蛟河市隆客公交有限公司
wxe065a270c87172c9,蜀大侠智慧餐厅,Mini Program,,,四川傳統主義火鍋 我只做龙头火锅！
wx34078ca2da7ba223,蜀安华盛网络学习,Mini Program,,,蜀安华盛安全生产在线培训
wx9f85fb8b77105b16,蜂鸟crm客户管理系统,Mini Program,,,蜂鸟CRM客户管理系统为销售团队解决1）线索杂乱 2）销售跟进不透明 3）丢单客户流失找不到原因 4）销售离职客户资源流失等
wxfba8dfb49e2f92d9,蜂鸟支付,Mini Program,,,先每蜂鸟支付
wx713c8a088a377f36,蜂鸟课程,Mini Program,,,轻量、快捷的课程管理系统。将课程预约、课程管理、人员管理等功能集成于一体，适用于各类教培机构。
wxa1bd5c8b1c05cc22,蜗壳日结 求职招聘找工作,Mini Program,,,蓝领工人应聘招聘找工作用蜗壳招工网，工友老板都在用。北京河北上海广东广州深圳东莞江苏浙江杭州。顺丰物流、仓库、分拣打包、快递、家政、保安、保姆、厨师、司机、建筑工、送外卖、骑手、滴滴网约车司机、货运、服务员、销售。临时工、兼职，日结周结。
wx6fe860df2fe7ede1,蜗牛24小时健身铁馆,Mini Program,,,线上预约平台
wx65f7006187279c67,蜗牛绘本Snaily,Mini Program,,,由六名前新东方名师宝爸联合创办的绘本教育平台。500本全球严选绘本库、1000条专业伴读指导、十万篇共读经验笔记，让绘本启蒙更高效。
wx907769662f71f6ed,蜜糖母婴会所,Mini Program,,,蜜糖母婴会所端小程序应用
wx6fd661666dcce580,蝴蝶视频提取下载解析,Mini Program,,,视频下载提取器去水印解析机器人助手，直播回放直播间链接提取图集下载
wx1af9f00f12f17b17,融创臻选商城,Mini Program,,,生活所需，尽在臻选！
wxb2015df8ea36ad92,融情歌舞竞赛,Mini Program,,,个人技能比拼，才艺展示，传播特色文化，展现多元民俗。
wx943f2507ebe616f7,融鑫外出办公,Mini Program,,,外出办公开始后，辅助您进行签到和签退。
wx96c7f4e015002fea,螳川公交,Mini Program,,,安宁交通出行、出租车、包车、周边旅游
wx794c445a464f7d5d,行呗停车,Mini Program,,,一款专门为车主服务的智能停车小程序。
wxc3b14879c68b613c,行必至税务咨询,Mini Program,,,税务咨询
wx63a8ec9f1ac2f756,街景地图导航,Mini Program,,,街景地图导航，卫星地图街景，手机在线卫星导航地图，卫星定位导航地图，免下载的导航App。出行导航，开车驾车坐车导航，步行骑行导航，公交地铁导航。
wx494a98fc10bd505d,街机地图,Mini Program,,,查询街机地图
wx6370b8e27feccfe9,衡朗食安效期管理,Mini Program,,,食安效期管理系统，让使用者通过手机来打印食品的食安贴（效期贴），在到期前和到期时语音提醒；品牌商可通过云平台管理门店食品数据。
wx7fffa5782be35738,衡水公安政务服务地图,Mini Program,,,为群众提供衡水市公安服务网点地图服务
wx26732d3242dffc55,衡水市12345政务服务便民热线,Mini Program,,,受理企业和群众的咨询、求助、投诉、举报、建议等非紧急类诉求。
wx25003959afcc282a,衡远驻车电池客户版,Mini Program,,,衡远新能源电池客户版
wxf2e1d19c99351a90,衡阳政务名片,Mini Program,,,衡阳政务名片是电子名片小程序，提供名片展示、联系方式查看、地图定位及名片分享等服务，方便用户快速建立联系、提升沟通效率。
wxc3f4f116f609780f,衢州市住房公积金中心,Mini Program,,,衢州公积金贷款不见面签约
wx2887a088ce722924,衢州市跑步运动协会,Mini Program,,,衢州市跑步运动协会小程序，集路跑越野赛事报名、体育公益活动于一体，助你畅享跑步乐趣 。
wxcff037fe9b18dd7a,衣恋集团商城,Mini Program,,,衣恋集团官方商城，是衣恋集团旗下多品牌官方购物平台。关注衣恋集团官方商城，全球风尚一手掌握！
wx5f963319bca056f8,补丁相机,Mini Program,,,真实防伪水印相机，专为工程物业、外卖配送、外勤巡检等场景设计。拍照即时写入不可篡改时间戳与GPS定位，提供9大行业水印模板，支持企业Logo与自定义样式，防伪验真，云端存储团队协作，让现场记录真实可信。
wxe1335a78339a0874,表格识别图片转Excel,Mini Program,,,图片转表格、免费一键将图片上的表格转成excel表格，永远告别手动操作的繁琐。精度高，转换快，效率办公不用加班
wxac2f52787f7c420a,装修记账-Helper,Mini Program,,,非常好用的装修记账工具，支持多人协作、预算管理，帮你记录各项装修支出。软件免费使用，数据永久保存，不丢失。装修记账|多人协作|预算控制|家装记账|共享记账|装修|记账工具|家装|装修|装修预算|预算|装修共享记账|装修费用|家装费用控制。
wxa765ebf220c3fbbb,裕莲茶楼点单,Mini Program,,,香气是茶的灵魂
wx72a209e7f455d5c4,裸猫摄影,Mini Program,,,诠释生活美学态度，打造独具特性的猫文化
wxd10c48be7337ce54,襄逢电影院,Mini Program,,,襄逢电影院会员在线购买电影票，卖品的小程序。
wx183ee685cf31a624,襄阳康盈餐饮,Mini Program,,,襄阳康盈餐饮，专注中小学生营养配餐，我们立志做到安全、健康、卫生、营养、科学、合理的膳食搭配，助力孩子健康成长！
wx41940c282b782bf7,西九文化票务,Mini Program,,,西九文化区官方票务及服务平台。一键预订M+博物馆、香港故宫文化博物馆、西九演艺等热门展览与演出门票，享受分时预约、快捷入园。内置园区地图、节目日历与会员服务，助您轻松规划香港艺文之旅。探索艺术，由西九文化区开始！期待与您在西九文化区相遇！
wx01932adecaeb58ee,西亚娱乐FUN,Mini Program,,,为西亚娱乐阳光狮、亚亚兔提供线上会员服务
wx2a1e710bbe543a5d,西亚斯饮品,Mini Program,,,西亚斯饮品
wx263c3d5ee0038dd7,西亚斯饮品管理端,Mini Program,,,西亚斯饮品管理端
wx7e03ff121ed82407,西京医院院内导航,Mini Program,,,空军军医大学第一附属医院院内导航，为用户提供准确的院内导航服务。
wx03690c42bb5910c4,西北大学,Mini Program,,,西北大学统一移动服务门户
wx65716e7f3ce35586,西北大学第一医院医保移动支付,Mini Program,,,西北大学第一医院医保移动支付
wx36cc7724f82b0d37,西北妇女儿童医院患者服务平台,Mini Program,,,"西北妇女儿童医院,西北妇幼,西北妇儿,预约挂号,专家线上问诊,健康咨询,查报告,网上买药,药品邮寄,检查检验缴费,病历复印."
wx3ae69397aff9ec75,西北民族大学校友联络办公室,Mini Program,,,咨询发布、校友服务、活动预约报名
wx235fc897a45a651a,西北税务学校,Mini Program,,,西北税务学校（陕西省税务干部学校）是国家税务总局陕西省税务局直属的干部培训机构。
wxca6edfce5ada24a0,西南-正力企业,Mini Program,,,本软件由正力企业管理有限公司开发的一款企业管理系统，主要针对在外做销售员工的签到签退管理。大大提高了人力资源的工作效率。
wx4d7f1da7a03c13d8,西南交通大学,Mini Program,,,西南交通大学
wxd0179be0d434b6a5,西南交通大学校友服务平台,Mini Program,,,西南交通大学校友服务大厅小程序
wx761765f79280ecbd,西南民族大学一卡通,Mini Program,,,为西南民族大学一卡通系统提供充值和查询服务
wx8802b9142e64a427,西南证券,Mini Program,,,用心创造价值，专业成就梦想，西南证券为您提供专业的证券业务服务。
wx2d726f0eef6eb4c9,西双版纳公积金审批助手,Mini Program,,,移动审批小程序
wx9acf3cbd5a22c5f6,西子记账本,Mini Program,,,🔥免费多人共享记账本，3秒快速记账👉满足个人共享记账❗️情侣记账❗️旅游记账❗️班费记账❗️公司记账❗️商铺记账❗️轻松管理日常收支。
wx95225c7a8e5a7aa7,西宁住房公积金管理中心,Mini Program,,,西宁住房公积金管理中心官方小程序。
wxdfcabd87a53cd32c,西宁市15分钟公共法律服务圈,Mini Program,,,西宁市15分钟公共法律服务圈
wx616a80fdccdce917,西宁汽车站,Mini Program,,,西宁汽车站官方小程序
wx7fc2efd15cf91bd0,西宁网约巡游公交,Mini Program,,,西宁公交公司官方指定，城市公交出行必备！为乘客提供更全面的公交服务，带来更便捷、更低碳的公交出行体验。
wx8535a96af52213fb,西安MAYA摄影,Mini Program,,,西安玛雅摄影工作室为新派摄影，短短十年时间，已经累积开发了一千多种影像风格，玛雅的原创主题和文艺实景
wxe7b97b788b20bd67,西安中童儿童医院挂号中心,Mini Program,,,西安中童儿童医院挂号中心，为身高矮小，抑郁症，多动症，抽动症，语言发育迟缓，焦虑症，情绪障碍，学习困难，双相情感障碍，注意力不集中，性早熟、遗尿症、构音障碍、自闭症、感统失调等孩子提供咨询预约挂号服务。
wx91b137a9c2e415cc,西安交大一附院互联网医院,Mini Program,,,提供患者挂号、缴费、报告查询等服务
wxbd651a3f923414b4,西安交警安监业务小程序,Mini Program,,,用于西安交警支队安监科相关业务资料上传与采集
wx6027fc46350a95fc,西安交通大学口腔医院,Mini Program,,,西安交通大学口腔医院互联网医院
wx3bd2a56b20b33e97,西安交通大学城市学院校e通,Mini Program,,,为全校师生提供便捷的校园E卡通线上服务。
wxbf2274c57808e939,西安交通大学研究生体育健康走,Mini Program,,,西安交通大学研究生体育健康走小程序将步数统计功能与交大体美劳管理平台相关联，为研究生提供精准、便捷的步数记录服务。
wxe4ac5d6e174783c2,西安公共法律服务平台,Mini Program,,,西安市公共法律服务数字平台是以满足群众的公共法律服务需求，使群众需求得到一网通办快捷办理为目标推出的公共法律服务平台。
wx9a71825e953111cb,西安市儿童医院互联网医院,Mini Program,,,"西安市儿童医院,儿童医院,预约挂号,专家线上问诊,健康咨询,查报告,网上买药,药品邮寄,检查检验缴费,病历复印,互联网医院."
wx7b1baac614ebed72,西安市红会医院,Mini Program,,,西安市红会医院官方小程序，提供南北两院区挂号、缴费、查报告及互联网医院等服务。
wxb8ff6d60f534eeff,西安市车管所废旧号牌回收小程序,Mini Program,,,废旧车牌回收小程序用于西安市交警支队车管所窗口工作人员在办理业务过程中回收废旧车牌工作流程的记录与审核
wxf99fa54364208f47,西安建筑科技大学本科教育教学,Mini Program,,,本科教育教学相关内容
wx6c2357a4d7cbc162,西安科技大学高新学院智慧后勤,Mini Program,,,提供智慧后勤相关服务管理
wx40c4d1c051569500,西安荟聚实景导航,Mini Program,,,该程序用于西安荟聚AR导航，主要用于停车场车位导航，广场内商户导航
wx8d2e81be2fd58d06,西安金辉广场购物中心,Mini Program,,,商场活动通知、品牌活动服务。
wx6f68b46827c8948d,西安附一儿童医院门诊预约挂号,Mini Program,,,西安附一儿童医院门诊预约挂号
wxa455757edb911fce,西安音乐学院,Mini Program,,,西安音乐学院“一网通办”移动端，方便师生办公办事，查询服务及相关资讯信息。
wx5250bd657547c8f7,西帕大药房,Mini Program,,,西帕大药房是新疆维吾尔药业有限责任公司全资子公司，西帕大药房旗舰店所有产品均是厂家直供，质量保证正品！
wx478136797e60e472,西康数字化办公系统,Mini Program,,,西康移动办公软件
wxc69ca9beb407a803,西昌政务,Mini Program,,,提供排队叫号预约申请
wxd65dacc5d4420c67,西柚记账,Mini Program,,,3秒快速记账，免费多人共享，满足个人、情侣、家庭、生意记账小程序。
wx5284266b41d9e148,西海岸公交e行,Mini Program,,,用于为乘客提供实时公交信息查询
wx14a53f9267e9f7c2,西瓜妈妈母婴团购,Mini Program,,,主要给澳洲本地华人提供全球精选母婴产品，同时分享澳洲当地溜娃好去处
wx3014bfb53c631f6f,西瓜工具,Mini Program,,,永不收费，不限次数，解析去水印工具，支持130多个短视频平台。
wx6995985a49fa0d80,西瓜编程,Mini Program,,,西瓜创客为7-13岁孩子量身打造了全新的编程课程，孩子易学爱学，支持电脑、平板上课。
wxa7d4406cc0e3e5ce,西科交通车,Mini Program,,,西南科技大学校园交通车，扫码乘车，校内路线定制。
wx4045470a5f979542,西苑医院预约就诊平台,Mini Program,,,西苑医院互联网医院小程序，为患者提供预约挂号、在线问诊、复诊开药、报告查询、门诊缴费、药品到家等服务。
wx8c7efff9647a295e,西藏公积金,Mini Program,,,为西藏公积金缴存职工提供公积金在线服务
wx7dbe33a939f262f0,西藏政务,Mini Program,,,西藏自治区政务小程序
wx0f9c0a4f37f23bb6,西藏票务通,Mini Program,,,西藏客运班线，时刻查询。车票在线查询，购买
wx4e033a64f8735d07,西藏航空,Mini Program,,,为您提供机票预订、选座值机、航班动态查询等贴心服务。
wx6169148ce52f06ea,西藏阜康医疗,Mini Program,,,为医院提供线上智慧服务，将院内的服务延伸到院外，将线下服务扩展到线上服务，提高服务质量和效率
wxe31e3ddd5912a1f4,西西子国风摄影,Mini Program,,,西湖风景 西子旅拍 拍出你的喜欢
wxf1deae17c361e0d6,西遇微商城,Mini Program,,,西遇商城小程序
wx2c9ba491244c1feb,西部证券研究,Mini Program,,,西部证券研究小程序
wxd94234f659837faa,西部证券财富管理,Mini Program,,,西部证券财富小店
wx686363a14b08832e,西高新智慧停车,Mini Program,,,智慧停车。
wxed3c8520ff4b43dd,观心实验室心理服务,Mini Program,,,专注于解决用户心理困扰
wxac9fb25d11f5e560,观树咖啡,Mini Program,,,观树咖啡官方商城
wxdcfca08b19fdd9dc,觅娅咖啡,Mini Program,,,觅娅咖啡
wx2d698624b0f77fbd,视AI下载提取,Mini Program,,,视频提取、视频提取器、提取视频、下载视频提取器、视频下载提取器、视频一键提取，多平台视频下载
wxadce9336c6937269,视频万能提取器,Mini Program,,,视频提取器，短视频解析下载，短视频去水印，微视频下载，视频下载工具，视频下载机器人，视频提取下载助手，多多下载，链接提取视频
wx529738d40e0e9de4,视频下载去水印文案提取小助手,Mini Program,,,蝴蝶🦋视频下载，视频去水印，视频去水印提取，短视频下载，短视频去水印提取，视频提取，视频文案提取
wxb0ae5c39c6d55c19,视频下载提取器,Mini Program,,,提取下载-视频下载提取器丨支持多视频免费提取丨视频提取丨蝴蝶视频下载丨用于测试和学习丨视频去水印提取下载丨下载视频提取神器丨视频下载助手丨用于测试和学习研究丨万能提取l请勿对外发布丨解析视频下载工具丨下载视频提取器l一款免费工具类小程序！
wx577bb6f100f10192,视频公话,Mini Program,,,智慧校园视频公话终端
wx05d4e21edb89076a,视频刷刷,Mini Program,,,你想看的、想听的广场舞视频，都在这里
wx444ab511edb6b062,视频压缩神器,Mini Program,,,视频压缩神器，免费的视频压缩工具，视频大小压缩，视频压缩助手。图片压缩，图片大小压缩，证件照图片压缩，压缩图片KB大小。
wxd776b0de5c4953c3,视频去字幕免费工具丨达多多,Mini Program,,,去字幕，视频去字幕，免费去字幕，去字幕免费工具，免费去视频字幕水印，视频去字幕去水印，视频去字幕一键去除，去字幕软件，视频去文字，牛马去字幕擦擦去字幕去水印鲁班创作鱼去字幕3d视频去文字，550w ai二创ai羽点轻抖山竹绿豆蜗牛视频去字幕
wx6eaf93963dc2716a,视频去水印 一键去水印,Mini Program,,,视频去水印 一键去水印，去水印免费工具，图片去水印，短视频水印一键去水印，高清无水印保存
wx65a69fd27fb7e18f,视频去水印上轻抖,Mini Program,,,短视频营销服务平台，集去水印、文案提取、带货选品、找素材、文案提取、权重查询、提词器等多功能于一体，为创作者提供高效便捷服务！
wxda0a326f621d987d,视频去水印丨图片去水印,Mini Program,,,视频去水印、图片去水印、免费去水印神器、去水印免费工具、去除水印、抖抖去水印、抖去水印免费、去水印免费助手、视频去水印免费、免费视频去水印、短视频下载 、去水印保存视频、免费去水印、一键免费去水印工具、永久免费去水印，解析无水印视频下载。
wx09e2e44b3cd4ac10,视频去水印免费,Mini Program,,,去水印免费工具，短视频去水印，抖快视频水印等，无水印保存:免费去水印助手@去水印软件@去水印免费神器@一键去除水印助手
wx7edbe800287eedec,视频去水印文案提取蝴蝶下载,Mini Program,,,集语音转文字，语音识别，文案提取，配音，图片识别等功能于一体的自媒体工具小程序
wx47d026b451350289,视频去水印永久神器,Mini Program,,,去水印免费工具、支持视频去水印、图片去水印、一键去水印，去水印一键取图、高效去水印、去水印小程序。
wxd2f3c544af4c7439,视频去水印网红传媒,Mini Program,,,视频去水印，图片去水印，视频提取下载无损画质，无水印保存视频工具，一键去除水印小程序。
wx09382ebd16668757,视频图片下载器,Mini Program,,,素材提取，一键免费下载，淘宝，小红书，公众号等平台的视频和图片信息。视频封面下载，视频背景音提取，视频去水印下载。免费去水印。视频下载，图片下载。视频图片下载。
wxd5a0b1e0381d3fa1,视频宝典课程,Mini Program,,,海量视频课程
wx67294c307a35ae46,视频投票,Mini Program,,,视频投票小程序 - 免费专业制作投票系统，一键发起线上投票评选活动。提供免费的微投票小程序，轻松创建朋友圈投票、视频投票、图文投票、文字投票、群内投票、音频投票、文档投票、多人投票等多形式的在线投票制作工具，网络投票程序。#投票#投票评选
wxdfbe9fef7a5e2e5e,视频提取下载去水印,Mini Program,,,视频提取器、视频提取下载去水印、提取下载工具，免费去水印工具、视频下载、短视频去水印下载、下载视频，视频提取下载、视频提取，下载。
wx697145206004552a,视频提取下载神器,Mini Program,,,视频提取下载神器，免费去水印小程序，免费视频提取，提取视频，解析下载视频，全网链接提取一键保存，视频提取保存到相册，去水印视频一键去除。
wxf0993bad12e0663c,视频提取保存神器,Mini Program,,,永久免费的视频提取器，支持视频提取、视频保存的神器！
wx49f3b4b4616c36e4,视频提取去除水印,Mini Program,,,分享一键去水印视频提取工具，支持图片视频去除水印简单又好用的工具。
wxee6a7cc46fd5e727,视频提取器+,Mini Program,,,视频提取，视频提取器，一键提取视频下载神器欢迎关注。
wx316d11acc193bc5a,视频提取宝,Mini Program,,,视频提取宝｜短视频内容处理专家支持主流平台视频解析，智能分离高清视频/纯净音频/完整文案。专注解决自媒体创作与电商选品的内容处理需求，持续优化用户体验。
wxb3beaa0e0effbea8,视频查看管理终端塞米共创,Mini Program,,,视频录制查询管理系统
wx7bdb3f85a5ec0aec,视频格式转换助手,Mini Program,,,在线视频格式转换 | 视频压缩 | 视频转换 | MP3转换 | MP4转换 | GIF转换 | 视频码率、比特率转换
wx4f2e5e7f3d1250e9,视频语音转文字神器,Mini Program,,,专业的视频转文字、语音转文字、录音转文字、音频转文字工具
wx973a37c66b5228c6,视频转动图GIF,Mini Program,,,视频转GIF，视频转动图，短视频下载，去水印，动图制作，GIF制作，短视频下载，去水印，视频去水印，红包封面。
wx27efed0adb359481,视频转文字提取,Mini Program,,,视频转文字，视频提取文字，多平台链接转文字，音频转文字，本地视频转文字，去水印，AI写作等自媒体全能工具箱。
wxad2ef006d957bdd1,视频转音频,Mini Program,,,免费视频提取音频，视频音频转换，将视频转换为mp3音频格式
wx25979534d0f3e64e,视频转音频丨达多多视频提取音频,Mini Program,,,视频提取音频，视频转音频，音频提取，视频音频提取，提取音频，视频转音频mp3，视频转音频mp3提取免费，音频转换提取，视频转音频小程序
wx2d29b803313fd46b,解悠货车服务,Mini Program,,,货车好服务，安心选解悠。
wx9240d0ca9e0fa39c,解放军总医院第九医学中心,Mini Program,,,为患者提供线上咨询等功能
wxf3572d175ee3f417,解放军总医院第五医学中心,Mini Program,,,解放军总医院第五医学中心北院区小程序
wx2545f2fff15a2848,言宸析酒店餐厅,Mini Program,,,本餐厅主要服务于公司内部员工就餐以及周边社区居民就餐
wx08115d7fb1d9f9dd,誉乐民宿,Mini Program,,,誉乐民宿采用互联网技术，打造自助24小时无人休闲娱乐空间，提供更加舒适，静谧的娱乐体验
wxdb8326b5031f92c3,计件云通,Mini Program,,,计件云通是一款专为服装制造业量身打造的集生产进度监控、计件工资核算等功能于一体的办公软件，旨在通过科技手段简化复杂的生产与财务流程。其核心亮点智能计件工资模块，显著提高财务处理效率杜绝人为误差。立即体验，让智能化管理助力您的企业迈向更高层次
wx9af8a8421742d57d,计件工资记账,Mini Program,,,计件工资记账是一款适用于工厂员工及计件工作者的记账小程序，只需输入单件价格和件数，即可快速计算并记录出准确的收入金额。
wxff4eb56c9328f21c,计分器记账助手,Mini Program,,,日常生活记账助手
wx5bdc771c0e23a6fd,订单熊聚合电影院,Mini Program,,,订单熊是国内知名的影院在线购票平台专注于提供低价电影票。不仅提供前沿的电影资讯，还为消费者带来丰富的优惠电影福利。
wx9e42e267dac798f2,讯飞US,Mini Program,,,讯飞US是讯飞速运在线下单，查询物流轨迹的的小程序，欢迎大家
wx27df710d07c7e68b,讯飞晓医全程患者管理,Mini Program,,,提供全病程患者管理服务
wx781e8579951d3804,记分教育学习考试平台,Mini Program,,,在一个记分周期内记分达到15 分以上（不含20分）的营运驾驶员，需要参加安全生产、道路运输法律法规和相关知识的学习、考试。
wx47b49fca9f70b4b0,记工时记账本工具,Mini Program,,,💰记工时记账本记账工具，小时工记账｜零工记账｜兼职记账，专为打工人、灵活就业者打造的记工记账工具。支持工时记录、收支明细管理，老板对账等，数据清晰可查，告别糊涂账，守护每一份劳动所得💗
wx81f1d2e0905ffabb,记工记账本,Mini Program,,,专为老板/班组长/工友打造的记工对账软件，一人记多人账，考勤算薪不费力！
wx40be6dabd3b55864,记者之家MALL,Mini Program,,,中国记协新闻培训中心秉承”服务新闻界，打造文化社区”理念推出综合性线上商城，提供书籍刊物、文创周边和生活用品等一站式服务
wxf116bbbb6ce3135e,记者之家大学堂,Mini Program,,,权威政策解析，深刻理论阐释，前沿行业动态，鲜活案例共享，“记者之家”大学堂，全国新闻工作者终身学习的好课堂。
wx34b3d09da4ff29aa,记账丫丫,Mini Program,,,摆摊记账，鲨鱼记账，icost存钱记账功能，这是一款免费高颜值的喵喵主题记账小程序，适合个人记账，家庭记账，生意记账
wxf1f67e55771f2864,记账便签,Mini Program,,,便签，记账，记事本。数据永久云端加密存储安全永远不丢失。
wx2d63428e31abc335,记账家庭版,Mini Program,,,3秒记账，多人免费共享记账，适合家庭记账、情侣记账，这款简单方便的记账本，让生活开销一目了然。
wx802dd93180c3434a,记账小荷包,Mini Program,,,AA记账，多人共享记账，支持多账本多币种。适合旅游记账，情侣记账，聚会记账，家庭记账，攒钱记账，合租记账等，方便快捷，记账就用小荷包！
wxc1c054204c76052e,记账收支本,Mini Program,,,记账本、收支记账、流水记账、家庭记账、生意记账、AA记账、班费记账、公司记账、打牌记账、经营记账、情侣记账、多人记账、共享记账、差旅记账、合租记账、 婚礼记账、报销记账、鲨鱼记账、随手记账、旅游记账、记账软件、记账app。
wx61fd7ce6e39c1bca,记账日记本,Mini Program,,,记账日记本，免费记账软件，3秒快速记账，简单、快速、多场景、多维度，让个人财务清清楚楚，明明白白。
wxd9105327dd9f7bea,记账本工具,Mini Program,,,记账小程序，记账本，AA记账、经营记账、生意记账、情侣记账、家庭记账、班费记账、公司记账、报销记账，欢迎使用。
wx1472be3eb2bc2209,记账本管家,Mini Program,,,生意记账、班级记账、婚礼记账、情侣记账、AA记账、家庭记账、公司记账、合伙记账、报销记账、记账软件、记账app、多人记账、旅游记账、记账审批、记账本
wx7e3e0f83425f6d61,记账流水本,Mini Program,,,记账本、收支记账、流水记账、家庭记账、生意记账、AA记账、班费记账、公司记账、打牌记账、经营记账、情侣记账、多人记账、共享记账、差旅记账、合租记账、 婚礼记账、报销记账、鲨鱼记账、随手记账、旅游记账、记账软件、记账app。
wx83751e0b23891b74,记账计分,Mini Program,,,打牌、游戏的记账工具。打牌助手，打牌计分，打牌记账 轻松搞定。
wx2062ab139cd96002,许愿式编程助手,Mini Program,,,75+免费开发者工具箱：二维码生成识别、JSON格式化、Base64编解码、UUID、时间戳转换、MD5/SHA哈希、正则测试、图片压缩裁剪、JWT解码等。全离线运行，数据不上传，安全高效。总有一些工具比AI更高效！
wx68a18dccae92ede0,证件照图片助手,Mini Program,,,免费证件照制作、证件照尺寸修改、更换证件照底色&背景色、证件照换装、图片压缩、图片清晰度修复、图片去水印、加水印、黑白照片上色、美颜、换脸、卡通图片制作、一键抠图。
wx9078fe178dd2a955,证券从业题库,Mini Program,,,证券从业（证券法规＋金融基础）、证券投资顾问、证券分析师、保荐代表人、高管测试、合规测试、评级业务测试真题题库，答案详解、章节题库。
wxc389952407469021,证券通资讯,Mini Program,,,上海证券通
wx15a04adb25ad50b8,证券通赢策略,Mini Program,,,小程序主要提供接收推送消息、客户查看账户的功能
wxd48e7aa3945639ca,译林智能英语,Mini Program,,,本产品是AI驱动的智能英语小程序，为在线学习提供沉浸式熏听、跟读分析、读后测评、AI 互动问答服务，辅助提升用户听说读能力。
wx3d572ad3bb2ac11c,译林英语电子书课本点读,Mini Program,,,免费英语点读跟读工具，提供人教版、沪教版等版本，小学英语、初中英语人教版英语点读小程序 1-9年级中小学英语同步电子课本点读跟读，课文单词跟读音频。
wx73ffd1aa27757e6a,诗丽堂美丽商城,Mini Program,,,会员商城
wx7107136a47c395d7,诗普琳客户服务,Mini Program,,,诗普琳客户服务
wxbc1873a26cf7c6cd,诚信菜谱餐饮品牌,Mini Program,,,助力中国餐饮，打造必赢品牌。让东北餐饮走向全国，让中国餐饮走向世界。
wx0451c25fb12fdab0,诚泰保险服务号,Mini Program,,,提供诚泰保险客户简便快捷的线上理赔申请服务。
wx16cdeb5e478498e2,诺奖智慧健康,Mini Program,,,应用AI智能技术，为健康管理插上科技的翅膀
wx8abcd3b832d9975c,诺捷人工智能烘烤,Mini Program,,,诺捷公司开发人工智能烘烤应用平台
wx7d3108e3df0ef158,诺禾致源医学客户服务系统,Mini Program,,,医学客户下单
wxf506eabf01167a0b,读书瞳阅读记录,Mini Program,,,读书瞳绘本阅读机器人是基于最新一代人工智能科技打造的0~12岁儿童早教产品，让孩子回归纸质阅读，不再沉迷电子屏幕。
wxd9f34484ab9c9dbf,读小说背单词-境读,Mini Program,,,"看小说高效背单词、学英语。单词界邪修来啦！单词记不住、阅读看不懂？读中英双语小说学英语，边读边听边复习，语境记词 一步到位！
用丰富小说做阅读素材，中英混合理解句意，搭配发音与智能复习，既练英文积累词汇，又告别哑巴英语与死记硬背。"
wx0f04aeecd6d6c3e9,课下学习助手,Mini Program,,,集学员课表、背单词、物料学习、课后反馈查看、作业提交等功能于一体，汇集出国留学高价值留学资料及备考工具，随时随地在线学习！
wx03a9f8d04d25700b,课后阅读,Mini Program,,,用心挑选经典读本，满足孩子们课后阅读需求。每天1本书，一起畅游阅读的海洋，享受阅读的快乐吧！
wxc03e1e949113ef45,课外阅读测试,Mini Program,,,包含中小学课外必读书目测试题，自动组卷，随时随地检测阅读质量
wx23fa63016d7b19d8,课程与待办,Mini Program,,,一款简洁易用的校园日程工具，支持单双周课表、多学期管理、智能课表导入、待办与日记记录，让每天的学习安排更清晰。
wx3aefe4a8854ae99f,课程之家,Mini Program,,,提供学校记录服务
wxa861d9f2075cee36,课程安排系统,Mini Program,,,内部排课使用
wx7b0759f1c1d85966,课程管理系统程序,Mini Program,,,用于主、副专业教师、学生教学使用。
wx8851403ebdf09566,课程表,Mini Program,,,课程表，超级简单好用的课程表管理工具。支持幼儿园、小学、初中、高中、大学、研究生等。同时支持大学教务系统一键导入。
wxbfea8b406eea1b72,课程表智能助手,Mini Program,,,极简课表，专业课程表，班级课程表。🔥🔥🔥
wxa444274b2b38739e,课间操无人健身房,Mini Program,,,24小时，无推销，按次付费。
wx85e6a915080b0957,谋势人工智能,Mini Program,,,谋势 AI「全链路 AI 商业服务平台」拥有超级个体「OPC 个创 AI」、超级组织「企业 AI」、超级品牌「品牌 AI」三大体系，提供 IP 智能获客、企业AI智能体定制、GEO品牌传播+AI 商业短剧主角产品植入，释放AI数字化商业价值
wx9116c0f0701e3bb2,谋士标准版SCRM,Mini Program,,,帮助足浴/足疗/按摩养生等实体门店构建全渠道获客私域流量池，功能包括店务管理、全渠道营销、流量转化、私域运营、共享股东...
wxceeea511fab5f879,谋臣界电商Ai工具箱,Mini Program,,,谋臣界电商Ai工具箱
wx30e7cd5500a27722,谦坤课程,Mini Program,,,谦坤医考拥有十余年中医培训经验，专业从事中医新老专长考试培训项目。教学经验丰富、通关率高、赢得广大考生的一致好评。
wx4d6fe3915fca6feb,谱链发票大师,Mini Program,,,发票大师-会计记账电子发票ocr扫描查验ofd录入查询助手。发票重复报销？发票难辨真假？报销繁琐？费控迷雾？用发票大师！一站式解决！
wx5169bcb7bf4c1a47,谷子记账,Mini Program,,,面向动漫、游戏周边（谷子）爱好者的收纳＋记账工具，包括待买、持有、待售、已售四大板块，帮助你实现快乐吃谷不超支。
wxd9963392c23820f9,谷雨健康在线,Mini Program,,,谷雨康健在线是一个专注于健康体检及医疗健康咨询及服务的平台
wxc763eb706f2639cc,豆果美食菜谱大全,Mini Program,,,超过500万道美食菜谱，在家做饭，就用豆果
wx7b5864f50d1dc69b,豆源AI音乐,Mini Program,,,豆源 AI音乐 集成 AI 作词、专业编曲与高质感翻唱，支持最新 SUNO 模型。无需专业门槛，一键将你的每一个创意灵感转化为高质量歌曲。
wx7c5b2f39091575dd,豆豆英语点读,Mini Program,,,英语学习神器！提供单词表、句子点读、课文朗读、拼写练习、发音跟读、音标学习、看图识字、自然拼读等丰富功能，让孩子轻松掌握英语，提高学习兴趣与成绩，家长老师好评如潮。
wx0adbbbad2ca6a06c,象皮泥编程,Mini Program,,,硬件编程、少儿编程、Arduino智能编程、Scratch编程
wx243286a1db7e4aa3,豫事办,Mini Program,,,豫事办以便民惠民为宗旨，以互联网大数据为技术支撑，涵盖与百姓生活息息相关的便民功能，打造新型政务服务综合平台。
wx5c41c321ceb5c552,豫州行汽车票城际拼车快车预订,Mini Program,,,提供汽车票，城际快线，城际拼车预订服务
wx028182652935292c,豫知科技,Mini Program,,,提供日常工作的数据提交、查看等相关功能，为工作人员实现方便、快捷的操作体验。
wx3942f22f0e5b4bba,貘鱼智慧娱乐,Mini Program,,,貘鱼MOYU智慧平台为您提供台球厅、棋牌室和智慧欢唱KTV服务，全国数百家门店，欢迎各位球友、牌友、歌友光临！貘鱼持续扩张门店，持续招商，意向客户可进入小程序点击相关内容联系、咨询。
wxe87553a1e044f5a5,贝因美生意地图,Mini Program,,,最佳生意地图
wx6bfd9cbe5792f5e0,贝比淘母婴,Mini Program,,,母婴用品
wx0280d9af656da1b6,贝比贝尔的学习机,Mini Program,,,为贝比贝尔练习册提供扫码对答案、拍照批改、口算训练、姓名描红等服务。一年级|二年级|三年级|四年级|五年级|六年级|七八九|初中
wx93b138d2b2f6b474,贝爱民宿房东端,Mini Program,,,民宿房东专属运营助手，一键管理房源、订单、收益与房客，随时随地高效打理民宿生意，实现省心高效管理。
wx178c46c8778acffa,贝爱运动,Mini Program,,,一键绑定智能硬件，轻松查看运动数据与提升攻略
wx3f146ff34ba39c66,贝瑞咖啡,Mini Program,,,贝瑞，陪你的好咖
wxc967f65a40119d08,贝瑞睡眠管家,Mini Program,,,连接蓝牙硬件，传输睡眠数据
wx044f79b1ba1a96d8,贝臻-臻爱客户端,Mini Program,,,贝臻-臻爱客户管理平台
wx6b698a1f5c008282,贝舒克母婴供应链,Mini Program,,,贝舒克内部使用的供应链小程序
wxef2991d5f9b0b3c4,贝贝慧桥教育,Mini Program,,,小程序主要从事内容为信息技术咨询服务和软件销售。
wx7cb951987f074fea,贝达英语,Mini Program,,,致力于打造值得用户信赖的在线英语机构！
wxcff28aa0ad640951,贞策税务风险报告,Mini Program,,,税务风险报告检查
wx4a1e34c80013afab,财宝课程表,Mini Program,,,这个课程表是由河南财政金融学院的学生开发的目前只面向本校学生的课程表小程序。
wx5b705d11bd279728,财来记账,Mini Program,,,记账本小程序，支持打牌记账、家庭记账、共享记账、多人记账、定时记账，随手记录收支，轻松掌控财务状况。记账就是理财，也是隐形赚钱的开始，助您迈向财务自由，解锁“财神本神”等级称号，打造专属记账云伙伴。
wx28bf610020c66cda,财源滚滚股票,Mini Program,,,财源滚滚小程序为您提供专业的行情数据和信息资讯。为用户打造一站式股票投资平台。
wx0a7908c34640ebe0,财达证券财富管理,Mini Program,,,“新股申购日历”提供新股发行信息、新股中签相关信息及打新常见问题。小程序由财达证券股份有限公司官方发布，诚邀您来体验！
wx324c13ac14fb13aa,财通证券研究服务平台,Mini Program,,,财通证券研究服务平台
wx0df44f50251ba6d2,货宝宝会员,Mini Program,,,提供企业店铺商品展示，会员订单查询
wxbee7b25009c3d76f,货拉拉企业版丨拉货配送货运服务,Mini Program,,,货拉拉企业版专为企业提供物流配送解决方案。在功能上提供管理系统、月结账户等服务；在业务上提供定制城配、API技术支持等服务;
wxbd6225c07ffab1bc,货车帮服务,Mini Program,,,欢迎您使用货车帮
wx60183c730f4766b5,贪吃鬼菜谱,Mini Program,,,「贪吃鬼菜谱」提供了菜谱分享、食材匹配、采购清单（定时提醒）、以及“吃什么二选一”等功能、更多玩法等你发现哦~
wxc0287d06b41f1b90,购物中心微会员,Mini Program,,,常州购物中心微会员
wx40161b6ba4238139,贵人服务,Mini Program,,,贵州政务服务
wx13222946919e7912,贵和购物中心,Mini Program,,,位于济南泉城路核心商圈，是中国绿发投资集团开发建设的高端购物中心。通过官方小程序可第一时间享受专属线上折扣，各种会员福利~
wx368706622c86f546,贵州交通职业大学,Mini Program,,,欢迎报考贵州交通职业大学！
wx00ac1e76b8b3bc76,贵州医科大学第二附属医院,Mini Program,,,贵州医科大学第二附属医院
wxc12d07bcd0a0225b,贵州医科大学附属医院,Mini Program,,,贵州医科大学附属医院官方认证小程序，将为您提供查询结果、费用查询、预约挂号、支付、医患沟通等惠民便民服务等。
wx1a1539c406afaea0,贵州畅行汽车票城际专车预定,Mini Program,,,贵州畅行汽车票城际专车城际快巴预定平台，提供实时查询、线上订票服务，平台客服热线：4007676770，出行无忧，订票就上贵州畅行。
wx390cdf60b6d5488b,贵州聚源隆盛餐饮管理有限公司,Mini Program,,,申请扫码点餐
wx07222c2bd9d0879c,贵州苗西南饮品有限公司,Mini Program,,,苗西南用户订水小程序
wx2d4b08d55ea970d1,贵州银行,Mini Program,,,贵州银行是贵州省委、省政府领导下的大一型国有企业，注册地、总部设在贵州省省会贵阳市。
wx9b3135acb24c327d,贵州银行商户通,Mini Program,,,为贵州银行收单商户提供服务，一码收款、交易查询和对账文件查询等功能。
wx25deb2f4b5cd2b81,贵港公共法律服务,Mini Program,,,贵港市司法局推出“贵港公共法律服务”智能小程序，港北区推出“公共法律服务+DeepSeek”，
wxa6f8b1cb81ffe5db,贵港市人民医院移动医保支付,Mini Program,,,本小程序为贵港市人民医院看诊患者提供移动医保支付服务
wxdc35f74ad9192c3e,贵阳小智娱乐,Mini Program,,,24小时自助无人棋牌室
wx158cddd2199d0af7,贵阳银行,Mini Program,,,贵阳银行股份有限公司成立于1997年4月，是一家总行设在贵阳的区域性股份制商业银行。
wxae3319a84f5a5705,贵集商城,Mini Program,,,始终秉承“赠人玫瑰，手有余香”的服务理念，坚持“自用省心，分享省钱”的服务精神，打造全新直播团购互动会员服务平台。
wx473875e49b5e4df2,贵黔国际医院院内导航,Mini Program,,,利用移动互联网和移动智能终端资源，基于院内智能导航服务，为患者提供移动的、一对一的、精准的院内院外一体化导航服务。
wx5100451cc7f44a96,赋标相机,Mini Program,,,水印相机
wxe5af3e34ea4ec270,赛乐说课程,Mini Program,,,赛乐说学习平台
wx8dd1d9a50fb47a96,赛会通跑步,Mini Program,,,全面的跑步活动报名平台，丰富的跑步装备购买平台
wx287bac804f0bd873,赛弘医疗健康管家,Mini Program,,,赛弘医疗针对高血压数据管理，建立血压档案.
wx107a14376433f3ba,赛里木湖旅游,Mini Program,,,赛里木湖旅游
wx4765d6fa1a7bdc8d,赛鑫运动专卖店,Mini Program,,,是一款正品李宁货品购买渠道小程序
wx323420c62a326010,赞同科技移动办公,Mini Program,,,赞同科技股份有限公司旗下一体化移动办公云平台
wxc7b62d45a93fa4d4,赣州市昌盛大药房连锁有限公司,Mini Program,,,昌盛大药房，为您的健康保驾护航
wxb669b3a98fa67264,赣建宝,Mini Program,,,工人实名制小程序
wxe357e5ab21f541d1,赤壁市入学宝义务教育招生平台,Mini Program,,,赤壁市“入学宝”义务教育招生平台，共享我市住房、户籍等数据，实现家长掌上报、校区智能划分、户籍自动审，信息数据化等功能。
wxf06cf181bc7d62ae,赤峰宝贝壹选母婴商城,Mini Program,,,一个母婴相关的一体化购物商城
wx3bb6966ab0aa0937,赫兹归心睡眠,Mini Program,,,让深睡自然发生。
wx2986e0e4433d08b4,赫山教育云丨家长端,Mini Program,,,赫山教育云家长端是一款帮助学校与家庭实现对学生综合素质全面评测与关注、促进学生全面发展与健康成长的互联网教育服务平台
wx3b6620591928b48b,赫山教育云丨教师端,Mini Program,,,赫山教育云教师端是一款帮助学校管理校务、实现对学生综合素质全面评测与关注、促进学生全面发展与健康成长的互联网教育服务平台
wx579d4b2a967f239a,赫比发票扫一扫,Mini Program,,,赫比公司发票扫一扫小程序
wxf851857af1209bdc,赫米娅小火车太原店,Mini Program,,,赫米娅星际列车
wx55ef29d9111002f0,走之旅行,Mini Program,,,和有趣的人一起去看世界。
wx84f1a4bf8dbbed1e,走飞云外卖,Mini Program,,,走飞云，美食外卖│本地商城│跑腿代购│美食预订│，走飞云，你点我来送，足不出户坐享美食！
wx8a53973ba8aa631e,赶集招聘 招人求职找工作,Mini Program,,,赶集招聘是集合招聘、找工作为一体的综合型招聘平台，为您提供专业、高效的招聘服务体验，帮您快速招到好人才、找到好工作。
wxb12769a969a1a79b,起源电商,Mini Program,,,"起源ERP小程序端
随时随地查看店铺订单，物流情况"
wx7a9a45a2ec94a1be,起点读书,Mini Program,,,起点读书，集合看书、听书为一体的原创网络小说书城。这里有超火的《庆余年》《大奉打更人》等影视原著，还有海量会员免费有声书等你来听
wxefd165ef64e07ab6,起道体育课程管理系统,Mini Program,,,起到体育排课系统，会员约课消课教练学员评价订场。起道体育是一家专注于体育运动技能培训机构，主营业务包括网球篮球少儿体适能
wx8caeb48d8358ec22,超人数学办公助手,Mini Program,,,本软件仅作为自用办公软件，记录工作内容
wxc23c2d2a92c55e3b,超会省联盟 I 外卖打车酒店电影,Mini Program,,,提供本地吃喝玩乐资源查询。
wxc8abf132a78ca06e,超值购生活馆,Mini Program,,,贵阳农商银行“15分钟生活圈”，超值购生活馆。
wx45b1816a3281c980,超小抄地图,Mini Program,,,方便大家快速查询小抄攻略！非常实用的攻略工具！
wx053e334cb0990ab9,超强英语全能力,Mini Program,,,《超强英语全能力》是一套专门为中国学生量身打造的、经典的英语学习教程。
wx7fd7173d89fe66c3,超慢跑丨跑步节拍器丨居家轻运动,Mini Program,,,【轻轻迈 超慢跑】一款超慢跑步频节拍器小程序，可进行10/20/30分钟计时、连续打卡，数据保存在本机。轻松完成一次居家轻运动。
wx24015a3ef0ca866a,超慢跑节拍器,Mini Program,,,节拍器🔥随身节拍器🔥超慢跑180节拍器简单Pro模式，支持后台播放100-180-300步频，跑乐音乐同放、历史数据查询等
wxda89853021839572,超慢跑节拍器 180步频,Mini Program,,,专为运动爱好者定制的手机节拍器🏃 可定时、可背景播放，有多种音效。通过调整和优化步频，改善跑步体验。
wx6077252681dd3ed9,超有泡泡茶,Mini Program,,,欢迎来到超有泡泡茶手作
wxbada4804d1c70955,超有财记账,Mini Program,,,通过财商思维记账方法，帮助大家梳理清晰个人财务现状，并通过财务报表的制作、分析和优化，提高个人财富水平，最终实现财务自由。
wxb207e09960e3ee05,超格教育,Mini Program,,,超格教育
wxe14279011c2b94c7,超然工具箱,Mini Program,,,CZRCROSS用于主页展示预览数据保存学习用途
wx0efbe4601aed7dfe,超级前台企业云卡,Mini Program,,,超级前台是以“服务之窗”为平台的高端服务运营商，打造基于物联网、人工智能、大数据前台云的多场景、跨平台的楼宇生态系统。
wxf318b75c23bc4c33,超级哑铃共享健身,Mini Program,,,按次付费 无人打扰 24小时共享健身房。
wx01a677eff18eb309,超级数学思维,Mini Program,,,介绍新加坡CPA教学法，用游戏化的教学方式全面提升计算、应用、逻辑推理、空间想象、分类统计、归纳等数学能力，建立系统性数学思维
wxcf5fb53bbef6a968,超级相机,Mini Program,,,超级水印相机，提供时间水印、地点水印、经纬度水印拍照功能，简单又好用的水印相机，生活学习打卡的水印相机，防篡改的水印相机。
wxc245d88af271eb78,超级短视频去水印解析,Mini Program,,,短视频去水印支持更多平台一键保存到相册支持图片保存
wx7b4918c866cf07a4,超自然地图,Mini Program,,,超自然行动组小抄大全
wx1c0625c842d733d5,超鹿运动,Mini Program,,,秉承“使生命更澎湃更长久”的社会使命，依托零售式经营理念，为用户提供便捷、高性价比，优质体验的健身运动服务。
wx674a0dc0f3ef4ff1,越弘科技,Mini Program,,,专注于服饰及周边行业15年，专为中小型服饰公司做ERP的公司
wx0d684126f2cfb5fb,越洋广场办公服务,Mini Program,,,越洋广场及商场租户员工办公服务
wxf2facde6bc30607b,趣味互动抽奖工具,Mini Program,,,"自定义大转盘抽奖,九宫格抽奖,摇一摇抽奖,扭蛋机抽奖,信赖的抽奖助手，各种趣味抽奖玩法，应有尽有，公平、公正、公开的抽奖工具。"
wx62e490a271c7f37b,趣味好文阅读,Mini Program,,,每天分享精彩内容，传递生活正能量！
wxd59e3ad2a0025cfb,趣味小厨菜谱,Mini Program,,,下厨不知道吃什么？来趣味小厨菜谱找灵感！🎯 收录了家常菜、地方特色和烘焙甜品，从备料到出锅一步步跟做不翻车。把喜欢的菜分享给饭搭子，今天一起做顿好吃的吧！
wx8029bcc0f0546db3,趣味美食制作,Mini Program,,,趣味美食制作来啦，海量美食三消关卡随心闯，舒缓心情又消磨碎片时间，老少皆宜小游戏～
wx4242224041cec44b,趣咖文化传媒-企业管理,Mini Program,,,无忧之梦
wx5742999365da6bf0,趣排队AI数智通,Mini Program,,,实现数字化管理工具优化流程，经营分析平台实现数据驱动的决策支持，增强团队协作效能，全面助力商家降低成本、提升效益。
wx2ded7c2a06ef15ea,趣智校园,Mini Program,,,趣智校园是一款为校园智能设备提供服务的小程序
wxb2ed6879cc433ea4,趣订外卖,Mini Program,,,手指一点，美食送到，趣订外卖，让你享受美食盛宴!
wxbb9c3b35727d8ce8,趣运动羽毛球足球篮球游泳,Mini Program,,,趣运动，一个为用户提供全国运动场馆在线预订的平台，超过5000间场馆一键预订，付款后即时确认，商家100%预留场地。
wx934845790ea23c21,足球直播,Mini Program,,,提供 足球即时比分直播、足球回放、足球比分、世界杯赛程等讯息
wxc7aae513a33f220f,足遇良才丨技师直聘求职找工作,Mini Program,,,专注足疗、按摩、SPA、采耳行业垂直招聘平台。为足浴技师、按摩师、采耳师提供全国求职渠道，平台人工核验全部门店岗位，薪资透明无套路；免费发布招聘信息，智能匹配合适技师，一站式解决行业招工难、技师求职踩坑难题，技师直接对接门店，全程无中介。
wx38b0bed275763e1b,跃动多多工具箱,Mini Program,,,"洛克王国世界:PVP,孵蛋查询，家园信息查询，精灵技能图鉴，热门阵容等相关功能，原名：洛克多多工具箱"
wxfccffc370e7f08a8,跃扬睡眠监护,Mini Program,,,跃扬智能床垫睡眠监护小程序，可以实时监测生命体征、查看睡眠报告、分析睡眠呼吸障碍
wx82d6b261f4392766,跃网运动Rising Pro,Mini Program,,,RISING PRO TENNIS每一次跳跃都奔赴热爱。跃网深耕网球领域近10年，致力于开创新一代球类运动服务品牌。
wx4521ad47c691d401,跑团宝,Mini Program,,,跑团宝是一款专为跑团提供运动打卡和管理服务的系统软件。
wx384ec36163f6fa84,跑步180节拍助手,Mini Program,,,控制我的跑步节拍，记录我的跑步步数、体重、BMI、体脂率等趋势状态，提供轨迹打卡。
wx50f3859dacb1fdc4,跑步修,Mini Program,,,手机钢化膜库存查找系统
wxa485e97fe9f38cea,跑步健身助手,Mini Program,,,跑步配速助手，跑步节拍器，计算跑力，心率区间，规划跑步区间，高效训练，助您马拉松PB，Keep Running~
wx63ba34db0fd110ee,跑步前进,Mini Program,,,跑步前进官方小程序
wxb1c04824023eb22e,跑步吧装备,Mini Program,,,跑步吧自媒体推出的跑步装备购物平台，为跑友提供物美价廉的跑步产品
wxea7d66ac28ed1b57,跑步咖啡 铁路局店,Mini Program,,,点单平台
wx3fd7ce39df9c9e27,跑步圈,Mini Program,,,跑步打卡，跑步排名，运动步数排行榜，跑步地图，户外跑步在线记录，跑团跑步运动助手，地图轨迹记录打卡，跑步计步器，运动轨迹地图生成器，跑步记录器，跑步数据。
wx36f8b47b45f51786,跑步小助手,Mini Program,,,记录跑步运动轨迹，跑步距离，运动时长，平均配速，卡路里消耗，按月统计跑步运动汇总信息，自动检测未完成运动，支持跑步运动详情分享。
wxcfde890dfbbc84a2,跑步帮手,Mini Program,,,为跑者打造的全能跑步助手！涵盖跑步配速、距离与时间计算，心率监测、马拉松赛事查询等功能，还提供跑步节奏节拍器、BMI/体脂率/最大摄氧量计算等多种专业工具，助你科学训练、稳步提升。更有丰富的跑步教学视频与图文指南，陪你一起跑得更远、更健康
wxdfe69602fd6182f5,跑步打卡,Mini Program,,,跑步打卡、运动轨迹、运动轨迹记录、跑步记录、运动计步、运动步数等提供跑步小程序，不用下载APP就可以使用的跑步小程序
wx6ead2aaf02651101,跑步打卡轨迹图,Mini Program,,,好用的户外跑步记录器✅运动路线轨迹，公里数🚩里程记录助手、时间工具等，快找附近跑步群驴友一起打卡你的运动数据把。
wx2e3274146a5c1192,跑步打卡运动,Mini Program,,,"跑步运动记录与统计，运动步数导出，群组成员统计可以导出Excel,步数兑换礼品，早起打卡，早睡打卡记录，敲木鱼许愿"
wxa212ce12ac07e9b6,跑步节奏Pro,Mini Program,,,借助前沿人工智能技术，为用户呈上专业的跑步姿态测评与贴心健康指导，推动企业在智慧健康领域踏出坚实创新步伐。
wx33036a14670e190a,跑步节拍器Pro,Mini Program,,,专业好用的运动节拍器，支持设置步频、正计时、倒计时、横屏播放，可用作超慢跑节拍器、跳绳节拍器
wx94eef1728200f288,跑步虫,Mini Program,,,配速计算器、跑步能力评估、马拉松成绩预测、定制个人训练计划。跑步家，跑友家，跑步加
wxded1b113259f4340,跑步计时器助手,Mini Program,,,跑步记录
wx26377be1b78047fa,跑步记录仪,Mini Program,,,跑步记录器，跑步打卡助手，运动轨迹记录，运动计步器，跑步时间和距离统计。跑步群排行，跑步数据导出，健康管理小助手
wx77584df1a3e1c5c2,跑步记录助手,Mini Program,,,跑步记录助手，跑步记录器，跑步记录仪，跑步轨迹记录，跑步地图，跑步公里记录，跑步排名，跑步速度记录等
wx07f8ade717863f2e,跑步记录器,Mini Program,,,跑步在线记录器，计算你的速度，距离和运动时间，记录跑步运动公里数，海拔高度测量，骑行、计步及轨迹。
wxf6e6d57197819548,跑步记录打卡,Mini Program,,,跑步维生素，马拉松报名，跑步记录助手，跑步记录器，运动轨迹图生成器，跑步照片。
wxb0d6e8d22db8cd9c,跑步记录打卡轨迹图,Mini Program,,,跑步记录打卡轨迹图能帮助大家记录跑步轨迹，跑步地图，跑步公里记录，跑步速度记录等，是专门设计的跑步记录器，跑步记录仪，计算你的速度，距离和运动时间，记录跑步运动公里数及轨迹。
wx9d1ba5ef885a7da3,跑步运动助手,Mini Program,,,跑步助手，你的【运动跑步】助手。精准记录GPS轨迹、配速、距离等核心数据，并提供专业分析，助你科学训练。在活力社区分享动态、SBTI测试与好友比拼，让跑步不再孤单。精准记录每一步，科学分析每一程。小步运动，让跑步有伙伴，让坚持不孤单。
wx18d4c934554c567b,跑步运动轨迹记录,Mini Program,,,运动轨迹记录，跑步记录器，跑步打卡，运动步数榜，运动记录
wx42d1f9acb281df33,跑步配速助手,Mini Program,,,跑步数据助手，包括配速、成绩预测等
wx42a17d83e87efe2f,跑步配速计算小助手,Mini Program,,,跑步配速计算，vo2max最大摄氧量计算，全马半马10公里完赛时间配速计算。
wx1c4624165f3cd88f,跑的快外卖,Mini Program,,,外卖订餐，跑腿服务，代购代送。就来跑的快外卖，平价配送，速达惠优！
wx19c1b373d2720cb7,跨境通电商,Mini Program,,,延吉跨境商城小程序
wx7dfdbaaa00ca7246,跨越整车企业版,Mini Program,,,企业版整车自助下单工具，支持在线询价、确认下单、查看实时路由轨迹等业务操作；
wx5c61a4436c5cb031,路北政务通,Mini Program,,,唐山市路北区政务服务小程序
wx47955bae2c6a167a,路北街道消防主体责任落实小程序,Mini Program,,,欢迎使用路北街道消防主体责任落实小程序！该小程序旨在帮助辖区内用户更好地落实消防安全主体责任，提高消防安全意识。
wxd228222c2d2d834c,路敢敢-旅行地图路线攻略助手,Mini Program,,,路敢敢（原识途）是国内首款基于地图的旅游攻略规划工具和社区，旨在帮助用户在地图上规划、搜索、对比、收藏旅游攻略，告别旅途中的“回头路”。支持AI智能解析，智能路线规划，好友共同创作，PDF文档导出等实用功能，路敢敢期待您的探索～
wx212de3a919869b23,路油油气企业会员,Mini Program,,,山东路油油气管理有限公司会员增值服务中心
wxcd3a94a593429918,路能体育跑步驿站,Mini Program,,,提供淋浴、存包、赛事组织等贴心一站式服务。加入我们让每一次奔跑，都更轻松、更自在~
wxbc63f049a8f768bb,跳动课程,Mini Program,,,跳动全城内部管理系统
wx11e216898526cc6f,跳跳音乐球,Mini Program,,,音乐节奏游戏，炫彩的小球，优美的跑酷场景，海量的歌曲
wx285003ec7aa30e9f,躲猫猫外地车在京地图导航,Mini Program,,,进京证探头位置分布查询，外地车在京自动路径规划和导航，北京早晚高峰限行探头分布，进京证政策查询，进京证办理流程查询
wx8f54d0cf1faf013f,躺平发育,Mini Program,,,门不倒，人不跑，看看你能撑几秒？
wxff31f27011f461cf,躺平同学 校园外卖,Mini Program,,,在校大学生外卖跑腿服务平台，服务于在校大学生及周边广大群众。
wxcab88e296caad7b9,车为家车后服务,Mini Program,,,车为家聚合加油服务
wx95592254c23acb65,车主司机记账,Mini Program,,,网约车司机记账、货运货车司机记账、私家车主用车账本、客运货运跑车流水记账专用
wx9b4ee18a3a6226d4,车主惠l养车保养洗车停车救援,Mini Program,,,【车主惠】是爱保科技有限公司开发运营的一款应用。是以车生活为中心，为车主精心打造的养车、用车、车管家式车辆综合服务平台。
wx57b8256965ed7dab,车乐部汽车模型,Mini Program,,,"本公司专营独家代理国外模型品牌 — GT Spirit , OttO Mobile , TSM Models , Topspeed, Ignition Models, Kyosho , Inno Model"
wx056c143d6a1ba486,车企管理后台,Mini Program,,,亿路行订票系统管理后台，扫码验票等功能
wxfcdfe8b342ce4726,车巴达汽车票火车票预订,Mini Program,,,中国道路运输协会指定全国道路客运站外联网售票运营商。提供全国汽车票、火车票查询预订服务。
wxea69ab6ffae2367b,车拉车汽车托运轿车托运,Mini Program,,,明码标价的全国连锁运车品牌，200+门店。汽车托运、轿车托运，托运，托运汽车，拖车运车，拖车服务，小车托运，托运车辆服务，汽车托运收费标准，托运平台，国铁汽车托运，汽车托运价格表，托运汽车平台，轿车托运服务，托运轿车，轿车汽车托运，板车托运
wx6a8cc0d86853331d,车支付会员,Mini Program,,,信联支付，便捷出行
wx505fbf4bd108e78c,车易升汽车编程,Mini Program,,,车易升专注于汽车功能升级，为车主增加或升级车辆功能，提升车辆的舒适性与安全性。
wx71d589ea01ce3321,车来了精准实时公交,Mini Program,,,实时公交、地铁线路出行规划
wx86dc7cc023bb5daa,车渠活动量管理系统,Mini Program,,,用于公司车险营销人员相关日常工作记录及管理。
wxeb7f9f979888759e,车谷政务,Mini Program,,,提供经开区政务服务
wx78e912b9e33712cd,车道管理,Mini Program,,,烧脑挪车三消，环游世界，终极挑战。
wx64c2ffaf0185f08e,轨交办公打卡,Mini Program,,,轨道勤务上报
wx478c7bf94f53142a,软件工程师课程的预约小程序,Mini Program,,,软件工程师课程的预约小程序
wx3d0c9e0966ed22ac,轻上饮料,Mini Program,,,轻上饮料官方消费者小程序，欢庆时刻，喝轻上饮料
wx3723643314ed63d2,轻住酒店预订,Mini Program,,,住酒店，选轻住。
wxcb36db98ff5e0a18,轻剪视频制作,Mini Program,,,剪映平替，剪映同款模板，模板全免费。视频剪辑更轻松！AI免费剪辑，视频制作首选剪辑小程序。
wxefc7e53e37738fcc,轻功跑步大篷车,Mini Program,,,记录每一步足迹，攒积分、结跑友，让一个人的奔跑变成一群人的狂欢
wx34732754d4e6c5d2,轻听CMA,Mini Program,,,CMA是IMA管理会计师协会旗下的管理会计师认证，在全球范围内被企业财务高管所认可。
wx1ebd952343f62ccf,轻巧工具,Mini Program,,,"免费图像处理工具，图片处理,图片去水印，图片压缩，图片尺寸修改，格式转换"
wxb3161bf61a19f2d3,轻抖短视频实用工具,Mini Program,,,短视频营销服务平台，集去水印、文案提取、带货选品、找素材、文案提取、权重查询、提词器等多功能于一体，为创作者提供高效便捷服务！
wxdeb7d26900f56c20,轻松找活丨挖机铲车货运司机招聘,Mini Program,,,驾驶员司机招聘求职好工具。挖机、铲车、吊车、塔吊、自卸、挂车等招聘信息每日更新【超10000条】快速帮您找活。//招51驾驶大象去吹鱼泡泡
wxd968193e531bdcdd,轻琳健康,Mini Program,,,吃得越来越好，运动越来越少，体型越来越胖！轻琳健康通过均衡饮食、适当运动，让您拥有健康好身材！
wxee74750cb60ec024,轻舟AI编程,Mini Program,,,AI 编程出海实战方法论。需求挖掘、AI 编程、SEO 做站、合规收款、增长复盘，助你把想法变成可持续的全球产品。
wx1c63534d3082ee2e,轻茶里点单,Mini Program,,,轻茶里小程序在线店铺系统，免排队，享优惠。
wxb1a68501ead48590,轻讯运动榜,Mini Program,,,录入每次的运动数据，跟好友一起排名
wx3ad652c9d310398d,轻跑记-跑步记录助手,Mini Program,,,跑步记录助手，跑步轨迹记录，跑步记录，跑步记录仪，跑步记录器，跑步打卡，跑步记录打卡。
wx417400c876cc9830,轻鹿控卡 l 热量l减肥l食谱l健康,Mini Program,,,轻鹿控小卡健康，减肥、减脂必备！含卡路里、热量计算器、热量刺客识别，支持拍图识热量、饮食记录，精准控卡。覆盖轻断食、16+8、减肥食谱、健康饮食、体重管理，提供 AI 控卡、个性化减脂餐、增肌计划，喝水提醒，科学管理热量缺口，助力减肥成功！
wx6139dc28a1236a99,辅警考试题库优题宝,Mini Program,,,辅警考试题库包含各省市辅警考试试题，包括公安基础知识、法律基础知识、公共基础知识、职业能力测验等考试试题，还支持拍照搜题哦
wx20da678bd0eadce9,辉煌外卖 到寝,Mini Program,,,专注品质！用心服务！
wx976c2bc3d56ce4a3,辛泽直播,Mini Program,,,遇见美好的 TA
wx523c3633653dfe71,辣堡丨趣跑吧跑友跑团跑步社交,Mini Program,,,辣堡跑步(趣跑吧)——真实跑步社交平台！提供专业“跑步数据、跑友跑团、跑步动态、趣味榜单、活动召集、训练课表、私兔陪跑、赛事日历、赛事行程、赛事证书、跑步账单、跑步工具和跑团管理”等，无广告、无会员，简洁好用，跑步更纯粹，跑起来你就是大神！
wx240255b7d28356e7,辣肌厂健身,Mini Program,,,为了更好地服务
wx22d9e28676845afd,辰海药房,Mini Program,,,云南辰海药房--星辰大海为“您”而来，用心呵护，健康生活！
wx1b75671a9696fd7f,辽事通,Mini Program,,,辽事通政务服务小程序
wxf17de3e38aac7e5b,辽宁万家康大药房,Mini Program,,,万家康药房
wx08a038b265ccfd7a,辽宁工程技术大学电子校园卡,Mini Program,,,一码在手，校园畅游~
wx42359fc81e74ed8d,辽宁方大总医院院内导航,Mini Program,,,辽宁方大总医院院内导航系统
wxed483fa09e128922,辽宁材料实验室支付助手,Mini Program,,,辽宁材料实验室自助充值小程序
wx8ef8b7c1744aa1fe,辽宁省健康产业集团本钢总医院,Mini Program,,,为医院的线上服务平台，可提供挂号、缴费、医疗就医服务、健康知识宣教等业务，为广大患者提供方便快捷的医疗服务。
wx59d9a3d9ad3ba2e2,辽宁省总工会法律援助,Mini Program,,,为全省职工提供一个法律援助平台
wx14031eaab3a37c42,辽宁省科学技术馆票务预约,Mini Program,,,辽宁省科学技术馆票务预约系统
wx2807378742044240,达AI,Mini Program,,,达利终端门店小程序
wx11f652b788887eca,达克云企业版,Mini Program,,,为电动汽车运营公司提供在线找桩，充电服务的平台。
wx26c6802d20eb6681,达州仁和新城购物中心,Mini Program,,,达州仁和新城购物中心集百货购物、精品超市、星级影院、休闲运动、儿童游玩、餐饮娱乐等一站式体验购物综合体。
wx24e5f578c35144f8,达意协同办公系统,Mini Program,,,用于公司内部协同办公，提高各部门办事效率。
wx0d6c2cf6eb319cb1,达拉特旗海润金亿电影城,Mini Program,,,影院自主选座购票    卖品消费平台 可绑定影城会员卡直接付费
wx1d6022883331d4ac,达斯罕外卖跑腿,Mini Program,,,新疆本土外卖平台，从2016年1月开始一直为大家提供外卖服务。达斯提罕（iqil dastihan）为您提供外卖跑腿团购服务
wxf79a7e549b2eec54,达漫电商,Mini Program,,,搭建全省范围内的农产品帮扶专区，为政府、银行机构及企事业单位提供专项帮扶、工会福利等创新型解决方案。
wx3628c5c7cb52a0d4,达票优选,Mini Program,,,中国领先的大型综合性赛事、演出服务商。
wxb954519c21646432,达能饮料一店通,Mini Program,,,服务终端店主，参与品牌营销活动，进货和陈列促销
wx3258472dabade780,迁安法律援助直通车,Mini Program,,,法律援助
wx250ebc12d8fc46f7,迅泊停车用户端,Mini Program,,,青柚停车车主端
wx014a31d150c1e7d8,迅课直播助手,Mini Program,,,一站式直播服务平台，快速开启您的专属企业直播间。
wx81d2db6ad1d60dcd,迈斯斐24h自助健身,Mini Program,,,24小时健身场馆，无推销，按次付费，安心省心。
wx0f9799936a12f256,迈瑞小程序,Mini Program,,,迈瑞公司所有小程序统一管理入口
wx4ed79841ecbeff59,运动五环,Mini Program,,,五环体育 | 为运动品牌爱好者提供潮流、多元化的时尚购物新体验，超酷的会员体验，品牌优惠活动，加入五环体育，给你更多更好的选择。
wx4e018cd03b71a7ed,运动帝图,Mini Program,,,在线订场、文体通、i运动、支付收银台
wx213f826fa5a0925d,运动打卡,Mini Program,,,每日运动打卡。同事同学朋友一起打卡，一起分享运动的乐趣。免费打卡，上传打卡图片。
wx318e230329be4afb,运动步数管家,Mini Program,,,开启运动计步，群里步数排行，企业步数统计，导出运动步数Excel。免费好用！
wxc5dab7c1ba926d12,运动湾24小时健身,Mini Program,,,健身场馆会员约课、签到、消课、在线购卡好助手
wx302d68c125d5b1de,运动滑板模拟器,Mini Program,,,真实滑板运动模拟，腾空飞跃做出酷炫特技，灵活闪避沿途障碍，解锁多款潮流滑板。体验自由热血的街头滑板乐趣！
wxffbd09c02ce74a47,运动猿平台,Mini Program,,,运动猿平台可以方便体育爱好者快捷进行线上报名，线上购票。
wxd6af78b398c93f7b,运动生活管家,Mini Program,,,运动生活管家，你随时随地的运动管理专家。
wxb7a20c19eba13e5a,运动纪,Mini Program,,,国内最大的网球业余赛事平台，独创ETRS等级算法，完善的ETA赛事体系，覆盖全国的各类网球赛事，并提供网球AI视频和网球AI报告。运动纪，成就每一次热爱！
wxf414a570306963f8,运动纪管理端,Mini Program,,,专业网球赛事管理平台，提供一站式智能化管理服务。包括实时计分、赛事直播、ETRS算法、AI数据等服务。
wx7895d6451710f978,运动跑步打卡,Mini Program,,,这是一款运动、走路、跑步打卡、运动步数榜、运动记录、跑步记录器、运动计步的小程序，是热开运动人员的好帮手
wxee86ee3528e96cf7,运德出行,Mini Program,,,运达万里 德颂天下 ，辉煌70年老牌运输企业，致力于打造一站式定制出行服务平台！
wx37e45ed88f51bcfd,运泰票务,Mini Program,,,运泰出行官方小程序
wx4e1d0d53645b8f11,运营小管家,Mini Program,,,运营小管家，帮你在小程序里随时随地管理停车场。
wxb8695198ccef86c0,运达出行,Mini Program,,,为旅客提供查询班次、在线购票
wx95810db6002e1a87,运达支付,Mini Program,,,运达支付为商户提供收款服务
wxdc551eb7069801d7,运达支付商户助手,Mini Program,,,运达支付为商户提供查询服务
wx980faf8f56738b9e,这锂企业版,Mini Program,,,专为企事业员工打造的换电小程序。告别漫长充电，扫码30秒极速换电，随时随地满电出发。
wxd4bed61ad9807ac3,进京证365地图,Mini Program,,,进京证365地图：为您提供全网最全的进京证摄像头分布地图，进京证摄像头标注、自助提交违章位置与信息参考平台。公众号：进京证365。
wx27df86bbda941595,远大购物中心长春店,Mini Program,,,长春远大购物中心
wx11dbf120f95e5fe7,远方文学新加坡课程中心,Mini Program,,,远方文学，全面学语文。
wxfc1992f8d36d24ae,远程教育云,Mini Program,,,秉承“互联网+”思路，为驾驶员提供一体式教育培训全服务，做全国道路运输从业人员的“掌上移动课堂”。
wx5e2e72e308ce4439,远行民宿,Mini Program,,,远行科技，是德丰集团、其易控股在惠湾生活服务板块的战略布局。通过“一站式全托管”服务，实现让房东“省心省力又赚钱”。
wx7ccb5cc229a93a02,远达直播,Mini Program,,,赛事直播服务商 - 为体育赛事，才艺比赛，企业活动提供一站式直播解决方案。
wxdbfa3cebde490867,连州市医疗总院医信签,Mini Program,,,连州市医疗总院医信签小程序
wx6244254bfaae47d0,连心金融,Mini Program,,,此平台主要为大连农商行普惠（零售）贷款业务办理渠道端。
wxa1c83c1488122c56,连诚阅读,Mini Program,,,更多内容等你来
wx4c5e697f61a72ef9,连连企业荷包,Mini Program,,,连连为国内、跨境：电商、商旅、汽车、房产等有场景商户提供便捷接入的支付工具，使商户能够快速对接到小程序支付
wx3c74acb7506cc19d,连连国际外贸支付,Mini Program,,,懂支付，更懂外贸！连连外贸支付为进出口企业提供一套完整的收付兑解决方案，支持多种贸易场景和多币种收付兑需求。
wx93e30536353923fd,连连跨境支付,Mini Program,,,收款快人一步，梦想无需等待。
wxfaa1ea1ef2c2be3f,迦迦同城打车,Mini Program,,,智能化安全出行平台，VIP专车，女士专车，商务用车等网约车服务平台！
wx5ef81d72cf632be7,迦迦顺风车I拼车打车,Mini Program,,,"顺风车,网约车."
wxd3ee55bfb3e6b0d3,迪卡侬运动连,Mini Program,,,专注于家庭用户和初阶用户的体育运动服务平台
wx245eadf82a24f343,迪普发票管理系统,Mini Program,,,本程序是企业内部管理系统。
wxb37770bc372d9b52,迪爸工具箱,Mini Program,,,家长端，全面支持迪爸英语“三磨一闪一看”训练体系，包括资料管理、训练清单、闪卡管理、迪爸精灵控制台、打卡和学习数据查看等。
wx7a6a8cd726b139fd,迷你小镇生活,Mini Program,,,帕鲁的迷你小镇生活
wx1fe11b765dc4fa73,迷宫视频,Mini Program,,,迷宫视频
wx589e1a791e015eea,迷棠沉浸娱乐,Mini Program,,,迷棠沉浸剧场线下预约
wx2bcb44469e891cca,追光而遇健康餐饮空间,Mini Program,,,追光而遇健康餐饮空间
wx7d2ed9ac1ae6b333,适宝易购母婴,Mini Program,,,适宝易购平台是一家主营知名品牌的进口母婴奶粉辅食、婴幼保健，与美妆洗护等产品
wx2ad8b3d9df865954,逃离塔科夫工具,Mini Program,,,《逃离塔科夫》工具集合，跳蚤市场物价查询、任务助手、物品助手，你想要的塔科夫工具，都在这里！
wx4dd5fe48bdf90707,逃离学校跑酷游戏,Mini Program,,,一款热门好玩的樱花校园跑酷正版小游戏，化身美少女，在小镇天天极限跑酷逃离大挑战，一起来参加超好玩的樱花校园模拟器少女跑酷大闯关吧~
wxb12e93cbc7e230f8,逃离罗布勒斯迷宫,Mini Program,,,逃离罗布勒斯迷宫是一款超解压益智的趣味跑酷小游戏，游戏新增躲猫猫模式挑战，帮助罗布勒斯后室密室逃离跑酷！带给你紧张刺激的游戏体验，快来开启你的逃离罗布乐思之旅吧!
wx4e8cbe4fb0eca54c,逆战未来工具箱,Mini Program,,,《逆战：未来》小程序来啦！还原端游经典玩法，一键预约领限定礼包，开启全新挑战！
wxefea98009d5a1aea,选号工具箱,Mini Program,,,祝您中奖！彩票开奖查询，号码随机机选，双色球体彩超级大乐透福彩3D快乐8七星彩排列3排列5七乐彩，体育福利彩票，走势图过滤缩水模拟
wx89699ad3753dd5a1,逍骑出行,Mini Program,,,逍骑出行
wxe8343ba6c3a3ea07,透明云OA办公,Mini Program,,,透明云OA办公
wxa57c00d9b7286afb,透景CRM,Mini Program,,,公司内部客户关系管理
wx6d946a66c41d4072,逐浪小说,Mini Program,,,小海豚来了~千挑万选把最极致的小说阅读体验送到你身边，这里是你的私人电子图书馆！
wx8555ce47e5091253,逐风跑步小助手,Mini Program,,,这是一款轻量跑步记录工具，支持运动轨迹与配速记录、运动结束一键生成训练报告、运动App数据截图识别、训练日志回看和跑鞋知识参考。
wx5df0be7c6bb02397,途家民宿Tujia公寓酒店客栈别墅,Mini Program,,,途家民宿公寓1000万余套真房源，随时为您提供预订服务，民宿、公寓、别墅、客栈、海景房、山景房...应有尽有。途家，旅途中的家。
wx3eb95402e86a5296,途家管家 民宿客栈房东管理后台,Mini Program,,,途家管家是专为平台合作房东提供的小程序管理后台，旨在帮助房东更直接、更便捷的处理订单、管理房态、掌控经营数据，提升收益！
wx8cbc2a8d6645191e,途点生活,Mini Program,,,一款集多种优惠服务信息的平台，具有：加油站加油优惠信息，线上优惠点餐信息，电影票优惠信息等。
wx9b3605518e8c118e,途熙民宿店,Mini Program,,,途熙民宿线上专属预订平台，房型齐全环境静谧，一键下单预约，解锁惬意旅居时光。
wx340329c7ee375a33,途牛旅游,Mini Program,,,"途牛旅游官方小程序 为您提供国内外度假跟团,自由行,邮轮,酒店,机票,火车票,汽车票,门票,旅游攻略等旅游出行服务 让旅游更简单"
wx878b0b74ecfe5cd5,途途行汽车售票,Mini Program,,,云南省汽车客票联网售卖。
wx259fac3971dc8c1e,途骆慧退休生活圈丨旅游美食娱乐,Mini Program,,,好吃好玩又不贵，尽在途骆慧
wx23992e4114df7643,逗号鱼科技娱乐,Mini Program,,,逗号鱼科技娱乐
wxe0920682cced6dac,通力客户直通车,Mini Program,,,致力于与客户建立双向无忧沟通渠道的数字化工具，加持云管家服务，可实现一键报修，设备管理等功能。
wx9af088a30ce57fb2,通化市住房公积金管理中心,Mini Program,,,通化市住房公积金提供小程序服务，可查询账户信息、办理提取、公积金还款等业务。
wxec2e93ff98b04f02,通化市公积金企业版,Mini Program,,,本服务由通化市住房公积金管理中心为缴存单位提供的线上业务平台
wx0f8257b8b8008e74,通化市巴士公共交通有限公司,Mini Program,,,通化公交卡在线充值、在线年审等
wx07372b35813fc189,通榆县政务服务中心网上预约系统,Mini Program,,,通榆县政务服务中心网上预约系统
wx46e224c9f65e2a52,通海路票务,Mini Program,,,票务服务
wxc43990da195978fb,通用健康,Mini Program,,,通用健康致力于为用户提供专业健康管理服务
wxe4e0dba2c9d9ebb4,通耀商店,Mini Program,,,accessbrightの越境EC
wx4d5d3bc043994229,通辽康乐饮品,Mini Program,,,通辽康乐饮品
wx920899fd5aa59778,通达交通,Mini Program,,,出租车驾驶员培训
wx9f4e44d702bc36de,速8酒店,Mini Program,,,速8酒店官方小程序。绑定速8酒店会员账号，即可快速预订全国1000＋大中小城市酒店，查询订单/积分/优惠券、畅享各种优惠活动！
wx358118e0c6567a17,速学派人工智能,Mini Program,,,速学派—情景记忆培训专家记住单词 ，才能考好英语速学派人工智能大英语，人机学习模式，让英语学习更简单！
wx4f12bd085a47889e,速度速充,Mini Program,,,提供一站式充电服务
wxeac3d8c716ef7617,速收数码手机相机报价,Mini Program,,,专注废旧手机回收、数码相机回收、笔记本电脑回收、平板电脑回收等数码产品回收与自主查价比价，平台实时更新官方回收报价，价格透明无套路、无恶意压价。支持上门、邮寄、到店多种回收方式，专业清除隐私数据，核验完成后极速结算，安全便捷、省心变现。
wx2a4da6cac1d15e1e,速腾课程云管家,Mini Program,,,课程设置、课程管理、课程检查、课程服务、课程数据云管家
wxfddaf485205b5fe8,速读小说,Mini Program,,,速读小说，让你踏上一段充满未知与惊喜的文学旅程，无论你喜欢奇幻、科幻、悬疑还是历史，总有一款小说能引发你的共鸣。
wxc20d9a313cde8ab9,造星KTV娱乐,Mini Program,,,点歌小程序
wx32807ba555efc9e8,造象工坊-小说封面推文制作,Mini Program,,,免费在线制作精品高质量小说封面生成工具，支持小说封面、书籍封面、短篇封面、故事封面、推文配图、人物图、二次元插画等内容生成。输入书名与简介即可一键生成多种风格精品封面，适用于番茄、起点、知乎盐选、短剧推文等创作场景，让作品更具吸引力
wx83e3913a3fc05a31,逸刻EGO商城,Mini Program,,,逸刻新零售电商平台。优选健康美味的商品以便利的方式传递给您和全家。
wxea186a6ae9b077ac,逸捷外卖,Mini Program,,,常山外卖跑腿服务平台，配送快，商家全，美食饮品下午茶水果生鲜商超应有尽有，送货上门。
wx11ef921f033b1101,逸柏酒店,Mini Program,,,逸柏酒店集团现已有近1700家酒店、121800多个房间，覆盖国内300多个主要城市。
wx3fb2de8453cb26cd,逸风天气,Mini Program,,,首个专为固定翼航模飞友打造的飞行气象助手。基于飞场位置，给出 0–100 适飞指数与时段推荐，直接告诉你今天适不适合飞，哪个时段适合飞。发现附近飞场、记录飞行日志、管理机库，提前规划周末飞行，告别白跑。源自飞友，为飞友而生。
wxd0e9424f6a748c1f,逻辑派少儿编程,Mini Program,,,分享、交流专业编程小知识
wx59d56d7cf95567f4,遂昌就业招聘,Mini Program,,,本地的招聘信息平台
wx7842eb9dec07aa0d,遇见马德里 数字地图,Mini Program,,,欢迎关注马德里旅游局，我们将提供最权威、最丰富的旅游资讯，让您感受马德里自治区无处不在的热情与活力！
wxb83ecc9308b6b502,遇音缘小工具,Mini Program,,,欢迎所有声音爱好者的进馆~~
wx83e355bb51b65f65,道真自治县人民医院挂号缴费平台,Mini Program,,,道真县人民医院挂缴查小程序
wxa9c63600490b0046,遨游蓝天旅行机票火车汽车,Mini Program,,,自由行提供机票、火车票、酒店的订购服务
wx2b766f70658fb23a,遵义住房公积金,Mini Program,,,面签入口测试
wx52f8e994ca6e72e6,遵义医科大学第二附属医院患者端,Mini Program,,,医院医疗服务平台，方便快捷患者就诊挂号，支持在线问诊、预约挂号、健康资讯、检查报告查询等功能
wx54e32bf52130187f,遵义医科大学附属医院,Mini Program,,,该小程序为医院挂号缴费查看检测检验报告等功能的小程序
wx5e16d99263d595d0,那桃乡数字乡村,Mini Program,,,巴马瑶族自治县那桃乡建设数字乡村示范点，小程序用于村民共同参与乡村管理，提升乡村管理能力，落实“五位一体”工作布置。
wxfeff5cec89a2a5e8,邮储银行信用卡,Mini Program,,,快速申请卡片，一键掌握办卡进度，了解最新优惠活动！
wx6833502d8251f04e,邮惠付记账通,Mini Program,,,邮惠付记账通：客户定位主要是果蔬行业一级批发市场的商户和其固定下游采购商，主要实现商品调拨、商品建立、客户维护、库存管理等功能。
wx95bd242149bd2fc4,邯郸停车,Mini Program,,,邯郸市保通城市基础设施建设开发有限公司所属负责公共停车泊位管理运营小程序
wxaf234e603e5b13e8,邵东出行,Mini Program,,,邵东出行是由邵东市城投城发集团主持下，建立的本地出行
wx0d784d0a4e2f3c2a,邵东市教育基金会,Mini Program,,,制定奖励条例、确定奖励名额，举办各种活动，宣传、表彰教育系统的先进人和事，筹集、管理和使用奖励基金。
wx86d7521f6890496f,邻医云药店看板,Mini Program,,,药店线上销售统计，为老板提供可视化数据服务
wxe8009484afb96581,邻州公交,Mini Program,,,公共出行服务平台。为您提供公交位置实时查询、公交到站时间预测、公交线路查询等服务。
wx77db65c563052c5c,郎溪招聘网,Mini Program,,,郎溪人才网，郎溪找工作，郎溪招人才，就来郎溪招聘网(www.langxi.vip)。 郎溪招聘网是一家郎溪专业人才服务网站。
wxa191e5f7c4be797c,郑千白切餐饮,Mini Program,,,郑千白切 - 传统与现代的完美融合郑千白切致力于将传统粤菜文化与现代健康饮食理念相结合，为食客带来既美味又健康的餐饮体验。
wx1a40f06222fe81ee,郑州人才招聘网,Mini Program,,,郑州人才招聘网提供各类郑州招聘服务。又名郑州人才网 郑州招聘网 大学生 日结兼职 全职 郑州漫展 会展  礼仪 日结 中原 二七 管城回族 金水 上街 惠济区 中牟县 巩义市 荥阳市 新密市 新郑市招聘 登封市 兼职群 郑州全职 郑州兼职
wx314ba2a14c5930fb,郑州公交,Mini Program,,,郑州公交区域巡游公交产品上线
wx6a1e36cece7c87c1,郑州华韵医疗,Mini Program,,,华韵医美致力于医、研一体化发展，打造医美领域王牌项目，将优质稀缺的美丽健康资源给予信任华韵的每一位爱美人士。
wx517c29628b402926,郑州大学第三附属医院掌上医院,Mini Program,,,郑州大学第三附属医院（河南省妇幼保健院）挂号、缴费，查询等业务
wxfe431b443b83864c,郑州市交通运输电子证照,Mini Program,,,1、巡游车驾驶员证2、网约车驾驶员证3、巡游车道路运输证4、网约车道路运输证
wx48c5dbdf93803558,郑州市第一人民医院医疗集团,Mini Program,,,郑州市第一人民医院
wx00a4d2297887795d,郑州招聘芒讯同城,Mini Program,,,郑州芒讯同城在线求职招聘找工作，郑州招聘 | 郑州找工作 | 郑州招人才 | 郑州工作推荐
wxf32977e9090a2ca3,郑州电影小镇,Mini Program,,,郑州电影小镇官方智能服务系统，为游客提供购票、电子导览、节目单等信息服务。
wx5f33aee1dc99d231,郑州科技馆票务预约,Mini Program,,,郑州科技馆票务预约、退票；团体预约、退票；活动预约、退票等功能
wx874392091ce669d0,郑州绿城儿童医院挂号,Mini Program,,,【郑州绿城儿童医院挂号平台】为多动症，抽动症，语言障碍，身高矮小，抑郁症，焦虑症，情绪障碍，学习困难，双相情感障碍，注意力不集中，性早熟、遗尿症、构音障碍、自闭症、感统失调等孩子提供咨询预约挂号服务。
wx96d4f47ed37f5667,郑州银基国际旅游度假区,Mini Program,,,银基国际旅游度假区，全客群、全天候、全季节的一站式旅游度假目的地；包含动物王国、冰雪酒店、冰雪世界、黄帝宫御温泉、乐海水世界等。
wxc332fe5815580b64,郑州银基国际旅游度假区+,Mini Program,,,银基国际旅游度假区，全客群、全天候、全季节的一站式旅游度假目的地；包含动物王国、冰雪酒店、冰雪世界、黄帝宫御温泉、乐海水世界等。
wx31e60b9981ed5e77,郑州银基度假区餐饮,Mini Program,,,小程序使用场景为餐饮扫码点餐，景区内餐厅扫码点餐，为游客提供便捷的餐饮服务。
wxf4016f3a41e7c748,部落冲突活动小程序,Mini Program,,,各位首领，欢迎来到部落冲突小程序！各种福利不定期掉落，敬请期待！
wx58e139a3da7fc291,鄂小聘丨鄂托克招聘求职找工作,Mini Program,,,为鄂托克乌兰镇、棋盘井、蒙西等企业提供招聘服务，为求职者提供优质招聘信息。鄂托克招聘网，鄂托克人才网，鄂托克招聘，鄂托克求职！
wxfaac01545c868500,酒嘉直聘丨招聘求职找工作,Mini Program,,,酒嘉直聘是酒泉嘉峪关本地专业人才招聘求职平台，汇集酒泉招聘信息，嘉峪关招聘信息，酒泉招聘群，嘉峪关招聘群，酒泉人才网，酒泉兼职，嘉峪关兼职，酒泉零工，酒泉嘉峪关招聘会、人才市场等各类酒嘉地区求职招聘信息。
wx03ffd2d86ebca39d,酒师兄丨酒水外卖平均15分钟送达,Mini Program,,,云南酒师兄
wx5543c352cfe99202,酒店大亨,Mini Program,,,快来打造属于你的商业帝国吧！
wx43d7edf06a6ff44d,酒钢医院在线医疗患者端,Mini Program,,,管理规范、特色明显、技术先进、 服务一流
wx30b9cc87241aa522,酶好生活AI,Mini Program,,,酶好生活AI
wxca319e0abb352b8e,酷丁编程,Mini Program,,,专业级的青少儿编程教育
wx6406f0c32c91c17b,酷乐街区娱乐中心,Mini Program,,,酷乐街区
wx7a8359d3f8518bea,酷享娱智慧娱乐空间,Mini Program,,,自助娱乐空间，酷酷的享受娱乐！
wx614ab177944d5090,酷动Coodoo商城,Mini Program,,,酷动会员商城
wxf6cfad0bb2a3ff32,酷我音乐,Mini Program,,,无损音乐正版在线试听，酷我音乐为你提供高品质音乐，无损音乐下载
wxe1ce0bcfeab7e3a0,酷校乐AI自主学习,Mini Program,,,提供针对汉语、英语、德语、西班牙语和部分小语种的语音评测服务
wx234f5fe95a717b99,酷狗直播,Mini Program,,,酷狗直播，是酷狗音乐的直播平台，提供歌手、主播的视频直播，是一个音乐直播平台。酷狗直播，就是歌手多。
wx4f38007b839da9d3,酷狗音乐,Mini Program,,,海量正版歌曲任你听
wxa3fc1b259a88a4b3,酸莓阅读,Mini Program,,,用户可以在小程序中签到打卡，记录自己的签到时间和地点。
wx4be0f58159be53e2,采育网络办公系统,Mini Program,,,北京市大兴区采育镇中心卫生院
wxcd7b5124d985e8b9,释瑜伽前海店,Mini Program,,,Shiva Shambho Yoga 释瑜伽，智慧之匙！我们设置这一个圣化的空间、引领健康的生活方式、自律的生活态度！
wx0e85fe389df8d0ba,里奥饮品,Mini Program,,,可快速点单，在线支付，领取优惠
wx517f2fe58f969b4e,里约客户通,Mini Program,,,里约客户通是一款为农业交易智能化电子结算服务的免费应用程序，致力于为客户提供由软件到硬件的一体化综合解决方案。
wx8b88a938d98bdf8b,重医一院非医疗收费,Mini Program,,,医学培训收费
wx5c99a2acbe4ce515,重医心理云,Mini Program,,,心理测评、心理咨询、心理科普。
wx7ce3fc72225b56df,重庆两江新区星光学校云教育集团,Mini Program,,,学校自己的家校信息化平台
wx56b7585de2058455,重庆交通职业学院微服务,Mini Program,,,本程序由重庆交通职业学院智慧校园办公室针对校内需求，开发功能并维护。
wx74a9a75f159ac0f9,重庆农商行微银行,Mini Program,,,重庆农村商业银行一站式贷款服务平台
wx1761b2555aa60272,重庆农村商业银行,Mini Program,,,“重庆农商行”手机银行小程序，依托大数据、云计算、人工智能等金融科技技术，为用户提供更优质的贴心服务！
wx3047773ab203bd01,重庆天气,Mini Program,,,我是您的出行、旅游天气小助理
wx41263e9bd4c768ed,重庆市人事考试中心,Mini Program,,,发布各项重庆市人事考试公告，并提供相关服务。
wxcc5a2814d2ee4125,重庆市奉节职业教育中心,Mini Program,,,举办中等职业技术教育，为地方社会经济发展培养合格劳动者和技能型、应用型、复合型人才。
wxaa0cce6160ff66a9,重庆市川剧院票务,Mini Program,,,重庆市川剧院票务系统
wx71c5dc02af85f4e3,重庆搞美医疗美容诊所,Mini Program,,,诚信 · 透明 · 专业 · 品质
wx5e517b0d5b709906,重庆新闻线上中心,Mini Program,,,全国两会重庆代表团线上新闻中心
wx7a68897769caf589,重庆日报新闻题库系统,Mini Program,,,专注于新闻记者从业资格练习题库研发，为学员提供新闻职业资格考试的线上学习平台。
wx552975530e202bdc,重庆村居法务,Mini Program,,,您身边的法律专家
wx4d6359e201a1fc6f,重庆诚为贵电子商务有限公司2.0,Mini Program,,,一站式购物平台，主营饮料酒水、休食日化、文具玩具等。
wx7e16ee46f56e1710,重庆银行聚财付,Mini Program,,,为您提供收付款服务
wx748f0d399021d6c7,重点车辆交通安全管理系统,Mini Program,,,为加强重点车辆的安全监管，特研发此小程序
wxb099bc0e8bb7d0c8,重百甜橙生活,Mini Program,,,重百旗下企业生活福利平台
wx61f3f26b03a7ad9a,野子叙事摄影,Mini Program,,,欢迎约拍
wx62f24ae84f247d8d,野滨有选工具,Mini Program,,,野滨有选工具
wx553b565522dfbe1d,野自由健身,Mini Program,,,野自由健身
wxf38084a9d9ee858d,野象摄影Vision,Mini Program,,,野象Vision
wx17044f62364ca49d,野鸽子咖啡WildPigeons,Mini Program,,,欢迎来到野鸽子咖啡
wx028cdfcfacf40b65,金乐云办公A,Mini Program,,,金乐云办公A
wxe60ac8d0cb3293c0,金信微金融,Mini Program,,,金信微金融是辽宁农商银行为客户提供金融理财、生活缴费等各项便捷服务。
wxa205787fac6b3b68,金典拍拍相机回收,Mini Program,,,金典相机行从事摄影器材二手买卖流通十四年，金典相机行——中国摄影人的代名词！不仅仅只为专业者服务的平台，
wxf32616183fb4511e,金典有机生活+,Mini Program,,,有机生活 有我定义
wxa72940ffadf5abc6,金冠美陈相机,Mini Program,,,金冠美陈相机，记录金冠食品完美陈列
wxe263e897bf9e51ff,金力豪24小时健身,Mini Program,,,会员卡、私教卡
wxcccf1c512ad1dd0c,金喜孕母婴,Mini Program,,,自营月嫂、专业催乳、产后恢复、家政服务——因为专注，所以专业
wxc10887b9dd9a498c,金城数码电影院,Mini Program,,,金城电影院是河池市具有现代气息的影院，周边娱乐、电玩、小吃、购物应有尽有，地理位置极好；影院环境优雅，特别是经过2018年的升级，在影厅的座椅舒适度和宽松的过道距离，全景声的音效享受，候影厅的免费存储柜，处处透着为观众舒适观影的理念。
wxb21946c8fd44bde5,金塔镇卫生院预约挂号系统,Mini Program,,,预约挂号小程序
wx1fea7145d9193012,金属狗健身,Mini Program,,,26小时健身房，提供全天候服务的共享健身品牌。小程序的主要业务是解决无人健身房售卡问题，采用了线上售卡的方式。
wx5b97b0686831c076,金山文档丨WPS云文档,Mini Program,,,WPS旗下智能在线文档，完美兼容Word文字/Excel表格/PPT幻灯片，支持 AI写作、AI总结，模板库、表单接龙收集、ZIP、RAR压缩包解压、PDF转换、图片语音转文档。
wx2181b9791cdefd57,金常锡餐饮扫码点餐,Mini Program,,,商品供应链，从原材料生产到终端的消费的各环节操作序列
wx77e3e78d11858c89,金康药房官方商城,Mini Program,,,诚信服务大众  用心关爱健康
wxe531af5526364059,金思维汽车公告,Mini Program,,,汽车公告，汽车公告查询，金思维汽车公告
wx8b2e3a02e930573e,金昌市住房公积金管理中心,Mini Program,,,用于办理个人公积金贷款
wx7dfb7c48acd77b13,金昌市公共法律服务便民平台,Mini Program,,,金昌市公共法律服务一站式平台整合法律咨询、法律援助、行政复议、公证服务等功能，提供线上线下便捷服务，助力群众“少跑腿”。
wx2d09667d1e9bf1a9,金桥阅读,Mini Program,,,金桥阅读
wx33dca4c3256614fb,金榜时代考研数学易刷刷,Mini Program,,,李永乐、武忠祥、王式安、宋浩、贺金陵等数学名师一手题源
wx86f38f98b182f5d6,金湾区青年联合会小程序,Mini Program,,,金湾区青年联合会小程序
wxf52bfb234b532b35,金溪县天气面包店,Mini Program,,,好天气面包店
wx94db5d2be541c924,金点驿充,Mini Program,,,电动车充电桩小程序
wx0cf9d820a9aabf5f,金牛私塾,Mini Program,,,天鼎大课堂
wxcf103f4affa4b894,金猴出行,Mini Program,,,金猴出行是扬州合纵新能源投资有限公司提供的移动端换电平台
wx9010fe252937d9d7,金甲发票管家,Mini Program,,,电子发票查重，数电发票查重，免费电子发票真伪查验、台账管理、电子发票原件归档，银行流水合并。长期专注电子发票报销查重管理。
wx17513a1be04ecb01,金考试,Mini Program,,,金考试，免费的在线考试小程序，不限制人数，不限制次数。自动批改分数，可批量导入题目，适合在线考试，在线答题，知识竞赛答题，业务培训考试，金考试小程序。
wx65438d98141bfa19,金职母婴,Mini Program,,,金职智慧教育平台，1+X证书制度试点幼儿照护、产后恢复职业教育培训评价组织自主开发，集学习-练题-考试-竞赛-就业-创业于一体。
wxc72a3fa5d7ffd806,金膳纪OL智慧美食城,Mini Program,,,欢迎来到智能人脸识别智慧餐厅！
wx4c36fb2a127d4a8f,金莳健康跨境药房,Mini Program,,,始于2007年，從事大健康中醫藥產業、醫療器械、醫療衛生用品、化妝品、日用品及清潔消毒用品等。產品開發、進出口、批發等
wxa3a3844ae7205f76,金蝶发票助手,Mini Program,,,金蝶发票云收票，报销，查验工具
wx9811ea4822aedf71,金融业反洗钱培训,Mini Program,,,提供金融业反洗钱培训的在线学习、答疑、考试等功能。
wxf594c9178efb2b02,金融产品查询平台,Mini Program,,,提供金融产品信息的查询服务，支持做好金融消费者权益保护工作，防范打击非法金融活动。
wx05228d20b6fa1f91,金融明白人-深圳,Mini Program,,,深圳金融业金融知识宣传教育
wxee76d83e10f2eae8,金融消费者保护服务平台,Mini Program,,,平台作为金融消费网上诉求反映和纠纷调解处理渠道，提高消费者反映事项的“转受办”处理效率，助力提升金融业消费者保护服务水平。
wx39e776f0dd5c8c73,金融街助手,Mini Program,,,专为金融街证券员工打造的一站式服务平台。它提供运营线索挖掘、多领域培训课程，还支持食堂消费记录查询、每日菜单查看，以高效服务助力员工工作与生活。
wxc5c0e70dac512dae,金融街购物中心,Mini Program,,,金融街购物中心企划及会员活动宣传的线上平台
wx65a20a774df7053c,金融调解,Mini Program,,,在线   受理、调解、评估金融消费者与金融机构之间的金融消费纠纷。
wx3cd7a9e68b144dbf,金表单丨考试测评问卷接龙统计,Mini Program,,,金表单，免费的表单工具。问卷调查、在线考试、信息统计、民主测评、民主评议、打分测评、统计表、表单、接龙、打卡、投票。金表单小程序，金表单考试。
wxb13360121204fb8a,金象城购物中心,Mini Program,,,拥抱自然的沉浸式社交体验中心
wxc87966088377bdce,金财方略税务师事务所,Mini Program,,,财税合规风控小程序。支持全维度涉税风险体检。让企业低成本做好财税合规。
wxc168bfa05618d236,金账盾,Mini Program,,,融合Ai自动报税记账、财务咨询、税务筹划、电商税合规化、法律咨询、法律服务
wx3ddac209970dbf01,金逸电影,Mini Program,,,“金逸电影”是广州金逸影视传媒股份有限公司倾力推出的购票小程序，提供便捷、人性化的在线选座购票服务。在“逸”起，更精彩！
wxa5e33b941c40d9bd,金铁丨小火车时刻表,Mini Program,,,金山铁路时刻表查询工具。
wx2d387aa6e9929340,金锣办公平台,Mini Program,,,金锣集团社交化协同办公平台，为企业实现高效协同移动办公、加速信息流转效率，降低企业运营成本。
wxe687f8522f1737c1,金锣电商,Mini Program,,,金锣电子商务
wx219f21500e7d59ab,金鹰生活GE Life,Mini Program,,,金鹰购隶属香港上市公司金鹰商贸（3308.HK），以20年线下中高端零售平台经验，打造线上购物新体验平台。
wx43cbf4fcfda8d0fd,鎏年渡民宿馆,Mini Program,,,一键预订，支持人脸自助核验入住，电子房卡秒生成，轻旅出行省时省心～
wx4fed6fd81776abce,鑫元基金鑫领航,Mini Program,,,鑫元基金旗下机构专属服务平台，聚焦机构客户自身的需求和痛点，提供专业资讯、实用工具。
wxbdb9d4a3d524a4a1,鑫大众生活,Mini Program,,,科技赋能社区，连接美好生活大众生活为您提供安全充电，线上缴费，访客登记，停车缴费，公告通知等等服务
wx4e956941eb5f58ab,鑫安保险公司,Mini Program,,,丰富的保险产品，专业的保险服务，及时的风险提示，尽在鑫安保险公司小程序。鑫安相伴，幸福相随！
wx0d72741bae904a6c,鑫恩华企业服务,Mini Program,,,鑫恩华企业服务平台
wx7966dac6db63ed45,鑫斛大药房,Mini Program,,,一切为您健康
wx6b0cfaa6c1ba276d,鑫桥优选,Mini Program,,,鑫桥百货竭诚为您服务，为您提供最优质的商品与服务。
wx4746d59fd04ae067,鑫海电商系统,Mini Program,,,鑫海石化商城
wx1a9869cd7ff0f98f,鑫漫娱乐电玩城,Mini Program,,,一个快乐娱乐，开心玩耍，放肆去嗨的地方
wxda3b582f06e15732,鑫煜潮玩娱乐,Mini Program,,,鑫煜潮玩娱乐
wx08586ea51861c24f,鑫苑服务CRMEB,Mini Program,,,鑫苑服务考勤打卡小程序
wx048140d343a1e2e1,鑫辉餐饮+,Mini Program,,,本小程序为南山医疗集团订餐专属。其他人员请勿自行注册点餐，谢谢您的配合。
wxcb0e7600850d6549,鑫雪校园外卖,Mini Program,,,为医大红医学子提供熙街餐食专属送餐服务，提供快速的配送服务，确保食物质量，并提供及时的客服支持以解决用户问题。
wx548ff8981ced8ea3,鑫零售电商,Mini Program,,,鑫零售电商是一个复合型社交电商平台，至2020年8月注册用户14万，日活跃用户2000+，平均日流水10000+左右，平台自营产品3000+SKU
wx521882740febe8a0,钓鱼佬天气预报,Mini Program,,,准确专业的钓鱼人天气预报，综合气温气象、气压、风向风力、日相月相等指标科学预测垂钓指数，让你告别空军，次次爆护！
wx6402e4b59b5ec4ab,钓鱼参谋-天气预报,Mini Program,,,钓鱼天气预报，鱼情水文信息查询专家！提供气温、气压、风速、水温、溶氧量、潮汐、水位、天气变化等全面历史、实时及未来预测数据。智能分析最佳钓鱼时机、作钓策略和推荐优质钓点标点，支持路亚台钓黑坑野钓竞技海钓，是广大钓友的钓鱼攻略神器和智能助手。
wxf500efd6de2068db,钓鱼天气爆护预测,Mini Program,,,私家蛋糕定制、烘焙定制、手工DIY、各种甜品…承接婚庆摆台以及各种活动甜品台。嘉亿城市广场57号楼726
wx77d76740b252a72e,钓鱼天气鱼情指数工具,Mini Program,,,面向钓鱼爱好者根据气象数据自动推算水温、水氧含量及气压变化趋势生成宜钓指数。
wx82e2e90567b956dd,钛兴娱乐,Mini Program,,,吧台座位、台球桌、卡牌座位预约，消费商品存储
wxa77322e40e103cba,钛酷24H健身,Mini Program,,,钛酷24H自助健身，无推销，无打扰。
wxef03411d2faf2941,钢厂助手,Mini Program,,,钢厂联营、现货、仓储一站式钢铁电商平台！变革创新，稳步发展，通过创新经营模式，整合产业链优势资源，横向延伸电商平台领域！
wxf3f7a3c0c1aaf40e,钢琴音乐达人,Mini Program,,,快来试试你有没有绝对音感？
wx57f5d262ef00a9c3,钢铁猿24小时自助健身,Mini Program,,,钢铁猿24H健身、无人自助健身、按次收费
wxbf82a62c3644784d,钥澜澜悦娱乐,Mini Program,,,在快节奏的生活里，钥澜娱乐以 “智能便捷・私密自在” 为核心，打造集自助棋牌、无人 KTV、精品桌球于一体的 24 小时娱乐空间。
wx41fd716abf7f9a51,钦州市卫生学校,Mini Program,,,钦州市卫生学校--厚德修业，守护健康;爱岗敬业，育人求真;勤学苦练，善思精业;朴实严纪，文明创新。
wxca5c50f0a67faada,钰管家停车,Mini Program,,,“钰管家”是通过数字化运营车位资源，为会员提供停车，汽车充电等服务的平台。
wx3f4c89cc907b0248,铁亿商城,Mini Program,,,铁亿是服务河钢集团员工的一款一站式企业员工福利平台。旨在为集团员工及家属提供衣、食、住、行全方位一体化服务。
wx4c906963cadf8a7f,铁兽运动,Mini Program,,,自助健身
wxf18aa630d1e0210a,铁塔汽车充电,Mini Program,,,铁塔汽车充电平台为社会电动汽车车主提供充电服务
wxfd8dd0397bd49540,铁岭市住房公积金,Mini Program,,,铁岭住房公积金小程序为您提供服务。
wxc7de98ab4e2946cb,铁拳健身,Mini Program,,,动态数据实时查看，及时掌握门店信息，远程运营，管理门店，真正实现老板无需到店值守，顾客自主预约到店体验。
wx4e4bb9a3f684dd0a,铁旅12306时刻表订餐约车酒店+,Mini Program,,,铁旅，铁路官方出行服务App
wxb537f01f61b77b32,铁煤学习在线,Mini Program,,,铁法煤业集团在线培训系统。
wxf7c29b46025da84c,铁祝科技优选,Mini Program,,,铁柱科技优选专注于线上日用品销售
wxdbf5595d1a3ace3e,铁祝科技精选,Mini Program,,,铁祝科技精选专注于线上日用品销售
wxd546528fb5181dfe,铁行汽车票,Mini Program,,,铁行汽车票提供全国汽车票网上订票，汽车票查询时刻表及汽车票购买，支持车站取汽车票。
wxd9e9028d30115a55,铁行火车票机票汽车票,Mini Program,,,铁行火车票为您提供火车票，机票，汽车票在线预订，特价机票查询，火车票查询，长途汽车票查询，就上铁行火车票；
wx25222d89bb69979a,铁行特价机票,Mini Program,,,铁行特价机票，一键飞机票查询，全网机票比价在线预订，航班延误动态实时查询，飞机票在线值机行李托运，机票退票改签统统在行！
wxa599e6d2b5f2ae78,铁轨跑步逃生游戏,Mini Program,,,化身城市跑酷高手，在霓虹隧道、悬浮列车顶开启生死竞速！单手操控滑板腾空翻转，躲避激光栅栏、爆破障碍，收集磁力芯片触发子弹时间。解锁机械义肢、全息忍者等未来角色，每次转弯都是全新世界！全球玩家实时闪电战，争夺“地下车神”称号，你的反应够快吗？
wx49e32b28d69f3e5d,铁鲨运动,Mini Program,,,铁鲨运动 24小时无人自助健身房 以智能科技＋专业器械为核心
wx1e6516c0236365a3,铁鲨运动24H共享健身,Mini Program,,,铁鲨运动24h共享健身  无人推销  无人打扰
wx4556512836a59e33,铜牛校园,Mini Program,,,铜牛学生装品牌订购官方渠道
wx2595c4c5804f2815,铜陵人才招聘,Mini Program,,,铜陵本地招聘平台，致力于铜陵找工作/铜陵求职/铜陵招聘/铜陵招人等专业，专心，专属的服务！
wxdfa6c5c1a7b677ac,铭升教育江西专升本,Mini Program,,,江西省普通高校专升本（统招专升本）考试信息发布、查询，习题练习，复习规划。
wxf7b173581d31c9a5,铭度儿童游乐,Mini Program,,,铭度微付
wx73f505939825c309,铭杨出行,Mini Program,,,该小程序主要用于二轮电动车或电池的租赁，用户按期租赁使用，到期需要联系用户续费或归还租赁车辆或电池。
wx7583c2a932b932c1,银兴电影+,Mini Program,,,银兴电影+是湖北银兴影管旗下的官方购票小程序，覆盖银兴影管旗下各大影城的实时排期与影片资讯，致力打造集在线选座、卖品购买、会员权益于一体的一站式智慧观影服务平台。
wx0d4310c821b9c660,银券客户经理营销,Mini Program,,,为企业员工提供业务营销提报汇总功能，助力企业更好开展业务营销和统计，落实绩效考核。
wx3ecdf4512ebe2d1d,银川市明航职业培训学校,Mini Program,,,银川市明航职业培训学校
wxd6698f57393fb9da,银川微公交,Mini Program,,,银川公交计划依托“公交+微公交共享电单车”的数字化出行模式，切实解决市民出行最后 1-3 公里的问题。
wx22697ff750cfc1d6,银星素质课程报名,Mini Program,,,银星教务在线素质活动内容展示、介绍及选报。
wx3073ad20ef8b24b9,银杏网咖管理,Mini Program,,,银杏网咖管理系统小程序
wxd67b7d9d5ee64e84,银河列车源酒站,Mini Program,,,源酒列车纯粮只是最低标准风味才是极致追求溯源产地/纯粮酿造/只卖大厂原浆
wx6c057850ab5a6b86,银河电影公园丨额敏店,Mini Program,,,一站式娱乐购票入口
wx696db080fcda39ae,银河电影公园伊宁店,Mini Program,,,小程序一键选座充值购票~
wx7d8311ca5bee6766,银河证券小店,Mini Program,,,优选好产品，精选好服务，尽在「银河证券小店」！
wx5bdde78389a21bf8,银河证券托管和基金服务,Mini Program,,,银河证券托管和基金服务
wx6bb2ad3e80a68122,银流咖啡SilverFlow,Mini Program,,,银流咖啡SilverFlow
wxb299cca60627dcf4,银税智选,Mini Program,,,企业税票数据采集工具
wx612748345a7e604a,银豹CRM,Mini Program,,,银豹CRM，随时随地，为每一位客户提供优质服务。销售员可以在手机上随时查看自己的会员信息、购物卡 信息和消费记录，代客下单。
wx537153c66e5a72e0,银豹教务端,Mini Program,,,专为机构开发的管理工具
wx3c4a28b45dd530bb,银豹母婴商户端,Mini Program,,,专为母婴场景设计，支持回访、收银、营销、服务预约，全面解决母婴门店经营需要
wx23b10d35a38a4d7c,银通校园,Mini Program,,,安徽银通物联有限公司旗下校园电子一卡通，主要功能：充值、订单查询、生活水电缴费、扫码开门、扫码消费、在线挂失、场馆预约等
wx4609d76e5746ad12,银鼎出行,Mini Program,,,更智能的出行
wx6d2355cbc02a0253,链享娱乐,Mini Program,,,链空共享，科技织就未来空间，重塑共享生活新体验。
wxbc06b7914684d576,锂云龙换电服务客户端,Mini Program,,,锂云龙换电，提供电动车和电池的租赁与共享服务，让出行更便捷。
wx3d9d33ba02136837,锅圈商城,Mini Program,,,“锅圈商城”是锅圈食汇网络科技有限公司旗下锅圈食汇品牌。主营火锅食材、烧烤食材等。
wxc2919dd88c44058f,锐健身 加州铁馆,Mini Program,,,锐健身 加州铁馆的小程序
wxd8d513cdf250375d,锐动健身课程预约码,Mini Program,,,健身预约
wx8e8e7b013df94512,锐强餐饮,Mini Program,,,小程序餐饮服务平台，一站式服务餐饮企业。
wx4eb92983d6573cd2,锐摄影,Mini Program,,,新锐独立，文艺复古
wx064da1f7954c6356,锐童云,Mini Program,,,凯锐智慧校园
wxd348c878ef045423,错题本数学助手,Mini Program,,,中小学数学错题记录与复习工具，支持拍照记录、知识点分类、智能复习提醒，帮助学生高效纠错提分。
wx17980d623e8acbcb,锡山涉外法律服务码上通,Mini Program,,,法律咨询、国际贸易、跨境投资、纠纷解决
wx27c5022a1c1f9ca7,锡速办,Mini Program,,,为无锡市民提供综合市政服务
wx07063b103a24883b,锡银支付商家助手,Mini Program,,,用于收单商户服务，提供查询等服务
wx19a2eb8aa6386366,锡银支付收单展业,Mini Program,,,用于收单业务电子展业
wx8065eafbf3663ebb,锦和美食广场,Mini Program,,,书卷相伴烟火气锦绣和美更贴心欢迎光临锦和美食广场
wxb8ae931466f6b5ef,锦尚汇购物中心,Mini Program,,,锦尚汇购物中心总体量约5万㎡，是象湖滨江惟一大型商业综合体，计划于2026年2月7日正式启幕，敬请期待。
wx41b1c44cc2a9cf54,锦州市机电工程学校食堂,Mini Program,,,学校食堂
wx2f5cf4e12f03bb55,锦州新闻网,Mini Program,,,百城百媒看锦州
wxb2bc5ca6bbc58c25,锦江丽笙酒店臻选商城,Mini Program,,,锦江丽笙酒店隶属于锦江国际集团，旗下共有10个品牌，为宾客提供理想的居停选择。
wx4e5614dba2dc7974,锦江荟,Mini Program,,,锦江酒店，可预订J酒店、昆仑、锦江、丽笙、锦江都城、维也纳、麗枫、锦江之星、7天等，为用户提供超10000家优质酒店的官方直销预订服务。
wx05548c5d196dc01c,锦江酒店一键WIFI,Mini Program,,,维也纳酒店官方服务小程序，包含一键连接WiFi，一键呼叫服务功能
wx3633dd08ba58c3ce,锦泰保险服务,Mini Program,,,锦泰保险官方小程序，提供保险产品购买、续保、保单查询、理赔等服务。
wxb6d3199c1b5828ae,锦淙餐饮,Mini Program,,,锦淙餐饮给行
wxa4ab0e4999b76dca,锦甄餐饮,Mini Program,,,欢迎光临锦甄餐饮。
wx67ca2ff55697a1f6,锦疆化工重污染天气响应门禁系统,Mini Program,,,奎屯锦疆化工有限公司安装门禁，具备自动识别车牌、自动抬杆、并实时记录车牌信息并保存的功能。
wx86218897594e5a4c,锦颐酒店JYHotel,Mini Program,,,锦颐连锁酒店官方订房小程序
wxfcff3362e6b70c71,镇赉县政务办事预约,Mini Program,,,信息推送，事件处理。
wx5df0a1cea24ec412,镇雄县医疗共同体,Mini Program,,,镇雄县医疗共同体
wxe9a4129fa1f70457,镜里山河户外自驾攻略露营地图,Mini Program,,,全国10万+免费露营地地图，镜里山河提供免费露营地、房车露营、床车露营、自驾露营、露营路线、免费停车场查询与导航，帮助车友轻松找到适合自己的露营地点。
wx9fb184eef643198b,长医外卖,Mini Program,,,欢迎大家点餐 我们将会提供绿色健康的食品哦
wxa5ce2af855029137,长圳学校校园餐订餐,Mini Program,,,用于登记用餐交费信息，以及后续的用餐请假信息，为用户提供菜单展示。
wx2bba04d8061b18f0,长垣市住房公积金中心,Mini Program,,,用于办理公积金线上，旨在为缴存人提供便捷、高效的住房公积金服务。
wx4c689bcf23fed531,长垣智小聘丨求职直聘找工作,Mini Program,,,求职招聘就来长垣智小聘！
wx32de8a3dce14fe60,长城内外旅游,Mini Program,,,长城内外--美丽延庆官方平台，您的异地生活管家，为您提供一站式旅游服务。
wx1af1f7eccc75eacb,长城华西银行,Mini Program,,,长城华西银行官方小程序，致力于为您提供全方位的金融服务：账户查询、投资理财、在线申贷等金融服务。更多实用功能，敬请关注！
wx287cecd762fd7d06,长城汽车访客预约平台,Mini Program,,,长城汽车自助访客系统，预约完成后可使用人脸信息、访客单二维码或身份证出入指定园区，欢迎您的来访!
wx97f0b5a8f51f7327,长城药店,Mini Program,,,晋中新长城药业连锁有限公司
wx0f4dfb3c64c81564,长城证券,Mini Program,,,长城证券官方出品，支持股票基金国债开户、资讯要闻查看、权益福利领取等服务。
wx2511a762cab85f3f,长安大学校园卡,Mini Program,,,长安大学校园一校通
wxa85ccd055be3cfbc,长安汽车引力域,Mini Program,,,长安UNI用户线上服务平台
wx8cf61b9041a7dfd2,长安汽车金融,Mini Program,,,主要用于长安汽车金融的贷前和贷后业务。可以通过小程序进行贷款预审批，以及贷后相关业务的查询。另外还提供多样的车生活服务
wxb99f8d9d63a4fa69,长少AI学,Mini Program,,,长少AI学是长江少年儿童出版社官方正版学习小程序，配套语、数、英上百本AI教辅，更有30多个学习智能体，涵盖了课内同步和专项提升学习需求。
wx497312ae898b9ee4,长承基金,Mini Program,,,仅供深圳市长承私募证券基金管理有限公司电子签约使用
wx867baed6924d90b2,长春中大医院官方中医挂号,Mini Program,,,专注身体健康
wxb33d3c57ca312d5f,长春中西医结合医院心理挂号中心,Mini Program,,,长春中西医结合医院·长春中西医结合医院精神心理科·官方挂号中心，开设长春地区精神科、心理科、神经内科、抑郁科、焦虑科、失眠科，心理咨询等精神心理障碍核心诊疗科室，为精神心理疾病患者提供细致专业化线上、门诊诊疗服务
wx683e7d15cebaf7be,长春公积金,Mini Program,,,长春公积金
wx7ebf1ee56bab1267,长春市九台区智慧法律服务平台,Mini Program,,,智慧法务
wx2edcac92a1a8bdd1,长春省直住房公积金管理分中心,Mini Program,,,长春省直住房公积金管理分中心官方小程序
wxf2cf59363b287a72,长木互联网医院-药店端,Mini Program,,,互联网医院问诊小程序通过整合线上线下医疗资源，为患者提供便捷的在线诊疗服务，涵盖问诊、复诊、处方开具等功能。
wx2ca73faac946a9d2,长江新区政务,Mini Program,,,长江新区政务服务
wx73940c6a47daf586,长江研究,Mini Program,,,长江证券机构客户服务平台，一站式获取我们的最新观点、专题研究、电话会议、活动预告等专属投研服务
wxa147ed6a564c4b63,长江证券财富近距离,Mini Program,,,财富近距离
wx03241790e3abd72f,长江财产保险股份有限公司,Mini Program,,,长江保险移动销售平台
wx05dddde9524044b4,长沙协雅医疗,Mini Program,,,长沙协雅
wxabd7c5758aef80d9,长沙博润医院银屑病官方挂号,Mini Program,,,这里是长沙博润银屑病医院官方挂号平台，24小时提供预约挂号服务，长沙银屑病医院专注银屑病的治疗与康复，定期开展公益援助。
wx1570a7256187ada7,长沙博润皮肤病医院预约挂号,Mini Program,,,【长沙博润皮肤病医院·官方挂号】，为您提供在线预约、在线咨询等服务，定期推送医院医疗动态资讯。若您有银屑病（牛皮癣）/白癜风相关问题，可通过公众号直接私信咨询，将竭诚为您解答。
wx97d8d4faf6ab587a,长沙天心伊百丽医疗美容,Mini Program,,,伊百丽4城14院连锁品牌，专注医学美肤，是您身边的皮肤养治管家！
wxa4b23a4d21508ebe,长沙市健康民生项目,Mini Program,,,\u957f\u6c99\u5065\u5eb7\u6c11\u751f\u9879\u76ee\uff0c\u9632\u63a7\u51fa\u751f\u7f3a\u9677\u98ce\u9669
wx2115f561f2537a6d,长沙市政务服务中心,Mini Program,,,为长沙市政务服务中心及入驻单位相关工作人员提供服务
wxd4bb072801daf37f,长沙欢乐颂支付助手,Mini Program,,,项目小程序开发功能使用
wx5771c55912c3d817,长沙湘肤皮肤病专科官方挂号,Mini Program,,,长沙皮肤科医院排名|长沙皮肤科医院挂号预约|长沙皮肤病医院哪家好|长沙治疗皮肤病较好的医院|长沙皮肤医院在哪里|长沙皮肤科医院挂号
wx43ccf96e8a7dc97e,长沙银行,Mini Program,,,长沙银行+，便捷的金融生活服务触手可及，让快乐＋一点
wx2880589b097f9490,长沙长海医院挂号中心,Mini Program,,,"长沙长海医院官方挂号平台，重点开展精神科、胃肠科、风湿科、甲状腺科、男科、妇
科等疾病的诊疗，致力于为患者提供高质量的医疗服务。"
wx5e80df07c1304f86,长沙雅美医疗美容医院,Mini Program,,,长沙雅美品牌挚友商城
wx83e517b8e5b23bec,长治公交通,Mini Program,,,为广大市民提供公共交通出行信息和IC卡充值、审卡线上服务。
wx74fffc28db3d4121,长治北大医疗潞安医院互联网医院,Mini Program,,,北大医疗潞安医院
wx386b7f5a1a8ede5e,长红财经金融培训学校,Mini Program,,,【长红财经服务端】将竭诚为您提供卓越的学习体验，助您在财富管理道路上稳健前行！
wx5178b5bf436083dd,长航政务,Mini Program,,,掌上长航政务大厅，面向长江航运各参与方提供全方位服务
wxf6863fd1f47e1acd,长量基金,Mini Program,,,长量基金自营小程序
wx5389b824eb954d71,长隆发票助手,Mini Program,,,用于长隆电子发票申请
wx55c473a8d46e4435,闪易充科技,Mini Program,,,为电动车辆提供充电服务
wx55768e6420738d55,闪照相机,Mini Program,,,闪照|爆照生成助手，支持闪照生成、爆照制作、闪照查看，安全防破解，一键撤回一键分享！
wx0094636cb5b671ba,闪电新闻,Mini Program,,,闪电新闻以直播和视频为特色，开设头条、时政、评论等50多个特色栏目，是山东广电面向新媒体平台的旗舰产品。
wx7ac14203c481861f,闪电狗健身,Mini Program,,,闪电狗24小时自助健身房
wx5fbbfd86ec6af66a,闪过英语,Mini Program,,,快速记单词，当然用“闪过”!
wx3379ff725b260178,问东商城,Mini Program,,,预包装食品（不含冷藏冷冻食品）销售。
wx771820531f2d9634,问卷加加丨考试评测调研助手,Mini Program,,,免费制作调查问卷，考试评估等，支持AI海量问卷模板制作，为企业个人学校的填写发布管理、样本搜集统计分析下载服务。问卷加加，用过都说顶呱呱。
wx9edfaf4ccb6fa37b,问卷网丨调查考试测评登记投票,Mini Program,,,问卷网-免费专业的工具平台。支持快速创建问卷调查、学科考试、企业考试、专业测评、趣味测评、报名表单、投票评选、满意度调查。
wx14eee21f00a62505,问止中医,Mini Program,,,问止中医是中医人工智能数字医疗企业，专注中医重症及疑难病。荣获专精特新“小巨人”、高新技术企业、广东知名品牌等荣誉，建设多位国医大师传承工作室。问止AI中医大脑通过三甲医院临床一致性研究和中国中医科学院中医药信息研究所专家评审。
wx0a79baddead1bf21,问界服务,Mini Program,,,赛力斯与AITO官方服务小程序，为广大赛力斯及AITO用户提供随时随地的贴心服务
wx82beb4896b333bc7,闲驴出行,Mini Program,,,超好骑的共享电单车
wx40b520708881dcb2,闻道万巷咖啡,Mini Program,,,用于线上点餐、外卖、会员系统及商城。
wx053f340ad7be98ba,闽侯县交通运输行业协会,Mini Program,,,闽侯县交通运输行业协会
wx525b978beb42fa85,闽南科技学院,Mini Program,,,本小程序是闽南科技学院官方配套线上缴费服务平台，专为在校学生打造，整合学费、住宿费、教材费、各类杂费等缴费业务。
wx4b267500fbcffbef,闽南科技学院阳光跑步,Mini Program,,,闽南科技学院阳光跑步小程序，助你科学运动。
wx80dce17d4ad0314d,闽教小学英语,Mini Program,,,地方版小学英语同步练习题
wx550084f3d3816053,闽滴出行打车,Mini Program,,,一款代驾软件，主要用于酒后叫代驾、婚庆代驾、商务代驾等应用场景
wxd5b784f1c090f064,闽辉购物广场,Mini Program,,,生鲜、食品、百货
wx1c2d3e94de431819,阅读小管家学生端,Mini Program,,,让每一个孩子成为真正的读者，让每一所学校充满书香。
wx1e9b403194959fde,阅读小管家老师端,Mini Program,,,让每一所学校充满书香，让每一个孩子成为真正的读者。
wxfedad69e97f854b3,阅读打卡助手,Mini Program,,,中小学生阅读打卡小程序，有完善的班级管理与数据统计功能，支持图文、语音、视频打卡，可在线语音点评、读书闯关等，助力阅读习惯养成
wxdad02942ec1616d3,阅读打卡管家,Mini Program,,,安全、易用、免费的阅读打卡助手，支持21天阅读打卡、自定义读书打卡、签到打卡、图片打卡、位置打卡、音频、视频统计打卡，数据可一键导出
wx33295837133fa9bf,阅读标尺Plus,Mini Program,,,阅读本质
wx670c8992fbafac88,阅读素养讲书坊,Mini Program,,,致力于学生阅读研究、推广，评价优秀少儿读物，建立中小学生阅读研究基地和阅读教育实验学校，推进书香校园建设。
wx70db63c619d1390f,阅读马拉松READATHON,Mini Program,,,记录阅读，以爱接力
wx46b00b3a9d09d35e,阅读鸭,Mini Program,,,阅读鸭基于“一书两讲”的形式，帮助幼儿教育工作者及家长提升0-6岁儿童的阅读质量。
wx8233457df436a64e,阅读龙分级阅读,Mini Program,,,RD培养2-18岁孩子英文自主阅读能力，从磨耳朵英语启蒙-自然拼读-原版分级-独立阅读，包含牛津树、国家地理、哈利波特等小说和社科类
wx0cd478b4bd11a553,阅达教育,Mini Program,,,“阅达教育”以家长和学生为服务对象，依托湖南省新华书店旗下所有门店，提供小学到高中各阶段的教育学习类教材、图书线上购买。
wx3cfe4ba157e18ebb,阜宁县交通运输有限公司乘车码,Mini Program,,,阜宁县使用该小程序进行乘城码乘车、公交出行等业务应用。
wx49d02438d29f88eb,阜新人民医院妇女儿童医疗中心,Mini Program,,,利用医院现有信息化资源和基础，打通线上线下医疗资源，改善患者就医体验，实现患者自我健康管理，提高医疗服务效率和服务质量。
wx118bfa5cc4796c81,阜阳师范大学校e通,Mini Program,,,用于校园卡充值，消费查询，财务缴费，基本信息查看等
wx0095ccbe2eeccfd1,防空洞舞蹈瑜伽,Mini Program,,,合肥防空洞舞蹈瑜伽
wx78a957dfd3e2c5a4,阳光云直播,Mini Program,,,阳光集团旗下直播电商平台
wx2edc82db506ea334,阳光保险+,Mini Program,,,阳光保险集团官方小程序，为用户提供专业、全面、便捷的保险服务。让人们拥有更多的阳光！
wxc88efffa519c3982,阳光保险官方商城,Mini Program,,,阳光保险官方商城，为您精选高性价比保险产品。
wx6e02c63a37fb43cc,阳光农业相互保险,Mini Program,,,阳光农业相互保险公司小程序
wx2dd647e6aa26e459,阳光出行丨快车出行专车打车软件,Mini Program,,,更便宜的打车软件，阳光出行小程序提供打车、预约车、接送机、接送站等出行服务，新用户领百元打车券礼包！
wx6e3b97d3761f4b27,阳光视频云直播,Mini Program,,,阳光视频云直播直播您的精彩
wx75e67891811b5b24,阳光车生活助手,Mini Program,,,阳光保险集团旗下阳光财险官方小程序，一站式提供保险购买、保单查询下载、办理赔、在线救援等服务。
wx6eaf507ce90f7f3f,阳新交通码,Mini Program,,,扫码，丰富出行生活
wxdfcac55ed8e0e85d,阳森海洋村度假民宿,Mini Program,,,武汉海洋村度假民宿在线订房
wxd4a4e3ef0d8176f7,阳泉市12345政务服务便民热线,Mini Program,,,阳泉市12345政务服务便民热线，为您提供咨询、求助、建议、投诉等政民互动服务，是政府联系群众，听取人民群众意见、批评的途径
wxbb1eb9b9ca2c565e,阳澄湖老船长,Mini Program,,,晓澄食品
wxf14e6afb554bde47,阿一波拍照相机,Mini Program,,,阿一波公司用于前端照片数据采集功能。
wxb412006734aa17c8,阿克苏地区第一人民医院院内导航,Mini Program,,,阿克苏地区第一人民医院院内场景，覆盖全院停车场智慧寻车服务及门诊内科室、药房、无障碍设施等区域的导航指引。
wx761959a43a4b2b07,阿克苏社会心理服务平台,Mini Program,,,公开重大疾病预防控制、健康科普、疾病应急救助、健康扶贫政策落实情况等信息。
wxea93bab38fc144d1,阿凡达潮玩荟家庭娱乐中心,Mini Program,,,🎮 阿凡达潮玩荟--山西本土连锁家庭娱乐中心，主打潮玩、电玩、抓娃娃，设备新、娃娃好抓、性价比高，是亲子遛娃、朋友聚会、学生解压的优选地。门店覆盖太原、榆次、忻州、汾阳、清徐、交城等，交城千禧店、太原全德隆店、忻州泛华店等热门门店人气爆棚。
wx6eacb3db759c7271,阿坝旅游,Mini Program,,,阿坝旅游网，一部手机游阿坝：阿坝州人民政府指定的九寨沟、黄龙、四姑娘山、达古冰川四大景区唯一官方线上售票平台！
wx87c6d6ea09641def,阿尔山柴河旅游景区,Mini Program,,,更多资讯请关注官方网站：www.aesly.com
wxbd51ac63893d3df5,阿曼提-心理服务,Mini Program,,,专注生命成长，助你解锁人生卡点提升生命频率。
wx716ec5f6526fcf8c,阿桂智能科技,Mini Program,,,上海阿桂智能科技有限公司主要经营汽车，电动自行车的充电运维服务。
wxe7489095fca7b220,阿立那饮品,Mini Program,,,阿立那饮品
wx7e5de9231f963e93,阿萝共享出行-雨来,Mini Program,,,阿萝共享出行是一款无桩共享智能单车租赁软件。为用户带来便捷的出行方式，轻松扫码即可助力10公里内的出行生活，非常方便实用。
wx4265593ba1f0f101,阿那亚民宿官方预订平台,Mini Program,,,阿那亚民宿官方预订平台
wx2b8788c319a5f46e,阿郎出行,Mini Program,,,阿郎出行，智慧出行
wxf1a11cce165659c2,阿里健康大药房,Mini Program,,,健康自营线上药房 / 100%正品 / 免费药师服务 / 24小时内发货
wx28bf5a709d9443c2,陀劲符工具2,Mini Program,,,提供在线购买食品、保健品，配送到家等服务，还有海量产品知识内容随时观看。
wxe0fd162e2d482d17,附近电影院订票买票宝宝,Mini Program,,,附近电影院订票买票，附近电影院电影票打折，附近电影院电影票特惠购，电影票购买，电影票优惠券，购买电影票，电影票打折购买！
wx42401ea322eee60c,附近电影院订票买票影团猫,Mini Program,,,附近电影院电影票购买，电影院附近的电影院购买优惠电影票平均立减5~30元🧧最新上映电影院位置，自动对比猫眼电影票淘票票美团就是便宜，电影票购买小程序支持cgv星轶横店大地博纳万达金逸中影南方国际奥斯卡幸福蓝海lMAX上影国际影城等购买入口
wx16f38f8b21d3db0c,附近的工作丨求职找零工找兼职,Mini Program,,,就近求职找工作，快速查看附近的零工岗位
wxeebbccc22e991ec2,附近群导航,Mini Program,,,附近交友扩列，CP
wx8d6496d636a93942,陆军第73集团军医院健康医疗服务,Mini Program,,,提供核酸预约、体检预约、病案复印等服务
wx8be2547ec23bbea7,陆川县政务服务中心,Mini Program,,,陆川县政务服务中心
wx4cf3681f444a2100,陇南公交,Mini Program,,,陇南公交乘车码
wx5e1ea15c8dbdf4d5,陇南市12345政务服务便民热线,Mini Program,,,陇南市12345政务服务便民热线
wx6da672710382b835,陇南电商,Mini Program,,,陇南电商同城配送
wxf672c8662a61dcc5,陇原新华助学服务平台,Mini Program,,,甘肃省新华书店线上征订助学服务平台
wxf516c684ed129424,陈建泽严选汽车城,Mini Program,,,在线展示门店在售车辆，欢迎详询
wx6bd3a06e7f329843,陕职学工综合服务管理平台,Mini Program,,,陕职学工综合服务管理平台
wxd8aa257f596cdad9,陕西12345政务服务便民热线,Mini Program,,,陕西12345政务服务便民热线是全省政务服务总客服，服务便捷，规范高效，主要受理群众和企业的咨询、投诉、求助、建议等政务服务事项。
wxfc4569e286958a49,陕西中医药大学附属医院,Mini Program,,,向患者提供在线医疗服务
wx37413964565b9070,陕西交通职业技术学院,Mini Program,,,欢迎报考陕西交通职业技术学院！
wxf09c9239e651a926,陕西学林教育科技研究院,Mini Program,,,学林智商城是陕西学林教育研究院线上官方运营店铺，主要为陕西省中小学生提供日常练习测评、练考等备考学习资料~~~
wx64afb5da821b6c6f,陕西科技馆-斯派克票务预约,Mini Program,,,场馆票务免费预约。
wx3d5a3989bd8d6146,院购商城,Mini Program,,,一家专业化的医患购物平台！在医院，买东西，找院购！真便宜，真方便！
wx9402f8c93e0efb4e,陪你天气,Mini Program,,,陪你天气，专注出行保障。行程遇雨自动补偿出行费用，让旅程更安心、更无忧。
wxa15eeb5eae8f1ea6,陪我跑步,Mini Program,,,记录每一次奔跑，陪你跑得更远
wx6f1c5ed02b28fe70,陶阳里旅游区,Mini Program,,,景区工作动态、图片、视频发布，景区游览服务。
wxf476b02caed70792,隆泰泰古法泰茶,Mini Program,,,它是漫漫时间长河里，流淌下的悠悠茶香。遵循来自1300年前的煮茶之道，坚守泰式古法，手作慢火萃茶。
wx6923da4b5788c527,随印云办公服务,Mini Program,,,随时打印，想印就印。小程序主要提供文档打印、复印、照片冲印、证件照制作等自助打印服务。
wx29958043c4aad318,随心配菜谱,Mini Program,,,用自己的菜谱和冰箱食材，少纠结今天吃什么；还能安排想做、生成购物清单、记录每一顿。
wx6ddcd371cdec0a7e,随意小书,Mini Program,,,热门小说
wxa3fd07e5e870e9a5,随手记丨神象云记账本,Mini Program,,,🔥随手记账，多人记账。随手记全新升级记账小程序。个人记账本/家庭记账本/生意记账本/企业记账本/旅行记账/班费管理/共享记账。
wxc74d25ead7832cad,随时爱智能售货机,Mini Program,,,爱无止境
wx7388414e91b5f3a3,随身考试,Mini Program,,,随时考试是一款专业做题软件，考生通过本小程序可以随时做题。
wxcf8801c4f63ea5c5,雀侠智慧娱乐空间,Mini Program,,,雀侠，致力于打造更受年轻人喜欢的线下娱乐社交空间。业务集台球、棋牌、KTV 于一体，全国门店数量超1000+家，覆盖100+城市，稳居行业TOP，引领娱乐社交空间新潮流！
wx97bdc80610756c5e,雀安生物工具,Mini Program,,,"本小程序是健康知识学习与计划工具，汇集慢病饮食、日常防护、营养养生、家庭健康科普等合规知识内容科普。
支持健康计划打卡学习、控糖计划记录，无社交评论、无医患问诊及诊疗服务，
仅供大众闲暇学习健康常识，培养科学健康生活习惯。"
wx5a922a92d7e458b0,雀小圣娱乐,Mini Program,,,提供雀小圣娱乐在线预约功能，支持线上支付，支持线上控制线下设备，支持卡券购买和余额充值，为您提供良好的雀小圣娱乐环境。
wx853b3ae8d25c1dd3,雀巢健康科学会员中心,Mini Program,,,雀巢健康科学会员中心小程序
wx3fd95130119a2865,雀巢甜品饮品站,Mini Program,,,甜品饮品站
wx57e0e4e07a2f2c53,雀梦空间棋牌--好惬意自助娱乐,Mini Program,,,提供24小时自助棋牌室服务，欢迎预约下单
wx064ecf8f76eb5a96,雀汇赢自助娱乐空间,Mini Program,,,提供在线预约功能，为您提供良好的娱乐环境。
wx23adc189846072c0,雀番番智慧娱乐空间,Mini Program,,,"雀番番智慧共享棋牌,利用物联网+互联网技术，打造全自助24小时共享空间，为用户提供一种全新的娱乐体验与更全面的智能体验！"
wxfe7d04d92fa77a22,雀馆主自助娱乐竞技馆,Mini Program,,,雀馆主，是一家24小时经营的智能共享自助娱乐竞技馆。【轻创业全程陪跑】：投资少、运管轻、回本快、门槛低，24H营业主力时段连续爆满通宵时段快速增长。【0元加盟轻松创业】：欢迎你的加入，开店一站式全程服务，全国加盟热线400-008-9838
wx06f1d19e161c2dbe,雁城公交,Mini Program,,,衡阳公交网上充值、消费查询等业务
wxfb70bd91c8c3b55a,雁塔停车,Mini Program,,,雁塔停车是一款集找停车位，充电桩、线上缴费、无感支付、包月优惠等功能于一体的智慧停车平台。科技改变出行，智慧创造生活!
wxd4ffac262c9600b7,雄巾,Mini Program,,,本小程序拥有海量独家高质内容，为用户提供优质的小说阅读服务。
wx17fc4fadb7520c04,雅思考试官方服务平台,Mini Program,,,由雅思考试主办方英国文化教育协会出品，优化机考口试预定体验。报名成功即可预定口试时间，无需等待，助您轻松规划，安心备考！
wxf636866bab6fd872,雅思阅读解析,Mini Program,,,收录全才是真题库，讲的精才是雅思真解析！《雅思阅读真经5》《剑雅真题8-20》题目及解析。
wx8a928bb8a3945a16,雅燊记账,Mini Program,,,极简本地记账小工具，专注日常开销记录、消费统计、预算管理。数据本地存储，安全私密，无需联网，轻松管理个人收支，简单好用。
wxb6455d115ace1c54,雅生活支付,Mini Program,,,雅生活支付专用
wx355daadf8bdcb54f,集中采集小助手,Mini Program,,,学生采集小帮手
wx7b37c197d7963a71,集散中心票务预订,Mini Program,,,集散中心票务预订小程序，主要应用于游客现场扫码购，为用户提供集散中心产品查看和预订购买。
wx55117df2ec293e7e,集美教育,Mini Program,,,集美教育办公
wx23c8e98b66ffac0e,集英集团智慧运营管理系统,Mini Program,,,通过智慧运营管理系统，可实现勤务调度智能化、人员管理精细化、风险管控实时化，全面提升运营效率、服务质量和安全水平。
wx48d2155ee665ac0d,集采地图,Mini Program,,,药品集采品种检索小工具
wxf1f8e1e515b8e0c2,雍禾毛发健康云医院,Mini Program,,,雍禾毛发健康【原毛管家】隶属于雍禾医疗集团，为患者提供预约挂号、线上问诊、甄选商城、毛发内容科普及患者全生命周期的管理。
wx435e26a5348a7c1f,雕马CRM,Mini Program,,,雕马快租平台客户关系小程序
wx2dbfd3bb93a3ab28,雨虹零售营销,Mini Program,,,雨虹零售营销小程序
wxab3488bdd11de556,雪人电影票,Mini Program,,,电影票优惠买：全国院线所有场次，3-9折，每张电影票优惠3~30。电影票优惠、电影票超低价购买！
wx73caa955a5f4f9a4,雪山火车,Mini Program,,,丽江雪山观光火车线路全长20.7公里，起点站为游客中心站（玉龙雪山新游客中心），终点站为玉龙雪山站，沿线中间站点暂不开放。
wxf820ecb35097da92,雪梨学习圈,Mini Program,,,雪梨老师学员专属，帮助千万普通家庭学好英语~
wx11e7a5ccb7dc67d2,雪狐狸护士护师考试,Mini Program,,,"雪狐狸学护理,护士资格证考试,初级护师资格考试,主管护师资格考试,护理考研,护士,初级,主管,护资考试"
wx8f98d076d3459dd6,雪球丨基金股票交流交易平台,Mini Program,,,聪明的投资者都在这里
wxcd9155cc36dbf4cf,雪绒花母婴会所,Mini Program,,,雪绒花母婴会所，专注母婴服务。
wx73f60c50be5a2db2,雪融视频,Mini Program,,,随时随地观看视频
wx65f3122674a79e53,雪鹭课程表,Mini Program,,,社团选课、延时班选课、选科、课程表、考勤、学校公告、学业成绩、德育考核学生随时查看，以及评教评学等。
wxdf954b0e654beccf,雲自17 台灣民宿,Mini Program,,,雲自17 台灣主营民宿特產
wx6e453e750c275502,零碳新能源科技,Mini Program,,,新能源零碳
wx30f4669baf08055f,零食相机,Mini Program,,,用于销售门店陈列管理
wx3a7ca9aa437d85cf,雷克斯体育,Mini Program,,,雷克斯创立于1999年，属浙江胜派体育用品有限公司旗下。专注运动健身及校园达标体育用品的设计生产，产品深受国内外市场的好评。
wx84e3d32e3ab779a3,雷霆AI电商,Mini Program,,,渲然集团
wxcd91736c5fc0d070,雷霆工具箱,Mini Program,,,雷霆战机集结兑换码攻略全套 ✅ 雷霆战机游戏唯一完整数据查询助手 👑 雷霆战机 活动日历 🔥 雷霆战机搭配攻略 💎 雷霆战机计算器工具 💥 图鉴信息 💯 雷霆战机集结 独家爆料 l 能让你少走弯路不踩坑~
wxc2543141ee91383e,霍娜英语,Mini Program,,,跟着娜娜老师学英语
wx6a7f63e8d9d31741,霍尔果斯经济开发区口岸管理局,Mini Program,,,霍尔果斯经济开发区口岸管理局成立于2013年，下设4个科室，职能范围是优化口岸通关服务，全力保障贸易通关顺畅。
wxace0eee91d47d27e,霍林郭勒市数字政务门牌,Mini Program,,,数字化政务门牌是解决群众“不会办、找不到、问不清”的办事指引类应用，为群众提供事前引导服务，网办指引等多种服务需求。
wxa257597bd3a08f5f,霍货有名电商,Mini Program,,,"霍货有名是集霍山农特产品、特色美食、民宿、旅游景点、家政服务等于一体的综合型服务平台，优品助农,新鲜到家，助力乡村振兴。"
wx0a9f159eddb2c5f8,霖久智服 智慧停车便捷充电,Mini Program,,,便捷充电，一键停车缴费！
wxafec6f8422cb357b,霸王茶姬,Mini Program,,,霸王茶姬自云南茶马古道出发，以东方茶，会世界友，以一杯现代东方茶，连接你我每一天，和天下茶友CHAGEE TOGETHER!
wxdc1a0f5e5931ed07,霸霸饿了外卖霸王餐,Mini Program,,,霸霸饿了--全国外卖返钱平台，线下探店平台。
wxcb5c725248f859d6,青云教育服务中心,Mini Program,,,供青云学员，员工日常使用，在线浏览课表、签到、成绩等功能
wxcdcbec6bf40d053a,青云诀之伏魔,Mini Program,,,西行纪IP正版联动，重走热血还经路！
wxd5d18c78a939e921,青城赤兔出行,Mini Program,,,呼和浩特市青城赤兔全新平台
wxa49955f941ffbc32,青少年人工智能编程,Mini Program,,,第五届青少年人工智能创新挑战赛 --人工智能综合创新邀请赛
wx25cd56fd7f72ddfd,青少年心理健康服务平台,Mini Program,,,河南省青少年心理健康服务平台
wx045a3838948e1c88,青少年心理成长服务,Mini Program,,,平台针对校园青少年心理问题和管理，为学校和教育单位提供心理监测、评估、分析、跟踪服务，促进青少年身心健康成长。
wx26bb2b143b951a06,青岛全民阅读学习平台,Mini Program,,,全民阅读服务平台，提供全民爱读书、读好书、善读书的优质服务
wx5d1c72c95c55092d,青岛军康心理医院医疗废弃物转运,Mini Program,,,青岛市市北区19张床位以下医疗机构医疗废弃物运输转运
wx368808369cf4da10,青岛医保移动支付,Mini Program,,,提供青岛市医保移动支付服务
wxeeaae93e336125ca,青岛地铁安保服务e监管平台,Mini Program,,,“青岛地铁安保服务e监管平台”是青岛市公安地铁分局依法监管地铁运营区域保安服务的重要平台。
wx0fcdf2bf0cfdd23b,青岛崂山旅游服务平台,Mini Program,,,线上崂山实现旅游咨询服务、文旅资源宣传展示，一键预约景区、美食、住宿、购物等，引导游客文明旅游、安全出游、绿色消费。
wx1f13f69de2601c29,青岛市北银康白癜风医院官方挂号,Mini Program,,,这里是【青岛银康白癜风医院】官方挂号小程序，24小时提供预约挂号服务，帮助白癜风患者便捷就医。
wxc34ce456ae9199df,青岛市妇女儿童医院,Mini Program,,,青岛市妇女儿童医院官方小程序
wx00bedc56ad8fd0f6,青岛招聘网,Mini Program,,,"青岛招聘网(www.qdzpw.com)青岛人才网,招聘市南、市北、崂山、李沧、黄岛、城阳、即墨、胶州、平度、莱西、求职找工作参加招聘会快人一步！"
wx586d64feaace754a,青岛新闻物业管理有限公司,Mini Program,,,青报实业公司员工年终考核小程序简介：员工年度考核线上化，规范评分标准，精确考核数据统计，提高员工的年度综合评估的科学性。
wx55d485a558ad7d32,青岛西海岸电影城,Mini Program,,,会员及非会员可使用本程序购买青岛西海岸电影城旗下门店影票或充值。其他问题可咨询4006-523-630
wxb125d2a62ec26fc5,青岛银康医院白癜风预约挂号,Mini Program,,,青岛银康白癜风医院-青岛银康医院-青岛市北银康白癜风医院官方预约挂号平台小程序，提供医生排班，医生介绍，预约挂号服务
wxdc0587e386f9b0dc,青桐智盒金融赋强公证,Mini Program,,,用于当事人在线办理赋予债权文书强制执行公证
wx43af6c01b5691d2f,青橙健身Fit,Mini Program,,,青橙健身——由三体云动提供软件技术支持。
wx339cc76daa75f2be,青沐智住 新概念民宿,Mini Program,,,民宿管理
wxe20409c4318b316f,青海企业登记全程电子化电子签名,Mini Program,,,青海省企业登记全程电子化电子签章
wxe79665eff909c145,青海区域医疗中心,Mini Program,,,青海区域医疗中心为医疗、教学、科研为一体辐射青藏高原，重点发展高原医学、急诊医学、心血管和神经专业 的国家级区域医疗平台
wx7c8f3d089f9ac000,青海瑞智联体育运动,Mini Program,,,棋牌室服务、健身休闲活动、餐饮管理
wxffb243467db9a212,青海省交通医院,Mini Program,,,青海省交通医院是位于青海省西宁市城西区交通巷5号的三级甲等综合性医院，始建于1960年。
wx56a27656735096af,青海省妇女儿童医院,Mini Program,,,青海省妇女儿童医院是青海省唯一的一所集医疗、急救、预防、康复、保健、教学、科研为一体的“三级甲等”妇女儿童专科医院。
wxa41a5c2d5c651286,青眸阅读,Mini Program,,,热门网络小说，任你挑选阅读~
wx20fbc1d04559f6f6,青程出行,Mini Program,,,一款面向校园用户群体的智慧校园产品，为学生提供校园巴士服务，预定交通出行工具。
wx08cf3b334b5658e0,青空瑜伽,Mini Program,,,线上预约
wxddd48671f9f40227,青藤外卖,Mini Program,,,提供堂食外卖
wx0afd62953988a2bc,青蛙健身服务平台,Mini Program,,,青蛙星球健身馆
wx6d58db09d4ea80de,青软优加人工智能通识课方案定制,Mini Program,,,服务产品化，过程可视化。方案定制简单、快速、透明，全程可追踪，每一步价值清晰，享受真正定制体验。
wx6a0dd3645faf40f7,青阳法律,Mini Program,,,青阳法律服务
wxddc5a8abcb49d782,青雀小说,Mini Program,,,精彩小说，好看不停！
wx25c59fff15f02354,青青天气,Mini Program,,,权威40天天气预报，日历天气，24小时实时天气，未来6小时降水预报，生活服务查询，气压风向，日出日落等全国气象服务!关心天气更关心你
wxbd77a301567914e8,青风阅读,Mini Program,,,看小说，尽在青风阅读！
wx2f004ebef6c55b97,青龙舫民宿,Mini Program,,,龙管家，提供在线选房预订、实时房态查看、还可浏览民宿风光与周边攻略，江景房古风套房随心选，让阳山之旅宾至如归。
wx0514a79426bbda27,靖边县政府政务动态,Mini Program,,,报送本单位主要负责人当天工作动态，接受各级各部门的督导检查或验收工作，主持召开或者参加重要会议，听取研究重点领域工作。
wx60d025d9c9c50799,静宁县人民医院全支付管理系统,Mini Program,,,医院内部对公、对私报销系统
wxf13e936c55e072fd,静安区房屋管理小程序,Mini Program,,,静安区房屋管理小程序
wx3626a3d41e43a4e2,静安医保政务通知,Mini Program,,,此程序由“上海同威数码科技有限公司”为“上海市静安区医疗保障局”提供运维服务，“上海市静安区医疗保障局”是有限期的使用单位。
wx267f990e76df4d27,静康餐饮,Mini Program,,,点餐小程序
wx9fb2b19202fa5717,静态交通莲城充电,Mini Program,,,莲城充电
wx9650fe4decbc2fcd,静瑜伽普拉提会馆,Mini Program,,,在线约课，在线售卡
wxfd1d362104bec183,静穆瑜伽普拉提馆,Mini Program,,,静穆瑜伽普拉提馆
wxc3d427880ed12f83,非球科技管理端,Mini Program,,,非球科技作为新生代数字全域平台的赋能者，为客户提供“硬件＋软件＋数据＋服务”多位一体的高质量解决方案
wxc0e28d32dbba58c4,韩优直购跨境电商,Mini Program,,,欢迎光临
wx69e6f7485f406f4a,韩国korail火车票,Mini Program,,,韩国korail火车票预订小程序
wxf45974ad59afef1f,韩国地铁,Mini Program,,,韩国首尔地铁
wxf21a18e787d5bad2,音乐兽,Mini Program,,,提供在线预约功能，为您提供良好的娱乐环境。
wx86ca35c2d098b2db,音乐剪辑器丨音频裁剪,Mini Program,,,声音裁剪，音频剪辑，音频剪切，音频编辑，音频截取，音频制作，音频修改，音频修剪，配乐剪取，音频处理，歌曲剪取，mp3裁剪工具
wxdfdb245992ff8c56,音乐剪辑大师,Mini Program,,,一款功能强大、操作简单的音频剪辑软件，目前支持的功能有：1、音频剪切2、音频拼接合成3、视频转音频4、伴奏人声分离
wx55d0a0795bc1b851,音乐年糕圈,Mini Program,,,小年糕｜大世界：海量音乐精选内容，点击查看！
wx25490d2ddce9d3be,音乐弹球,Mini Program,,,休闲模式，踩着音乐节奏，轻松愉快的往前走，同时球会越滚越大，一首歌曲会有不同档位的加速，后面越来越快，超级好玩。挑战模式，分成5个难度等级，最后一个难度，地狱级。
wx8621f03cdb9d3cbb,音乐歌曲下载吧,Mini Program,,,绝对免费听|完全免费下载|音乐下载|VIP音乐免费|免费音乐|海量歌曲|歌词搜索|下载音乐|免费下载音乐|音乐下载全免费|歌曲下载
wxf377adb697ff44bf,音乐派KTV连锁,Mini Program,,,音乐派KTV线上预定
wxd9c11e19689aa4d5,音乐猜歌名,Mini Program,,,一款音乐猜歌名游戏软件，也包含了猜菜名，猜电视剧名，猜电影名等文字玩法。
wx522fcb53f49c8186,音乐球球跑酷,Mini Program,,,音乐球球跑酷是一款滚球小游戏，掌握节奏，尽可能多地滚球，获得更高的分数，不断打破你的记录。
wx83486e03ff3911ff,音乐球球跳跃,Mini Program,,,
wx49c4d6ddb148f038,音乐相册制作生成器,Mini Program,,,🌹🌹超好玩的3D音乐相册❤️3D照片影集❤️祝福贺卡都可在这里制作❤️永久免费❤️放心使用！🌹🌹
wxb878ab2014e66271,音乐节奏剑圣,Mini Program,,,钢琴块、音悦刀剑、音乐解压就玩音乐节奏剑圣游戏，下落式音符劈砍玩法，提供流行歌曲、流行乐曲跟着乐曲节拍练习音乐节奏，是通勤空闲时打发时间解压方式的音乐小游戏。
wxf6cc8f02a32a132f,音乐节奏方块大师,Mini Program,,,一款将音乐节奏与打砖块完美结合的动感游戏！跟随热门音乐的节拍，滑动手指击打方块，精准点击获取连击和高分。海量流行歌曲库，多种难度挑战你的反应极限。视觉听觉双重享受，体验节奏大师指尖跳舞、引爆全场的爽快感！
wxeefd3658ccc2b324,音乐节奏模组盒,Mini Program,,,节奏盒子全模组完整版，包括节奏盒子腐败版、节奏盒子腐化版、节奏盒子寄生虫、节奏盒子马桶人、节奏盒子万圣节、节奏盒子圣诞版等等！节奏盒子合集大放送，全阶段可玩！
wx790b89cea3f8aaaa,音乐节奏派对,Mini Program,,,趣味音乐节奏闯关小游戏，罗布乐思跟随节拍踩踏彩色键盘，跟随动感乐曲完成节奏挑战，感受轻松解压的音乐跑酷体验。
wxbc81274a446a3e84,音乐节奏跃动,Mini Program,,,热门音乐节奏闯关！指尖点击音符精准卡点，解锁全网流行金曲
wx7b88969dcc49dc60,音乐节奏跳一跳,Mini Program,,,超好玩的音乐节奏类小游戏~众多精选歌曲，包含从流行到电子音乐等多种风格，并持续更新曲库。一款将音乐节奏与跳跃闯关完美结合的游戏。需要跟随动感音乐的节奏，在恰当的时机点击屏幕，控制小精灵精准卡点。考验节奏感和反应速度
wx9ad7833b061a24a7,音乐节奏跳跃,Mini Program,,,一款正版的3D音乐节奏游戏，跟着音乐节奏跳跃摇摆，感受音乐与速度的碰撞~指尖跳动，炫彩节奏感的游戏，谁是音乐节奏的大师？
wxbc96da0677941466,音乐节拍达人,Mini Program,,,音乐节拍达人，音符从屏幕上方砸下来，你要在它们到达判定线的那一刻点下去。差一毫秒就不是满分，连击一断分数直腰斩。曲库从流行到电音到古典，难度从简单到这真的是人能做到的吗？戴上耳机，世界只剩节奏和你的手指。敢说自己节奏感好的，来满分通关试试。
wxa174999025dc2a0c,音乐跑酷,Mini Program,,,跟随音乐节奏划动手指！
wxa018f76bc4e02dbb,音乐连一连,Mini Program,,,"音乐歌词连连看休闲益智小游戏！聆听旋律歌词，连线对应歌名。猜歌名，歌词连线，实时猜歌对战，听前奏猜歌，猜歌排行榜，带来欢乐音乐体验。音乐达人或小白都能乐在其中，快来挑战听歌识曲,冲击排行榜吧"
wxb25ac232259bc16f,音乐钢琴键大师,Mini Program,,,体验最纯粹的节奏打击感！音符化身为下落的钢琴键，你需要用指尖在准确的时机敲击。游戏拥有出色的触控反馈与判定系统，从“Perfect”到“Miss”，每一次敲击都清晰可感，让你完全沉浸在人键合一的流畅操作中。海量经典与流行钢琴曲等你来演绎
wx64e3c4e9eab5fdfd,音乐链接下载,Mini Program,,,vip音乐， 支持：酷狗音乐｜网易云｜QQ音乐｜抖音｜汽水音乐｜B站｜西瓜｜微视｜快手｜小红书，视频转音频(MV转MP3)。
wxa83ddebf3ebc6b50,音乐音频下载器,Mini Program,,,免费的万能音乐音频下载神器，成功率99%+，下载省心，使用放心。音乐有链接就能下载，能播放就能下载，畅想无损动听音乐
wx5a8a916ce389decc,音唱欢智慧娱乐空间,Mini Program,,,音唱欢，越唱越喜欢
wxda0dca019bf01536,音悦节奏球,Mini Program,,,Amanotes正版授权Tiles Hop，与众不同的音乐弹球游戏。
wxeacd33c85344fb56,音频提取工具,Mini Program,,,免费视频转音频工具，提取音频，音频提取工具，视频音频转换，视频转换为mp3，视频压缩，图片压缩，动图压缩
wx869efb307a326351,韶关市住房公积金管理中心,Mini Program,,,用于韶关市住房公积金管理中心对外提供住房公积金服务。
wx73ebac32a341ac2e,顶上生活,Mini Program,,,艾升快剪联盟，提供全国快剪店分布情况，提供消费者快速查找身边快剪店。
wxc6a9b9f2ddbd0b4d,顶易充汽车充电,Mini Program,,,顶好智慧能源旗下汽车充电小程序
wx423df3c8f9d448f0,顶点财经服务助手,Mini Program,,,顶点财经服务助手
wx01f171c6801a30c7,项美商城,Mini Program,,,项美科技官方商城
wx2c9e3f00e0a491a1,顺丰企业服务,Mini Program,,,顺丰企业服务平台小程序，是顺丰月结客户官方平台，为客户提供批量寄查件、财务对账、企业结算、各种企业数字服务、福利等一站式服务。
wxc21eb29b67351e00,顺丰公益基金会,Mini Program,,,顺丰云公益
wxd4185d00bf7e08ac,顺丰速运+,Mini Program,,,顺丰小程序，提供寄快递、查快递、会员福利等服务。寄内地港澳台、寄国际、寄大件、寄生鲜、校园寄件、网购退货、同城急送、搬家用顺丰！
wx43db6d23db98c87f,顺义发展对象培训考试,Mini Program,,,顺义区发展对象培训考试系统
wx533a3fa0b8346cab,顺天饮品,Mini Program,,,一键订水，送水到家
wx65b8c3eba4faaeca,顺德农商银行消费金融,Mini Program,,,顺德农商银行消费金融小程序，个人消费金融业务掌上一站式体验。
wx50e9776c81087219,顺水漫生活,Mini Program,,,顺水漫生活是一家提供校园自助服务的平台
wx9770fe73a157af4e,顺溜外卖 美食外卖超市跑腿快递,Mini Program,,,-本地生活就找顺溜外卖-附近美食、早午晚餐、下午茶、宵夜、中餐、西餐、家常菜、鲜花蛋糕、甜品饮品、水果、跑腿代购、支付便捷、快捷到家。
wx72d49cc1e3f709f2,顺通学习中心,Mini Program,,,提供在线学习视频课程
wx940b7d54338f6f22,顿角咖啡,Mini Program,,,顿角BreakCorner专注于为政府、企业及高校打造集咖啡饮品和客户衍生品于一体的体现和传播客户文化价值的综合形象咖啡空间。
wx181f0949fa5f7099,预约挂号医院通,Mini Program,,,
wxb749f571f4952f5f,预约挂号网,Mini Program,,,医院预约挂号网是免费挂号网预约平台，挂号通挂号平台提供全国各城市医院挂号，已开通北京医院挂号上海广州天津等挂号官网挂号入口
wxf1c4ffab98f7dc8e,预约挂号通,Mini Program,,,预约挂号网是公益医院挂号网上预约平台上海广州北京大学第一第三第六协和儿童肿瘤人民妇产安定中医301口腔同仁天坛医院多点医生
wxe63d90147bc43bd4,领停停车管理,Mini Program,,,停车场管理
wx4e8c1172fe132106,领克汽车,Mini Program,,,领克汽车官方小程序，可以让你随时了解车型信息、试乘试驾，让购车体验变得更便利。
wx98fc017d12aba01b,领航AI教育,Mini Program,,,领航AI是一款能够帮助学生养成自主学习能力，打造自主学习力的AI智能平台。
wx50ebdf8ec58379e5,领航启学校园中台-家长版,Mini Program,,,为开通校园中台的学校学生家长提供相关校园服务
wxf427d1e6522a1c4a,领食周边购丨0-5元外卖霸王餐,Mini Program,,,外卖霸王餐，领食霸王餐，0-5元外卖霸王餐，快递优惠寄件，特惠电影票，外卖红包天天领；
wxc86cdbdddc531410,领鲜美食集合店,Mini Program,,,美食，饮品，零食，奶粉，保健食品等。
wx6fd8e7a8a7fa04bc,颐铁火车,Mini Program,,,颐铁为您提供火车票团体票预订、改签、退票服务，支持外宾出票，支持计划票申请。
wx9399eff202082584,题材宝股票,Mini Program,,,一款题材库选股神器，七大题材库功能，助您天天选好股！；两大经典指标，把握买卖良机；三大龙头战法，掌握交易模型
wx150f20d21c328c01,题答答丨在线考试答题助手,Mini Program,,,🔥官方推荐：反诈答题，消防考试，知识竞赛，大练兵模拟考试，在线考试，题答答为您轻松解决！
wx4580004d18503e40,题答答丨线上考试答题助手,Mini Program,,,🔥官方推荐:安全生产，普法反诈答题，双创答题，AI答题，知识竞赛，大练兵模拟考试，在线考试，题答答为您轻松解决!
wxc5610758cd929650,题虫辐射安全与防护考试题库,Mini Program,,,辐射安全与防护考试(HJSLY)辐射安全培训、辐射安全考试、辐射安全与防护考核真题、题虫跟我学保您过！
wx7180878678979dc8,风味美食街,Mini Program,,,《风味美食街》是一款模拟餐厅经营的时间管理、美食烹饪游戏。
wx46e48684ac7652b7,风晓天气,Mini Program,,,"中国气象局自研的国内首个天气智能体，集合科普视频解读、语音播报和趣味图文，阴晴雨雪一目了然。语音提问""明天带伞吗""秒回穿衣攻略+出行建议，暴雨台风实时弹窗预警并推送防灾指南。专业数据化身生活管家，真正实现""天气服务在手，刮风下雨不愁""。"
wxf3dddb911eaf2be8,风格转换器丨AI做图修图,Mini Program,,,手办生成、百变小萌宠、萌宠手办、证件照、Q版风格、吉卜力风格、二次元风格、史努比风格、动漫转换、AI绘画
wx9c7f32b0e0c51f94,风潮出行,Mini Program,,,提供景区出行服务
wx5a3d6bccdb2453a1,风行视频,Mini Program,,,风行网旗下，为大众提供最新最热最全的影视剧节目，涵盖电影、电视剧、综艺、少儿动漫等多类资源；海量高品质视频，看你想看。
wx5143cbaa2a9f392e,风速打单电商版,Mini Program,,,风速打单能完美实现客户与分销商之间的订单互联，让您轻松实现微商的电子面单打印。解决各种快递电子面单打印场景需求。
wxaef0a2cfde30c784,飞写小说,Mini Program,,,AI写作，AI小说，AI写大纲，AI写小说，番茄小说、番茄免费小说、盐言故事、有声小说、言情小说、爽文。可以一边读一边写的AI小说，互动小说，玄幻、重生、系统、科幻、宫斗、纯爱、耽美、悬疑小说。
wxe73d71b4ef71f7f5,飞嘀打车司机端北京,Mini Program,,,跑飞嘀，赚更多，提更快！
wxffadb1f4295839f5,飞图医疗,Mini Program,,,飞图医疗小程序是一款用于患者查阅放射检查的报告、胶片、影像等结果的应用
wx62d108f4358d3195,飞塑健身,Mini Program,,,24h共享自助健身
wx1c1b6e46a5b0cbab,飞常准查航班订机票,Mini Program,,,因为专业，更懂飞行。全球航班信息秒级更新，实时追踪飞机轨迹，延误提前知晓。还支持全球机票购买，更多可选维度，专业旅客之选，直营机票更放心。
wx433c6be0c0db6708,飞常准订机票火车票,Mini Program,,,飞常准官方订机票平台，提供机票信息查询服务，以及机票预订功能，航司官方合作服务有保障。
wx1eb2a892f08dade5,飞影跑步优选商城,Mini Program,,,中乔体育跑步优选商城
wx45fa1a9e36055fd3,飞机宠物商品集市,Mini Program,,,一家还可以的宠物店
wx701f04985fa3712f,飞机模拟器射击游戏,Mini Program,,,一款热血空战飞行射击游戏，多种多样的战斗机选择，全景模拟真实飞机大战，逼真炫酷的战斗场景，酣畅淋漓的空中对决！
wxb0d53ab0e98305a7,飞来电商,Mini Program,,,购物电商平台
wxba2a92075321482b,飞猪特价酒店火车票,Mini Program,,,订酒店、特价酒店、酒店预定、优惠酒店、闪购酒店、高星酒店、连锁酒店、民宿、小时房、酒店套餐、特价套餐、多晚连定，火车票查询、火车票预订、出行订高铁票，节日抢票，买特价火车票、打折火车票、火车票盲盒优惠券、上飞猪特价酒店火车票
wx6a96c49f29850eb5,飞猪订酒店机票火车租车门票,Mini Program,,,飞猪旅行提供酒店、机票、火车高铁票、门票、租车、巴士、民宿、签证、汽车票预订查询及景点旅游攻略。抢票开盲盒领优惠、去哪里旅游就上飞猪，携同出行，与您一程
wxdffcafeeda758fb2,飞琪国际象棋,Mini Program,,,国际象棋人工智能学习平台，提供国际象棋在线练习、联网比赛、局面分析、做题闯关等功能，有海量习题供大家练习。
wx98855927f731b96f,飞的香港打车,Mini Program,,,200万人信任5秒搭的士全港最平· 超过8万的士司机加入飞的车队· 飞的「估算车资」功能· 自动侦测 红的/绿的/蓝的 功能
wx3aee3dbb4528c8f0,飞米粒在线心理咨询,Mini Program,,,全国连锁加盟心理品牌飞米粒开发的在线心理咨询师平台，所有咨询师都经严格筛选，提供青少年心理，抑郁焦虑，婚姻家庭，情感恋爱，原生家庭等咨询。首次优惠价体验正规心理咨询，不满意可申请退款。飞米粒心理在全国多个城市拥有线下心理咨询室。
wx43e3e4f21325cc10,飞茄停车,Mini Program,,,飞茄技术专注于静态交通领域的产品研发，目前已形成路内路外一体化管理、运营、分析等一整套平台
wxf44fd35e5f9bb254,飞行食谱,Mini Program,,,飞行食谱
wxdd11862394ab37e7,飞路巴士企业版,Mini Program,,,为企业员工提供从家和公司往返的一站式直达巴士服务
wx94a1a55229c933ac,飞马打车,Mini Program,,,飞马打车
wx6aec8f1c57df8349,飞鸟自习室-圭塘地铁站店,Mini Program,,,飞鸟自习室-圭塘地铁站店
wx611ff5b72bcdfdd7,飞鸟闪聘企业端,Mini Program,,,办公工具
wx56f2fbeca181ce28,食亨餐饮中台,Mini Program,,,助力餐饮“小店大连锁”标准化、规模化扩张
wx72f748615fc0723a,食亨餐饮中台+,Mini Program,,,食亨智慧门店解决方案，轻松打通线上线下交易，实现交易，营销，运营的全链路数字化，为品牌经营赋能
wx023148c551d7433b,食刻美味菜谱,Mini Program,,,食刻美味菜谱是一款实用的美食菜谱应用，为你提供丰富的家常菜、早餐、汤粥、面食、小炒等美食做法，无论是日常三餐，还是周末下厨，都能快速找到喜欢的菜谱，详细展示食材、用量和烹饪步骤，操作清晰易懂，让做饭更加轻松，每天吃什么怎么做，都有更多选择！
wxb622cc30005792df,食堂有饭报餐管理,Mini Program,,,食堂报餐小程序，食堂管理系统，饭堂线上点餐/统计订餐/管理人员/餐补管理/财务报表/小卖部，公司/工厂/单位多主体类型可用
wx714f573ff68e0e68,食谱食养,Mini Program,,,威海365天不重样健康餐｜小学生元气早餐｜养生零食
wxf3c1bd866557e35c,食通天美食市集,Mini Program,,,「食通天」品牌正致力于成为全球定制化美食空间运营服务商。
wxb536a866111cf91c,食鲜小笺冰箱食材管理菜谱生成,Mini Program,,,食材管理，食材保质期提醒， 厨房食材记账， 冰箱保鲜记录， 冰箱库存， 冰箱管理。拍照识别食材、语音录入一键入库，智能生成菜谱推荐，轻松管理冰箱库存，让做饭更省心。
wx83dc9719faf98f79,餐厅美食家,Mini Program,,,餐厅美食家让你沉浸式体验经营配餐的乐趣，治愈解压又消磨时间，休闲闯关小游戏~
wx50151e239b75cfda,餐饮供应商助手,Mini Program,,,美团餐饮供应商助手小程序是餐饮商户跟其供应商采购业务协同的工具，供应商可用于接单、发货、对账结算；报价、商品管理。
wxea307ab4ad8a020a,餐饮圈Pro,Mini Program,,,北京阳光餐饮APP辅助小程序，用于北京地区餐饮企业完成日管控、周排查、月计划、非现场监管填报以及食品安全员的在线考核等功能。支持餐饮单位无问题一键填报、设置定期提醒等功能。
wxf77ae089307a6c67,饭团外卖,Mini Program,,,"海外中餐外卖平台现已覆盖加拿大、美国、澳洲、英国各大中城市. 熊猫外卖, 加拿大外卖,美国外卖,澳洲外卖,英国外卖,中餐"
wx61ce342062119a4f,饭安办公食堂,Mini Program,,,长食无忧，健康百年。使用始于1960年，240万人印证的国企健康安全保障体系。
wxfe0310531ff76304,饭桶电影票,Mini Program,,,全国特惠电影票优惠购买小程序，比淘票票猫眼美团便宜，最低价19.9元，大牌特价点餐3折起！
wx6a14c15a4ced2aca,饱饱龙英语启蒙,Mini Program,,,baobao龙（饱饱龙）一款英语启蒙工具，含音频、视频、电子书、点读书等多样内容。搭配学习笔，实现学习计划制定、测试及效果记录等功能，是孩子启蒙路上的好帮手！
wx1ca341c0fd7b3fe1,饿小美外卖,Mini Program,,,论吃货de自我修养
wx6bc2d5b358b12f82,馋嘴汇美食,Mini Program,,,专注进口欧美货十余年搜罗全球好货 源头直发
wxf63ce8b42c46a0cf,首信挂号,Mini Program,,,全国号源直连、AI智能导诊、亲情账户无忧挂，安全便捷的医疗挂号一站式平台。
wx30ba246ba2ae45a9,首播数字电商,Mini Program,,,首播数字电商小程序是纯私域合规购物平台，无分销无裂变。
wx978bb49b4d56de97,首旅如家云酒店预订如家派睿素诗,Mini Program,,,85折预订首旅如家旗下和颐、如家、莫泰、云品牌等4000+酒店，还送3倍积分和早餐
wx9b55c5a29bbe8ce0,首旅如家酒店集团,Mini Program,,,首旅如家酒店集团官方小程序。绑定首旅如家会员账号，即可快速订房、查询订单/积分/优惠券、畅享优惠活动！
wxd708d0ced3a7c17d,首汽约车丨打车出行神器,Mini Program,,,"首汽约车是专业安全的网约车打车软件。快车，专车,接送机,学生专车,预约用车等品质出行服务！新版助老模式上线!新人有88元打车礼包~"
wxe73e28a3173f7e73,首荟商城,Mini Program,,,首荟商城，守护您的健康！
wx7d850fd00a4973ba,首都医科大学三博脑科医院,Mini Program,,,三博是首都医科大学直属医院；其神经外科是国家临床重点专科；国家首批异地医保直付单位；北京市脑重大疾病研究院癫痫研究所。
wxbeaf2c08352896e7,首都医科大学宣武医院,Mini Program,,,"宣武医院挂号，宣武医院，宣武医院小程序,宣武医院公众号，宣武医院预约挂号，宣武医院app，宣武医院挂号平台，宣武医院神经内科预约"
wx8e76de8c75972352,首都医科大学附属北京天坛医院,Mini Program,,,预约挂号、报告查询、自助缴费等便民服务。
wxccbb66ef639e7295,首都医科大学附属北京潞河医院,Mini Program,,,互联网医院小程序，您的掌上健康管家。足不出户，优质医疗资源触手可及，让健康生活更便捷。
wx503489f05b99ae96,首都教育新地图,Mini Program,,,搭建起家长与老师、班主任、学校之间的沟通桥梁。依托教联体资源优势，推荐优质社会大课堂资源与活动，有效解决亲子育儿难题。
wxde9c0df99f4a0256,首都机场餐饮智慧办公,Mini Program,,,首都机场智慧办公
wxf91f35b0b7e3bc2b,首都电影院,Mini Program,,,首都电影院小程序涵盖购票、影讯、会员服务，周边商品、福利活动、订单查询等服务，全方位提供一站式观影超体验。
wx2f01352c46427ec3,香哈菜谱,Mini Program,,,每日更新早中晚推荐。精选家常菜，菜谱大全，美食做法，做饭技巧，养生知识。名厨教川菜湘菜粤菜东北菜，烘焙煲汤海鲜做法大全。
wxf7abee4c9306054c,香橙小咸蛋糕饮品店,Mini Program,,,线上销售各类综合烘焙食品
wx47a9bcd5a5cfda88,香港九龍深水埗金龍大藥房,Mini Program,,,香港金龍大藥房，RX，政府註冊藥劑師主理處方配藥，貨真價實，信譽可靠。環球西藥，精配處方，中西成藥，參茸海味，應有盡有。
wx4c6729bfca877dfa,香港仁心药房,Mini Program,,,专注特效药、保健食品
wxf592909be42081c5,香港科技大学广州丨科大Go,Mini Program,,,香港科技大学（广州）智慧校园官方小程序
wx2af52a5ced3fdfcc,馨微工具4,Mini Program,,,欢迎光临
wxc920b12725ff428e,马上到出行,Mini Program,,,马上出行，快人一步
wxd5a1c141e5f09883,马上金融,Mini Program,,,马上消费旗下官方产品，一站式为您提供安全正规分期借钱|贷款|借款等消费金融服务，最高授信额度20万元，年化利率7.2%-24%(单利)。正规持牌消费金融机构，为您提供借款服务。 马上借钱不用愁，零花钱、备用金、急用钱周转就上马上金融。
wx9c8f1c6f53859c96,马克水印相机,Mini Program,,,真实的时间地点水印拍照工具
wx3dc8b1e0038e00f3,马克相机拍摄,Mini Program,,,相机，马克相机，水印相机，经纬度，免费水印相机，时间地点不可改水印相机，经纬度相机，真伪水印相机，今日相机，实时定位相机，考勤定位相机，马克，mark相机，天气相机，真实相机
wxab6434068f9b8ea6,马克相机拍照,Mini Program,,,免费水印相机，马克相机，水印相机，相机，时间地点不可改水印相机，经纬度相机，真伪水印相机，今日相机，实时定位相机，考勤定位相机，马克，mark相机，天气相机，真实时间，印相机，相机拍照，时间相机，物业相机，工程相机，施工相机，打卡水印相机
wx8b0a55babf22033e,马六甲商城,Mini Program,,,马六甲商城欢迎您！
wx86d2d7c2d832b4ce,马历丨马拉松赛事日历地图报名,Mini Program,,,带你了解马拉松的魅力
wx3e85633ef6e7c9a1,马孔多跑步,Mini Program,,,马孔多跑步运动装备
wx7568263c81c891f8,马孔多跑步装备,Mini Program,,,跑步就穿马孔多，专业又有颜价比
wxfd9cb90b1973be63,马承英语学习,Mini Program,,,该小程序马承英语总部在线教育的一部分资源，包括课本朗读、语音评测、听力和笔试练习题和活动手册等教辅资料的音频资源。
wxd92efbcc75861af2,马杰讲数学思维,Mini Program,,,有深度有温度
wxf3b4b64efac38bad,马耳他旅游专家在线培训课程,Mini Program,,,马耳他旅游专家在线培训课程小程序旨在为中国旅业人员提供关于马耳他的最全旅业信息。
wx3779519cee1e2a9b,马静私房美食,Mini Program,,,全家人放心吃的健康美食
wx7c7490fb9c4c1b85,驰程出行,Mini Program,,,出差旅行，不用排队，无需等待，登陆“驰程出行”，一键购票，方便出行。
wxb4a15a088805b1fe,驴电宝企业版,Mini Program,,,充电桩小程序管理端，用于管理站点和所属设备信息。
wxb009455cabe2b8c6,驻马店市中心医院院内导航,Mini Program,,,驻马店市中心医院导航导诊，为患者提供精准的院内智能导航服务，实现动态导航的全流程智慧导诊，解决患者就诊找人找地方的难题。
wx13aeae3b7239ba4f,驻马店市政务服务,Mini Program,,,驻马店市政务服务中心预约办事小程序
wxfebe2167630e1a7b,驻马店每日新闻,Mini Program,,,每天为你推送最新、最有看点的本地新闻，视频、音频、图文全形态展现，时政、民生、文旅全内容展示！
wx67555e6b45c061cc,驼人医疗商城,Mini Program,,,驼人医疗商城小程序
wx3afcd5e1b5ac625c,驾校考试通,Mini Program,,,2026年驾考学车考驾照必备，驾校科目一科目四驾照模拟考试一点通。新规驾考题库，驾考知识点培训，驾驶员培训服务平台。提供学习内容：科目一精选500题、真人视频讲解、技巧口诀、考前密卷、科目四精选500题。包含车型：货车、摩托、课程、小车
wx0931ae6a5ff44967,驾考宝典企业版,Mini Program,,,"驾考宝典官方出品, 解决驾校 [招生难]、[成本高]、[无数据]三大痛点"
wx3822ab30835d6ef3,驾驶汽车火车,Mini Program,,,继模拟驾驶汽车后推出模拟驾驶火车小游戏，海量火车轨道大全需要你把火车调度运转起来，给你真实汽车质感的火车模拟器
wxedb77b3466d85a21,驾驾助学习,Mini Program,,,司机在线学习好帮手，满足道路运输企业安全教育、继续教育等多种培训需求
wxc67790cb58e6d1b8,驿停车,Mini Program,,,智慧停车，快乐出行
wxee74e7672088e545,驿停车助手,Mini Program,,,为驿停车提供车辆盘点等工作
wxafa0581d4b215d93,驿收发物料商城,Mini Program,,,驿收发物料商城是驿加易官方物料销售平台，致力于为驿站站长提供一站式的物料购买服务，商城有：智能设备、驿站耗材、定制工装等
wx87e79fa44345fcf3,驿电出行,Mini Program,,,电动单车和锂电池租赁
wx8d86a1ac526c147a,驿联汽车服务,Mini Program,,,客户在用户小程序发起维修预约。站点前台接收到预约信息并进行确认。客户入场后，站长委派维修工对客户的车辆进行维修。
wx0b7ff06125bf7f90,骏语科技,Mini Program,,,提供24小时自助无人打印服务，共享智慧生活
wxae3fde3a2a2c9c34,骑宜骑出行,Mini Program,,,骑宜骑让两轮出行更美好，骑宜骑科技集团是国内共享电单车软硬件解决方案研发投资经营一体化落地的先行者，标准化运营管理服务的开创者，专注高校+城市短途出行双重场景结合模式为用户提供全方位短途智慧出行服务综合体。
wx64b44be23b308b14,骑行跑步工具箱,Mini Program,,,跑步训练、骑行训练、配速计算器、心率区间、跑步打卡、骑行打卡、训练计划、运动日志、马拉松训练、骑行工具箱
wx7f6dfe606255bbfd,高劲的食谱,Mini Program,,,高劲的食谱，吃饱饱，瘦的更健康
wx5421f2ae9b8c66ff,高博健康,Mini Program,,,高博集团旗下就诊平台，致力于让就诊人得到最好的在线服务。
wxbc0cf9b963bd3550,高德打车丨出行出租拼车预约代驾,Mini Program,,,提供打车、出租车、拼车、代叫、接送机、代驾等出行服务。全网比价，车源多接驾快，一键叫车同时呼叫多家网约车服务商。出行更便宜更安全！
wxf0485151726bdae4,高德打车企业版,Mini Program,,,高德聚合全网合规网约车，为企业提供一键呼叫全网的打车服务，员工用车后，无需支付，无需线下报销。
wx0a8ff20cfeff7f32,高才优聘丨博硕人才求职招聘,Mini Program,,,高校人才网旗下专业高层次、高学历人才求职招聘平台
wxee981cd89cdf7a76,高新党校学习通,Mini Program,,,成都高新区党校管理和学习平台
wxed0119b93de98fcb,高新区易泊停车,Mini Program,,,石家庄高新区静态路内停车应用小程序，用于市民停车缴费和查找空泊位以及缴费电子发票的服务小程序。
wxddbaa610fe5b10b6,高新资产客户端,Mini Program,,,高新资产租赁、合同和账单查询、在线缴费
wx8e4be61ce6c670fa,高明薪连心人才市场招聘求职平台,Mini Program,,,佛山市薪连心人力资源，是在广东省佛山市高明区正规注册的专业从事人力资源综合服务的公司，主要为上市公司，国企事业单位。
wx73ec617ea0a6c8e8,高济健康Pro,Mini Program,,,查积分、享优惠、找药品、测健康、询药师，一切尽在高济健康
wxb74743ab691d07a0,高登学习,Mini Program,,,刷词刷题，保证学习质量
wxb0173de6992165dc,高途-让学习更美好,Mini Program,,,高途官方在线教育平台，全面覆盖小学、初中、高中、考研、考公、英语、雅思、留学全学习赛道，提供专业在线辅导、系统化培训、高清直播课、便捷 AI 搜题全维度学习解决方案。
wxf3a3a9668e2e0a33,高途AI同步学,Mini Program,,,一款与校内同步的AI智能学习产品，涵盖语英双科同步学，独创“听学读背练”五步学习法，学练一体，让孩子吃透教材；辅助多种AI学习工具，一站式解决孩子学习难题，助力孩子成长。
wxd13c63466324b2c9,高途AI班级管家学生端,Mini Program,,,【原：途途朗读】一款AI技术+内容驱动的学习小程序，免费提供课内读背、作文批改、主题打卡等多种任务提交及智能批改服务
wxd57d115ae6d16a76,高途AI英语,Mini Program,,,高途AI英语为孩子们提供丰富的英语学习体验，包括同步练、智能口语练习、情景式对话和英语游戏等，快速提升孩子英语水平。
wx6685b064a6b547f8,高途心理AI练习室,Mini Program,,,高途心理AI练习室，专注于助力心理咨询师完成倾听学习
wxdd5dd10da41a10f7,高途编程素养课,Mini Program,,,高途编程，真正适合中国孩子们学习的编程课！
wx6334fc0a18e06243,高速通行费电子发票,Mini Program,,,为移动支付缴纳高速通行费的用户，提供通行费电子发票的开票业务
wx2a9f0f5ed7b1392b,高铁管家,Mini Program,,,高铁管家官方小程序，提供火车票预订、春运抢票、正晚点以及列车时刻表等铁路出行服务。还可以通过“群出行”功能为多人出行快速规划行程、快速订票。
wx15701ec171053dfc,魔卫票务,Mini Program,,,魔卫电影提供优惠电影票一站式购票服务，低价福利多！
wx2ba0909815fcfe30,魔奇AI智学,Mini Program,,,该小程序用于收集使用者的兴趣学习数据报告，帮助其了解自身的亮点与进步。
wxb557cceff904c76e,魔方运动MoreFun,Mini Program,,,魔方运动官方平台，为用户提供各类运动健身场馆体验咨询、课程预约、积分兑换等服务。
wx33afaab959ff8461,魔点办公,Mini Program,,,魔点智能云平台小程序
wx4edbb73d6358f801,魔胴健康,Mini Program,,,喝魔胴，你需要一个最佳的指导教官。魔胴健康，帮你发挥魔胴咖啡最大的魔力，获得最好的健康与最美丽的身材。
wx81f2ce2d16d6bd17,魔量饮品商户,Mini Program,,,劲能饮品商户活动
wx4de6993aca8eb242,魔音去水印小程序,Mini Program,,,去水印配音助手，一键去水印免费工具，短视频去水印一键去除，配音工坊一键去水印 水印一键去除小助手
wx8f47ccd8f60f9fe1,鱼乐圈科技,Mini Program,,,鱼乐圈科技，一站式钓鱼生活服务平台
wx2be64304414be839,鱼凫停车,Mini Program,,,成都温江路面临时停车电子发票小程序
wxd705de6e4f88cc89,鱼吃鱼,Mini Program,,,大鱼吃小鱼，开启海底世界冒险！
wxf78559e885546648,鱼小小英语,Mini Program,,,小程序专为儿童打造的认知启蒙图片。包含动物、水果、交通工具等认知主题，丰富生动的图片可供搜索、查看、认知、学习。
wx7e616021cba42812,鱼无筝编程,Mini Program,,,鱼无筝编程，提供编程教程、项目源码、面试题库等学习资料，一次购买永久下载，助你高效提升编程能力。
wx2e0c4fafe2aa2e36,鱼泡建筑记工记账,Mini Program,,,鱼泡网记工记账，专为建筑工友打造，5000万工友信赖。3秒记工，支持记点工包工、记借支、班组多人记工，助您百忙不乱多赚钱。
wxf0592f234580da3e,鱼泡直聘丨招聘求职,Mini Program,,,鱼泡直聘：覆盖蓝白领全工种的一站式高效招聘找工作平台。
wxa6cc235c0fd8e7b4,鱼泡直聘丨求职招聘找工作,Mini Program,,,因为招白领免费！所以白领岗位多！
wx31a1c86a67bc6c54,鱼泡直聘招聘求职找工作,Mini Program,,,鱼泡直聘在线招聘求职找工作，覆盖小工、保安、保洁、焊工、司机、普工、水电工、外卖骑手等行业的招聘找工作信息，蓝领招聘求职找工作平台！
wx1f83a7b328b544a4,鱼泡直聘求职招聘,Mini Program,,,鱼泡直聘出品，快速制作专业简历。云端加密永久保存、免费专业模板、手机快速编辑、实时简历预览、便捷下载导出。
wxdd634f5e762fc96e,鱼泡网招聘求职,Mini Program,,,鱼泡直聘招聘求职，覆盖小工、保安、保洁、焊工、司机、普工、水电工、外卖骑手等行业的招聘找工作信息，蓝领招聘求职找工作平台
wxdce26482d6acb8f2,鱿鱼记账本,Mini Program,,,梦幻玩家专用记账本，五开必备工具！
wx045d7ed1de457309,鲁商生活,Mini Program,,,“银座云逛街”升级为“鲁商生活”，提供线上购物、本地生活等多种服务
wx4ac92131abda380d,鲁小班编程宝盒,Mini Program,,,提供乐高机器人编程课程高质量课件和图纸。
wx6fc716814644bbf4,鲁班AI助手,Mini Program,,,巧手鲁班，匠心独运。视频去字幕、视频去水印、图片去水印、视频提取文案、视频去重、人声分离、智能配音。
wxab068d19cfa0b572,鲁班到家企业版,Mini Program,,,鲁班到家专注家居到家服务，安装/维修/量尺/搬运/返货等一站式服务就到鲁班到家，平台提供家具、家电、锁、灯具、卫浴、窗帘、晾衣架、智能家居等数十个品类的到家配送安装维修服务。
wxdadc98b93b3bf57d,鲁腾出行,Mini Program,,,鲁腾出行
wxef11bcb5e136e2d2,鲜沐CRM,Mini Program,,,鲜沐CRM是“鲜沐农场”旗下负责客户管理的系统，主要服务于销售，帮助销售做决策，以提高跟进客户的效率
wxc154964b8495dda5,鲜范商城,Mini Program,,,鲜范商城致力于为顾客打造轻松、便捷的购物体验。不断探索更多新鲜有趣的事物，不断解锁更多会员福利。
wx0a0cb1599d9025ed,鲜风生活微会员,Mini Program,,,高品质|爱生活
wxefcfcb010b3afd09,鲜食阁菜谱,Mini Program,,,"鲜食阁菜谱,汇集家常家常菜、快手简餐、煲汤甜品、各地美食食谱；步骤清晰易懂"
wxcc93676e2530a9db,鲨鱼24h智能健身,Mini Program,,,"鲨鱼24h自助健身房，不推销,不打扰，可按次，可包月。"
wx6d5af84d354f6717,鲨鱼记账,Mini Program,,,3秒钟快速记账助手。这是一款专业的生活记账小程序，每天随手记下你的收支，掌控财务状况，它将成为你记账管家不可或缺的记账本
wx973000abfdd8b542,鲲鹏支付Globebill,Mini Program,,,鲲鹏支付Globebill
wx11f683413dd98054,鲸喜住丨高奢民宿酒店预订,Mini Program,,,『鲸喜住』是聚焦高奢乡野民宿&度假酒店预订的垂直平台，提供奢游度假丨团建会议丨派对活动等吃住行综合服务，每套房源严格品控，保证奢华品质、特色突出、一房一景。我们同时提供广告、短剧拍摄等场地租赁服务。
wx8d2ee94918b3a6c3,鲸弘医疗集团,Mini Program,,,鲸弘医疗小程序
wx5986e4cef7c26e0c,鲸易通,Mini Program,,,鲸易通支付平台是一个共享设备运营管理平台，支持多种支付渠道，适用于娃娃机、饮水机、充电桩、按摩椅、麻将机等各类共享设备。
wx126ac7ba94869e30,鲸饮品咖,Mini Program,,,营业时间 营业时间
wxccb91aeb0a714c92,鲸鱼潮玩娱乐,Mini Program,,,鲸鱼潮玩是一个集购物，社交，娱乐，兴趣爱好与一体的综合性平台
wx2a7e81866da38d6b,鳄鱼玩具儿童益智闯关游戏,Mini Program,,,鳄鱼拔牙游戏，不要被鳄鱼咬到手哦
wxea10fe1c555c066d,鸭嘴兽健身GYM,Mini Program,,,鸭嘴兽24小时健身中心线上预约平台
wx7af53044e50b4c0e,鸳央咖啡,Mini Program,,,西学东渐，咖啡中式。
wx838fdcc22c7d19fb,鸿停车,Mini Program,,,鸿停车缴费
wx8ba466ed7ead04a1,鸿南办公,Mini Program,,,鸿南办公，一款简洁高效、功能实用的企业管理平台。可以满足企业多个方面的管理需求，提高企业管理效率，降低企业运营成本。
wx908308afa3c4bb97,鸿星尔克跑步俱乐部,Mini Program,,,鸿星尔克跑者专属集结地，汇聚热爱，连接你我，共创跑步文化。每一步，都与尔克同行，共同践行“为国民运动而生”的品牌使命。
wx7505ee43cb2d2841,鸿羽服务,Mini Program,,,鸿羽服务系统集成食堂订餐、超市购物、请假申请、门禁管理和商城购物等服务，用户通过刷脸直接购买，方便用户在校园内的各种需求
wxe7227c02a227100d,鸿运今日天气,Mini Program,,,精准今日24小时天气预报，40天天气，历史天气数据，过去天气，空气质量和日历信息查询，为你提供多种参考，生活中的好帮手，值得你收藏
wx5db50167d6e90feb,鸿通好工具,Mini Program,,,小程序主要给用户提供一些网络小工具给他们免费使用，后续我们会增加更多的网络小工具给大家
wxbd2021f2bd3e59fd,鹅厂运动,Mini Program,,,鹅厂人自己的健康运动工具，走步、打卡、健康活动任你参与。让鹅们一起小习惯，大改变。
wx13a74d0d3ab0942e,鹅直播,Mini Program,,,鹅直播作为一款专业的开播工具，精准适配商品变现、私域电商运营、职业能力精进、及企业赋能等多元应用场景。
wxe8b8ada851aea20f,鹅票票-腾讯音乐官方票务平台,Mini Program,,,鹅票票倾情打造一站式购票平台!演唱会、音乐节、LIVEHOUSE、见面会等热门演出实时更新，购票快人一步
wx5d6eb41d4edebbc0,鹏之星游泳运动,Mini Program,,,鹏之星游泳培训中心，由奥运冠军吴鹏创建，专注于少儿游泳培训，致力于让每一个孩子学会游泳，减少溺水意外的发生。
wxdadf19d9eccd680d,鹏羽出行,Mini Program,,,111111
wx3f455894892e2988,鹏讯云商试饮品推广,Mini Program,,,东鹏饮料集团新品试饮活动小程序
wx030645bb1850708e,鹏财享,Mini Program,,,东鹏FSSC门户小程序
wx212c43145c192d28,鹏飞针织餐饮系统,Mini Program,,,浙江鹏飞针织有限公司官方小程序
wxa005e8f584928fbf,鹤壁裕隆电影城,Mini Program,,,电影在线选座购票、办理会员卡。
wxfe2ba74adc8dd07f,鹤聘丨招聘求职找工作,Mini Program,,,找好活上鹤聘，找人才上鹤聘
wx1f5dd648e4d2a9c8,鹤聘宝-鹤岗招聘求职,Mini Program,,,鹤聘宝-鹤岗招聘求职鹤岗本地招聘/鹤岗招聘信息/鹤岗求职/鹤岗找工作/鹤岗招聘求职/找工作就上鹤岗本地招聘！www.0468job.com
wx3c5f65ed2d7b4730,鹦鹉拿铁连锁24H健身,Mini Program,,,鹦鹉拿铁连锁健身房引领24小时高端自助健身潮流
wxf3b2aeae80f906df,鹰瞳眼健康,Mini Program,,,为青少年家长提供近视防控相关的科普资讯、视力检测、防控方案等服务。
wx88d253ee44496b51,鹿快聘丨招聘求职找工作,Mini Program,,,鹿泉本地找工作，招人才，就上鹿快聘！为每一个求职者提供优质的招聘信息，为每一家企业提供专业的招聘渠道！
wx87c325099aaa798f,鹿诚出行,Mini Program,,,鹿诚出行志在为区域内客户带来便利的出行方式，手机扫码即可轻松助力生活，为广大人民群众带来便利。
wxb61d20c291eaacc5,麒兰甜饮品Qilan,Mini Program,,,覆盖新中式茶饮、冰甜品、咖啡、奶茶等渠道所需的全线原物料，是四川乃至全国产品线最齐全的供应链公司。
wxd57e53b154059a53,麒鹏来充客户端,Mini Program,,,智能充电
wxbe4932f975a9e714,麒麟大口茶在线点单,Mini Program,,,麒麟大口茶与美团合作开发的在线点餐
wxc3f82bdb50bc7fd3,麟越求职报名表格,Mini Program,,,麟越医生，求职者在线填写报名表格 ；
wx45284306e6587891,麦乐多娱乐,Mini Program,,,提供在线预约功能，提前帮客户定好场地，为客户提供良好的娱乐环境
wx5ea76caedf62020d,麦山伴茶,Mini Program,,,麦山伴茶烘焙
wx25f982a55e60a540,麦当劳,Mini Program,,,麦当劳专注售卖汉堡包 薯条 炸鸡 咖啡等快餐食品。搜索 i麦当劳 i麦当劳点餐 i麦乐送 享受安全 快捷 贴心 24小时分秒必争的热爱！
wx2c9675578d432bee,麦德龙商城-Maidelong,Mini Program,,,麦德龙官方购物平台
wxb216ce8cefdf4d77,麦斯香餐饮,Mini Program,,,可快速点单，在线支付，领取优惠
wx25dd0c280a50b71e,麦瑞工具14,Mini Program,,,本小程序为快速预约配货工具，仅支持商品预约，用户可查看预约商品详情、历史预约信息。无支付功能，无社区互动、无用户评论板块仅提供单品预约、预约信息查询基础实用功能，方便用户快速预约商品、查询预约订单信息。
wx8fae585fcfecc477,麦芽纪摄影,Mini Program,,,不被定义少女，专为女生服务的团队！
wxc9b8033136b3a5e2,麦香剧场,Mini Program,,,小程序提供优质的热门短剧，天天上新，惊爆剧情高能来袭~
wxe2561143581b2403,麻云科技管理后台,Mini Program,,,麻云科技管理后台
wx9be62f8bb91b02c7,麻利友 丨 喜小雀娱乐共享空间,Mini Program,,,提供棋牌室在线预约功能，支持线上支付，支持线上控制线下设备，支持卡券购买和余额充值，为您提供良好的棋牌环境。
wxbc4d62c7f48c8245,麻动力智慧娱乐空间,Mini Program,,,提供24小时线上自主预约功能
wxb98e3256a78966b5,麻友社商户管理端,Mini Program,,,麻友社商户管理端
wx50aa3d64ce405d24,麻四方娱乐,Mini Program,,,无人棋牌娱乐，无人桌球
wxaf059cd3605f92d6,麻将运动考级,Mini Program,,,麻将考级官方小程序“智力运动考级”已升级，隶属于麻将运动技术等级评定中心和麻将运动竞赛训练中心。
wxe28a59f29b99cdf7,麻瓜阅读,Mini Program,,,每天分享精彩内容，传递生活正能量！
wx514cc6440e8e89c7,黄商移动办公,Mini Program,,,主要用于黄商集团门店对业务的处理
wxd798c5105ab7f881,黄婷Elena的直播橱窗,Mini Program,,,欢迎光临黄婷Elena的直播橱窗
wx22eb035a037f579a,黄山旅游官方平台,Mini Program,,,黄山旅游官方平台为游客提供旅游咨询、门票、酒店、套餐、租车、导游在线预订等一站式服务
wx039d8a1e93367efe,黄州区干部实绩档案纪实小程序,Mini Program,,,记录黄州区区管干部工作实绩情况
wx191ccf9db5572fa3,黄村乡水资源保护绩效小程序,Mini Program,,,针对水质采样、环境监管存在的困难，应用通过水质传感器、监控、喇叭场景，依托数字化技术，从而提高黄村乡自然水质的监管成效。
wxe5c562447285a1ec,黄江社卫支付,Mini Program,,,本单位是社卫中心，小程序主要应用于患者看完病后进行线上的移动支付。
wx66d20f16808a9286,黄河交通学院招生办,Mini Program,,,黄河交通学院招生咨询和就业指导
wxec117921b7000cb1,黄河农商银行,Mini Program,,,为您提供网点查询预约、排队取号、视频银行等金融服务
wx4fabfb948055c90f,黄浦科创集团产业管理平台客户端,Mini Program,,,黄浦科创产业园
wx94aef33a83b140ce,黄田实验学校学生餐管理,Mini Program,,,黄田实验学校学生午餐管理系统
wx45549933c9f8f86f,黄石市住房公积金中心,Mini Program,,,黄石市住房公积金中心网上业务服务
wx2c0617b7add24298,黄金列车,Mini Program,,,火车一响，黄金万两
wx7565b67d4d5d7684,黄龙票务中心,Mini Program,,,黄龙体育中心官方指定小程序，专业的赛事演出票务平台！演唱会、话剧歌剧、休闲展览、体育赛事，应有尽有！
wx1ff15d5e33b3f8ad,黑河港票务系统,Mini Program,,,黑河港务局位于黑河市西部，与俄布市航程仅8公里，是黑龙江沿岸开放港口。具备完善的供给系统、调度指挥系统、安全应急系统。
wxdd07c5b2b78d002e,黑猫票务演出,Mini Program,,,专注景点门票、演出演艺、餐饮美食、亲子玩乐的特价分享平台。
wxfecbd616ec16d429,黑蚊运动,Mini Program,,,贵州首家以篮球为核心的运动公园，为你打造集运动、休闲、娱乐、社交于一体的年轻潮流运动体验中心。
wxd0e546db3ef0b26d,黑豆下午茶饮品,Mini Program,,,黑豆烘焙小程序
wx299da64f99662e56,黑金饮品店,Mini Program,,,点单平台
wx0646f495e7cdeed5,黑龙江省学生健康服务管理,Mini Program,,,家校社协同，共同守护校园安全
wx1f671c51798427cf,黑龙江省森工林区住房公积金,Mini Program,,,黑龙江省森工林区住房公积金管理中心官方账号
wx9e024e9fdfdfd7e2,黑龙江税务社保缴费,Mini Program,,,用于灵活自然人及城乡居民缴纳社保费
wx52198bf1e64b164e,黑龙江艺星医疗美容医院官方商城,Mini Program,,,黑龙江艺星医疗美容医院官方小程序账号
wx951c03bec5bea9d2,黔易行旅游 景区直通车,Mini Program,,,贵州景区直通车 黔易行旅游 黔游直通车 贵州本地在线旅游平台，提供景区直通车线路100+、门票预定、一日游、私家团、定制游等一站式出行服务！
wx437d8e1c09a84d44,黔江区君绅金融纠纷调解中心,Mini Program,,,黔江区君绅金融纠纷调解中心旨在提供便捷高效的渠道，包括调解沟通、协议线上签署等操作，让当事人体会足不出户处理纠纷的科技感
wxb820d1e4d04ec273,黔西南州人民医院协同办公,Mini Program,,,黔西南州人民医院协同办公小程序
wx5a102f6cb79c2882,鼎伴学智能英语,Mini Program,,,智能教育 高效提升
wx731bbae66b27284f,鼎新求职找工作-威海招聘会,Mini Program,,,鼎新人才市场，定期组织招聘会！企业直招、与企业面对面咨询面试，专注服务威海本地企业！
wxed1127fa8a0fc503,齐鲁云采客户端,Mini Program,,,山东省公共资源交易平台齐鲁云采移动客户端
wx65ebd98106ea8114,齐鲁人才网一山东求职招聘找工作,Mini Program,,,齐鲁人才网是地区权威的专业求职招聘网站，涵盖山东人才、山东招聘、山东直聘、山东找工作、山东招聘会、山东招聘信息、山东猎头、齐鲁招聘、齐鲁直聘、提供山东求职、山东找工作等最新招聘信息！
wx4a7404724e688cb4,齐鲁干细胞电子签约企业版,Mini Program,,,山东省齐鲁干细胞工程有限公司电子签约系统一线工作人员
wx2e9181f0ced1e4f2,齐齐哈尔市住房公积金管理中心,Mini Program,,,齐齐哈尔市住房公积金管理中心官方小程序，提供公积金缴存、提取、贷款查询、业务预约、线上办理、政策科普等一站式掌上服务。
wx9cb94f6c6375b950,齐齐直播,Mini Program,,,从御姐到萌妹、从型男到靓仔，风格百变，颜值爆表。实力唱将现场献唱，劲歌热舞嗨翻天。给你全方位、24小时不打烊
wx409f3898ea813d0a,龙之梦购物中心,Mini Program,,,龙之梦购物中心会员小程序
wxf488f66b92959875,龙光服务停车,Mini Program,,,为车主提供停车费在线支付、月租车在线延期、账号发票等服务得应用
wx46d0904ad832a767,龙华区第二外国语学校学生餐,Mini Program,,,用于学校学生家长线上订餐、线下订餐配餐配送。
wx9674a44c52d4e71a,龙口市妇幼保健院诊间支付,Mini Program,,,龙口市妇幼保健院诊间支付小程序
wx56b4791cbfac0b63,龙口市心理康复医院预约挂号,Mini Program,,,龙口心理康复医院
wx820f3befe67de264,龙学在线综合服务平台,Mini Program,,,面向省内教育部门、中小学校、师生家长打造的一体化校园综合服务载体，为全省教育系统提供高效、便捷、统一的数字化服务支撑。
wxffa4bb097c1a7384,龙岗中心医院智能导航,Mini Program,,,龙岗中心医院院内导航应用
wxcb11dcba13fe0e39,龙岗儿童公园,Mini Program,,,龙岗儿童公园官方服务平台
wx3d2e6845f76fe4ca,龙岗视频门禁,Mini Program,,,运用“互联网+”和有线传输技术，采用新型智能化设备，新建和改造视频门禁系统；
wx054efa1ff2f84bb0,龙岩公积金,Mini Program,,,用于龙岩本地公积金各项业务服务
wx8fe75e825e982f17,龙岩市教育公共服务平台智慧校园,Mini Program,,,龙岩市教育公共服务平台智慧校园
wx7118ac2d7808c446,龙惠鲜餐饮,Mini Program,,,通过消费记录查询、人脸信息上传、信息维护和食堂用餐建议等核心功能，全面提升就餐效率与数据管理能力
wxbe5870c9d3e08bee,龙易聘丨龙口招聘求职平台,Mini Program,,,龙易聘丨龙口本地招聘求职平台，龙易聘|招聘求职更容易！ 龙口人才网|龙口招聘网|龙口找工作|龙口求职网，涵盖：黄城招聘|东城区招聘|西城区招聘|南山招聘|东海招聘
wxb0addebc0ce8a9d0,龙源旅游客运平台,Mini Program,,,主营范围：道路旅客运输，汽车租赁，道路货运，二手车买卖，车辆手续代办，汽车配件及汽车用品销售。
wx8d799c7ca3ce5900,龙猫电影票,Mini Program,,,热映电影在线选座特惠购票。
wx93bc7287776ce3e3,龙盛办公,Mini Program,,,龙盛置地写字楼会员系统
wx48ec3e27d4261d7a,龙票电影,Mini Program,,,聚合电影、视频权益、小食饮品、团购到店、品牌外送等全场景权益资源，覆盖吃、喝、玩、乐、购五大消费场景。
wx64e6bd83529ee003,龙翔航旅 国际机票,Mini Program,,,您的一站式出行预定平台，国内，国际机票，火车票，酒店，企业差旅管理，签证服务。全天24小时售后服务团队，保障您的旅程顺畅。
wx746c0449ca51ff73,龟兔哥教育,Mini Program,,,龟兔教育从事医考类培训，学历提升，个人成长，新媒体变现研究等服务；用结果说话，即使我们的目标，也是选择龟兔价值的体现。
wx628fb148340019c5,龟斯的风光摄影助手,Mini Program,,,摄影工具集，获得最佳拍摄时间、月相、银河起落，提供曝光计算、光绘笔、天气预报和潮汐查询等实用功能，帮助摄影师轻松安排拍摄计划
